/* Auto-generated by gen_replay.py - do not edit. */
#include "replay.h"

const uint8_t replay_blob[88660] = {
	0x00,0x00,0x00,0x00,0x00,0x00,0x00,0x00,0x00,0x00,0x00,0x00,0x00,0x00,0x00,0x00,
	0x00,0x00,0x00,0x00,0x00,0x00,0x00,0x00,0x00,0x00,0x00,0x00,0x00,0x00,0x00,0x00,
	0x00,0x00,0x00,0x00,0x00,0x00,0x00,0x00,0x00,0x01,0x00,0x00,0x00,0x00,0x00,0x00,
	0x00,0x00,0x00,0x00,0x00,0x00,0x00,0x00,0x00,0x00,0x00,0x00,0x00,0x00,0x00,0x00,
	0x00,0x00,0x00,0x00,0x00,0x00,0x00,0x00,0x00,0x00,0x00,0x00,0x00,0x00,0x00,0x00,
	0x00,0x00,0x00,0x00,0x00,0x00,0x00,0x00,0x00,0x00,0x00,0x00,0x00,0x00,0x00,0x00,
	0x00,0x00,0x00,0x00,0x00,0x00,0x00,0x00,0x00,0x01,0x00,0x00,0x00,0x00,0x00,0x00,
	0x00,0x00,0x00,0x00,0x00,0x00,0x00,0x00,0x00,0x00,0x00,0x00,0x00,0x00,0x00,0x00,
	0x00,0x00,0x00,0x00,0x00,0x00,0x00,0x00,0x00,0x00,0x00,0x00,0x00,0x00,0x00,0x00,
	0x00,0x00,0x00,0x00,0x00,0x00,0x00,0x00,0x00,0x00,0x00,0x00,0x00,0x00,0x00,0x00,
	0x00,0x00,0x00,0x00,0x00,0x00,0x00,0x00,0x03,0x02,0x00,0x00,0x00,0x00,0x00,0x00,
	0x00,0x00,0x00,0x00,0x00,0x00,0x00,0x00,0x00,0x00,0x00,0x00,0x00,0x00,0x00,0x00,
	0x12,0x41,0x00,0x01,0x00,0x00,0x00,0x00,0x00,0x00,0x00,0x00,0x00,0x00,0x00,0x00,
	0x00,0x00,0x00,0x00,0x00,0x00,0x00,0x00,0x00,0x00,0x00,0x00,0x04,0x2f,0xe5,0xdc,
	0xdb,0xfe,0x2b,0x9d,0x4f,0xa6,0x88,0x2c,0xac,0x8f,0x1a,0x6f,0xa5,0x5f,0xec,0x7a,
	0xf9,0x9c,0xc2,0xe2,0x84,0xec,0x75,0x1c,0x6f,0xa9,0x1f,0xe4,0x2e,0xf1,0x16,0xf9,
	0x79,0x18,0xcb,0x3f,0xb2,0x9b,0xa7,0x23,0x41,0xd9,0x7d,0x08,0x4e,0x39,0xd3,0x51,
	0x61,0xe6,0x8b,0xf4,0xe2,0xfb,0xdf,0x71,0xc7,0x5b,0x21,0xf8,0x00,0x00,0x00,0x40,
	0x00,0x00,0x00,0x00,0x00,0x00,0x00,0x00,0x00,0x00,0x00,0x00,0x00,0x00,0x00,0x00,
	0x00,0x00,0x00,0x00,0x00,0x00,0x00,0x00,0x00,0x00,0x00,0x00,0x00,0x00,0x00,0x00,
	0x00,0x00,0x00,0x00,0x04,0x02,0x00,0x00,0x00,0x00,0x00,0x00,0x00,0x00,0x00,0x00,
	0x00,0x00,0x00,0x00,0x00,0x00,0x00,0x00,0x00,0x00,0x00,0x00,0x00,0x00,0x00,0x00,
	0x00,0x00,0x00,0x00,0x00,0x00,0x00,0x00,0x00,0x00,0x00,0x00,0x00,0x00,0x00,0x00,
	0x00,0x00,0x00,0x00,0x00,0x00,0x00,0x00,0x00,0x00,0x00,0x00,0x00,0x00,0x00,0x00,
	0x00,0x00,0x00,0x00,0x04,0x02,0x00,0x00,0x00,0x00,0x00,0x00,0x00,0x00,0x00,0x00,
	0x00,0x00,0x00,0x00,0x00,0x00,0x00,0x00,0x00,0x00,0x00,0x00,0x00,0x00,0x00,0x00,
	0x00,0x00,0x00,0x00,0x00,0x00,0x00,0x00,0x00,0x00,0x00,0x00,0x00,0x00,0x00,0x00,
	0x00,0x00,0x00,0x00,0x00,0x00,0x00,0x00,0x00,0x00,0x00,0x00,0x00,0x00,0x00,0x00,
	0x00,0x00,0x00,0x00,0x00,0x01,0x00,0x00,0x00,0x00,0x00,0x00,0x00,0x00,0x00,0x00,
	0x00,0x00,0x00,0x00,0x00,0x00,0x00,0x00,0x00,0x00,0x00,0x00,0x00,0x00,0x00,0x00,
	0x00,0x00,0x00,0x00,0x00,0x00,0x00,0x00,0x00,0x00,0x00,0x00,0x00,0x00,0x00,0x00,
	0x00,0x00,0x00,0x00,0x00,0x00,0x00,0x00,0x00,0x00,0x00,0x00,0x00,0x00,0x00,0x00,
	0x00,0x00,0x00,0x00,0x00,0x01,0x00,0x00,0x00,0x00,0x00,0x00,0x00,0x00,0x00,0x00,
	0x00,0x00,0x00,0x00,0x00,0x00,0x00,0x00,0x00,0x00,0x00,0x00,0x00,0x00,0x00,0x00,
	0x00,0x00,0x00,0x00,0x00,0x00,0x00,0x00,0x00,0x00,0x00,0x00,0x00,0x00,0x00,0x00,
	0x00,0x00,0x00,0x00,0x00,0x00,0x00,0x00,0x00,0x00,0x00,0x00,0x00,0x00,0x00,0x00,
	0x00,0x00,0x00,0x00,0x00,0x01,0x00,0x00,0x00,0x00,0x00,0x00,0x00,0x00,0x00,0x00,
	0x00,0x00,0x00,0x00,0x00,0x00,0x00,0x00,0x00,0x00,0x00,0x00,0x00,0x00,0x00,0x00,
	0x00,0x00,0x00,0x00,0x00,0x00,0x00,0x00,0x00,0x00,0x00,0x00,0x00,0x00,0x00,0x00,
	0x00,0x00,0x00,0x00,0x00,0x00,0x00,0x00,0x00,0x00,0x00,0x00,0x00,0x00,0x00,0x00,
	0x00,0x00,0x00,0x00,0x00,0x01,0x00,0x00,0x00,0x00,0x00,0x00,0x00,0x00,0x00,0x00,
	0x00,0x00,0x00,0x00,0x00,0x00,0x00,0x00,0x00,0x00,0x00,0x00,0x00,0x00,0x00,0x00,
	0x00,0x00,0x00,0x00,0x00,0x00,0x00,0x00,0x00,0x00,0x00,0x00,0x00,0x00,0x00,0x00,
	0x00,0x00,0x00,0x00,0x00,0x00,0x00,0x00,0x00,0x00,0x00,0x00,0x00,0x00,0x00,0x00,
	0x00,0x00,0x00,0x00,0x03,0x02,0x00,0x00,0x00,0x00,0x00,0x00,0x00,0x00,0x00,0x00,
	0x00,0x00,0x00,0x00,0x00,0x00,0x00,0x00,0x00,0x00,0x00,0x00,0x12,0x41,0x00,0x01,
	0x00,0x00,0x00,0x00,0x00,0x00,0x00,0x00,0x00,0x00,0x00,0x00,0x00,0x00,0x00,0x00,
	0x00,0x00,0x00,0x00,0x00,0x00,0x00,0x00,0x04,0x2f,0xe5,0xdc,0xdb,0xfe,0x2b,0x9d,
	0x4f,0xa6,0x88,0x2c,0xac,0x8f,0x1a,0x6f,0xa5,0x5f,0xec,0x7a,0xf9,0x9c,0xc2,0xe2,
	0x84,0xec,0x75,0x1c,0x6f,0xa9,0x1f,0xe4,0x2e,0xf1,0x16,0xf9,0x79,0x18,0xcb,0x3f,
	0xb2,0x9b,0xa7,0x23,0x41,0xd9,0x7d,0x08,0x4e,0x39,0xd3,0x51,0x61,0xe6,0x8b,0xf4,
	0xe2,0xfb,0xdf,0x71,0xc7,0x5b,0x21,0xf8,0x00,0x00,0x00,0x40,0x00,0x00,0x00,0x00,
	0x00,0x00,0x00,0x00,0x00,0x00,0x00,0x00,0x00,0x00,0x00,0x00,0x00,0x00,0x00,0x00,
	0x00,0x00,0x00,0x00,0x00,0x00,0x00,0x00,0x00,0x00,0x00,0x00,0x00,0x00,0x00,0x00,
	0x04,0x02,0x00,0x00,0x00,0x00,0x00,0x00,0x00,0x00,0x00,0x00,0x00,0x00,0x00,0x00,
	0x00,0x00,0x00,0x00,0x00,0x00,0x00,0x00,0x00,0x00,0x00,0x00,0x00,0x00,0x00,0x00,
	0x00,0x00,0x00,0x00,0x00,0x00,0x00,0x00,0x00,0x00,0x00,0x00,0x00,0x00,0x00,0x00,
	0x00,0x00,0x00,0x00,0x00,0x00,0x00,0x00,0x00,0x00,0x00,0x00,0x00,0x00,0x00,0x00,
	0x04,0x02,0x00,0x00,0x00,0x00,0x00,0x00,0x00,0x00,0x00,0x00,0x00,0x00,0x00,0x00,
	0x00,0x00,0x00,0x00,0x00,0x00,0x00,0x00,0x00,0x00,0x00,0x00,0x00,0x00,0x00,0x00,
	0x00,0x00,0x00,0x00,0x00,0x00,0x00,0x00,0x00,0x00,0x00,0x00,0x00,0x00,0x00,0x00,
	0x00,0x00,0x00,0x00,0x00,0x00,0x00,0x00,0x00,0x00,0x00,0x00,0x00,0x00,0x00,0x00,
	0x00,0x01,0x00,0x00,0x00,0x00,0x00,0x00,0x00,0x00,0x00,0x00,0x00,0x00,0x00,0x00,
	0x00,0x00,0x00,0x00,0x00,0x00,0x00,0x00,0x00,0x00,0x00,0x00,0x00,0x00,0x00,0x00,
	0x00,0x00,0x00,0x00,0x00,0x00,0x00,0x00,0x00,0x00,0x00,0x00,0x00,0x00,0x00,0x00,
	0x00,0x00,0x00,0x00,0x00,0x00,0x00,0x00,0x00,0x00,0x00,0x00,0x00,0x00,0x00,0x00,
	0x00,0x01,0x00,0x00,0x00,0x00,0x00,0x00,0x00,0x00,0x00,0x00,0x00,0x00,0x00,0x00,
	0x00,0x00,0x00,0x00,0x00,0x00,0x00,0x00,0x00,0x00,0x00,0x00,0x00,0x00,0x00,0x00,
	0x00,0x00,0x00,0x00,0x00,0x00,0x00,0x00,0x00,0x00,0x00,0x00,0x00,0x00,0x00,0x00,
	0x00,0x00,0x00,0x00,0x00,0x00,0x00,0x00,0x00,0x00,0x00,0x00,0x00,0x00,0x00,0x00,
	0x00,0x01,0x00,0x00,0x00,0x00,0x00,0x00,0x00,0x00,0x00,0x00,0x00,0x00,0x00,0x00,
	0x00,0x00,0x00,0x00,0x00,0x00,0x00,0x00,0x00,0x00,0x00,0x00,0x00,0x00,0x00,0x00,
	0x00,0x00,0x00,0x00,0x00,0x00,0x00,0x00,0x00,0x00,0x00,0x00,0x00,0x00,0x00,0x00,
	0x00,0x00,0x00,0x00,0x00,0x00,0x00,0x00,0x00,0x00,0x00,0x00,0x00,0x00,0x00,0x00,
	0x00,0x01,0x00,0x00,0x00,0x00,0x00,0x00,0x00,0x00,0x00,0x00,0x00,0x00,0x00,0x00,
	0x00,0x00,0x00,0x00,0x00,0x00,0x00,0x00,0x00,0x00,0x00,0x00,0x00,0x00,0x00,0x00,
	0x00,0x00,0x00,0x00,0x00,0x00,0x00,0x00,0x00,0x00,0x00,0x00,0x00,0x00,0x00,0x00,
	0x00,0x00,0x00,0x00,0x00,0x00,0x00,0x00,0x00,0x00,0x00,0x00,0x00,0x00,0x00,0x00,
	0x03,0x02,0x00,0x00,0x00,0x00,0x00,0x00,0x00,0x00,0x00,0x00,0x00,0x00,0x00,0x00,
	0x00,0x00,0x00,0x00,0x00,0x00,0x00,0x00,0x12,0x41,0x00,0x01,0x00,0x00,0x00,0x00,
	0x00,0x00,0x00,0x00,0x00,0x00,0x00,0x00,0x00,0x00,0x00,0x00,0x00,0x00,0x00,0x00,
	0x00,0x00,0x00,0x00,0x04,0x2f,0xe5,0xdc,0xdb,0xfe,0x2b,0x9d,0x4f,0xa6,0x88,0x2c,
	0xac,0x8f,0x1a,0x6f,0xa5,0x5f,0xec,0x7a,0xf9,0x9c,0xc2,0xe2,0x84,0xec,0x75,0x1c,
	0x6f,0xa9,0x1f,0xe4,0x2e,0xf1,0x16,0xf9,0x79,0x18,0xcb,0x3f,0xb2,0x9b,0xa7,0x23,
	0x41,0xd9,0x7d,0x08,0x4e,0x39,0xd3,0x51,0x61,0xe6,0x8b,0xf4,0xe2,0xfb,0xdf,0x71,
	0xc7,0x5b,0x21,0xf8,0x00,0x00,0x00,0x40,0x00,0x00,0x00,0x00,0x00,0x00,0x00,0x00,
	0x00,0x00,0x00,0x00,0x00,0x00,0x00,0x00,0x00,0x00,0x00,0x00,0x00,0x00,0x00,0x00,
	0x00,0x00,0x00,0x00,0x00,0x00,0x00,0x00,0x00,0x00,0x00,0x00,0x04,0x02,0x00,0x00,
	0x00,0x00,0x00,0x00,0x00,0x00,0x00,0x00,0x00,0x00,0x00,0x00,0x00,0x00,0x00,0x00,
	0x00,0x00,0x00,0x00,0x00,0x00,0x00,0x00,0x00,0x00,0x00,0x00,0x00,0x00,0x00,0x00,
	0x00,0x00,0x00,0x00,0x00,0x00,0x00,0x00,0x00,0x00,0x00,0x00,0x00,0x00,0x00,0x00,
	0x00,0x00,0x00,0x00,0x00,0x00,0x00,0x00,0x00,0x00,0x00,0x00,0x04,0x02,0x00,0x00,
	0x00,0x00,0x00,0x00,0x00,0x00,0x00,0x00,0x00,0x00,0x00,0x00,0x00,0x00,0x00,0x00,
	0x00,0x00,0x00,0x00,0x00,0x00,0x00,0x00,0x00,0x00,0x00,0x00,0x00,0x00,0x00,0x00,
	0x00,0x00,0x00,0x00,0x00,0x00,0x00,0x00,0x00,0x00,0x00,0x00,0x00,0x00,0x00,0x00,
	0x00,0x00,0x00,0x00,0x00,0x00,0x00,0x00,0x00,0x00,0x00,0x00,0x00,0x01,0x00,0x00,
	0x00,0x00,0x00,0x00,0x00,0x00,0x00,0x00,0x00,0x00,0x00,0x00,0x00,0x00,0x00,0x00,
	0x00,0x00,0x00,0x00,0x00,0x00,0x00,0x00,0x00,0x00,0x00,0x00,0x00,0x00,0x00,0x00,
	0x00,0x00,0x00,0x00,0x00,0x00,0x00,0x00,0x00,0x00,0x00,0x00,0x00,0x00,0x00,0x00,
	0x00,0x00,0x00,0x00,0x00,0x00,0x00,0x00,0x00,0x00,0x00,0x00,0x00,0x01,0x00,0x00,
	0x00,0x00,0x00,0x00,0x00,0x00,0x00,0x00,0x00,0x00,0x00,0x00,0x00,0x00,0x00,0x00,
	0x00,0x00,0x00,0x00,0x00,0x00,0x00,0x00,0x00,0x00,0x00,0x00,0x00,0x00,0x00,0x00,
	0x00,0x00,0x00,0x00,0x00,0x00,0x00,0x00,0x00,0x00,0x00,0x00,0x00,0x00,0x00,0x00,
	0x00,0x00,0x00,0x00,0x00,0x00,0x00,0x00,0x00,0x00,0x00,0x00,0x00,0x01,0x00,0x00,
	0x00,0x00,0x00,0x00,0x00,0x00,0x00,0x00,0x00,0x00,0x00,0x00,0x00,0x00,0x00,0x00,
	0x00,0x00,0x00,0x00,0x00,0x00,0x00,0x00,0x00,0x00,0x00,0x00,0x00,0x00,0x00,0x00,
	0x00,0x00,0x00,0x00,0x00,0x00,0x00,0x00,0x00,0x00,0x00,0x00,0x00,0x00,0x00,0x00,
	0x00,0x00,0x00,0x00,0x00,0x00,0x00,0x00,0x00,0x00,0x00,0x00,0x00,0x01,0x00,0x00,
	0x00,0x00,0x00,0x00,0x00,0x00,0x00,0x00,0x00,0x00,0x00,0x00,0x00,0x00,0x00,0x00,
	0x00,0x00,0x00,0x00,0x00,0x00,0x00,0x00,0x00,0x00,0x00,0x00,0x00,0x00,0x00,0x00,
	0x00,0x00,0x00,0x00,0x00,0x00,0x00,0x00,0x00,0x00,0x00,0x00,0x00,0x00,0x00,0x00,
	0x00,0x00,0x00,0x00,0x00,0x00,0x00,0x00,0x00,0x00,0x00,0x00,0x03,0x02,0x00,0x00,
	0x00,0x00,0x00,0x00,0x00,0x00,0x00,0x00,0x00,0x00,0x00,0x00,0x00,0x00,0x00,0x00,
	0x00,0x00,0x00,0x00,0x12,0x41,0x00,0x01,0x00,0x00,0x00,0x00,0x00,0x00,0x00,0x00,
	0x00,0x00,0x00,0x00,0x00,0x00,0x00,0x00,0x00,0x00,0x00,0x00,0x00,0x00,0x00,0x00,
	0x04,0x2f,0xe5,0xdc,0xdb,0xfe,0x2b,0x9d,0x4f,0xa6,0x88,0x2c,0xac,0x8f,0x1a,0x6f,
	0xa5,0x5f,0xec,0x7a,0xf9,0x9c,0xc2,0xe2,0x84,0xec,0x75,0x1c,0x6f,0xa9,0x1f,0xe4,
	0x2e,0xf1,0x16,0xf9,0x79,0x18,0xcb,0x3f,0xb2,0x9b,0xa7,0x23,0x41,0xd9,0x7d,0x08,
	0x4e,0x39,0xd3,0x51,0x61,0xe6,0x8b,0xf4,0xe2,0xfb,0xdf,0x71,0xc7,0x5b,0x21,0xf8,
	0x00,0x00,0x00,0x40,0x00,0x00,0x00,0x00,0x00,0x00,0x00,0x00,0x00,0x00,0x00,0x00,
	0x00,0x00,0x00,0x00,0x00,0x00,0x00,0x00,0x00,0x00,0x00,0x00,0x00,0x00,0x00,0x00,
	0x00,0x00,0x00,0x00,0x00,0x00,0x00,0x00,0x04,0x02,0x00,0x00,0x00,0x00,0x00,0x00,
	0x00,0x00,0x00,0x00,0x00,0x00,0x00,0x00,0x00,0x00,0x00,0x00,0x00,0x00,0x00,0x00,
	0x00,0x00,0x00,0x00,0x00,0x00,0x00,0x00,0x00,0x00,0x00,0x00,0x00,0x00,0x00,0x00,
	0x00,0x00,0x00,0x00,0x00,0x00,0x00,0x00,0x00,0x00,0x00,0x00,0x00,0x00,0x00,0x00,
	0x00,0x00,0x00,0x00,0x00,0x00,0x00,0x00,0x04,0x02,0x00,0x00,0x00,0x00,0x00,0x00,
	0x00,0x00,0x00,0x00,0x00,0x00,0x00,0x00,0x00,0x00,0x00,0x00,0x00,0x00,0x00,0x00,
	0x00,0x00,0x00,0x00,0x00,0x00,0x00,0x00,0x00,0x00,0x00,0x00,0x00,0x00,0x00,0x00,
	0x00,0x00,0x00,0x00,0x00,0x00,0x00,0x00,0x00,0x00,0x00,0x00,0x00,0x00,0x00,0x00,
	0x00,0x00,0x00,0x00,0x00,0x00,0x00,0x00,0x00,0x01,0x00,0x00,0x00,0x00,0x00,0x00,
	0x00,0x00,0x00,0x00,0x00,0x00,0x00,0x00,0x00,0x00,0x00,0x00,0x00,0x00,0x00,0x00,
	0x00,0x00,0x00,0x00,0x00,0x00,0x00,0x00,0x00,0x00,0x00,0x00,0x00,0x00,0x00,0x00,
	0x00,0x00,0x00,0x00,0x00,0x00,0x00,0x00,0x00,0x00,0x00,0x00,0x00,0x00,0x00,0x00,
	0x00,0x00,0x00,0x00,0x00,0x00,0x00,0x00,0x00,0x01,0x00,0x00,0x00,0x00,0x00,0x00,
	0x00,0x00,0x00,0x00,0x00,0x00,0x00,0x00,0x00,0x00,0x00,0x00,0x00,0x00,0x00,0x00,
	0x00,0x00,0x00,0x00,0x00,0x00,0x00,0x00,0x00,0x00,0x00,0x00,0x00,0x00,0x00,0x00,
	0x00,0x00,0x00,0x00,0x00,0x00,0x00,0x00,0x00,0x00,0x00,0x00,0x00,0x00,0x00,0x00,
	0x00,0x00,0x00,0x00,0x00,0x00,0x00,0x00,0x00,0x01,0x00,0x00,0x00,0x00,0x00,0x00,
	0x00,0x00,0x00,0x00,0x00,0x00,0x00,0x00,0x00,0x00,0x00,0x00,0x00,0x00,0x00,0x00,
	0x00,0x00,0x00,0x00,0x00,0x00,0x00,0x00,0x00,0x00,0x00,0x00,0x00,0x00,0x00,0x00,
	0x00,0x00,0x00,0x00,0x00,0x00,0x00,0x00,0x00,0x00,0x00,0x00,0x00,0x00,0x00,0x00,
	0x00,0x00,0x00,0x00,0x00,0x00,0x00,0x00,0x00,0x01,0x00,0x00,0x00,0x00,0x00,0x00,
	0x00,0x00,0x00,0x00,0x00,0x00,0x00,0x00,0x00,0x00,0x00,0x00,0x00,0x00,0x00,0x00,
	0x00,0x00,0x00,0x00,0x00,0x00,0x00,0x00,0x00,0x00,0x00,0x00,0x00,0x00,0x00,0x00,
	0x00,0x00,0x00,0x00,0x00,0x00,0x00,0x00,0x00,0x00,0x00,0x00,0x00,0x00,0x00,0x00,
	0x00,0x00,0x00,0x00,0x00,0x00,0x00,0x00,0x03,0x02,0x00,0x00,0x00,0x00,0x00,0x00,
	0x00,0x00,0x00,0x00,0x00,0x00,0x00,0x00,0x00,0x00,0x00,0x00,0x00,0x00,0x00,0x00,
	0x12,0x41,0x00,0x01,0x00,0x00,0x00,0x00,0x00,0x00,0x00,0x00,0x00,0x00,0x00,0x00,
	0x00,0x00,0x00,0x00,0x00,0x00,0x00,0x00,0x00,0x00,0x00,0x00,0x04,0x2f,0xe5,0xdc,
	0xdb,0xfe,0x2b,0x9d,0x4f,0xa6,0x88,0x2c,0xac,0x8f,0x1a,0x6f,0xa5,0x5f,0xec,0x7a,
	0xf9,0x9c,0xc2,0xe2,0x84,0xec,0x75,0x1c,0x6f,0xa9,0x1f,0xe4,0x2e,0xf1,0x16,0xf9,
	0x79,0x18,0xcb,0x3f,0xb2,0x9b,0xa7,0x23,0x41,0xd9,0x7d,0x08,0x4e,0x39,0xd3,0x51,
	0x61,0xe6,0x8b,0xf4,0xe2,0xfb,0xdf,0x71,0xc7,0x5b,0x21,0xf8,0x00,0x00,0x00,0x40,
	0x00,0x00,0x00,0x00,0x00,0x00,0x00,0x00,0x00,0x00,0x00,0x00,0x00,0x00,0x00,0x00,
	0x00,0x00,0x00,0x00,0x00,0x00,0x00,0x00,0x00,0x00,0x00,0x00,0x00,0x00,0x00,0x00,
	0x00,0x00,0x00,0x00,0x04,0x02,0x00,0x00,0x00,0x00,0x00,0x00,0x00,0x00,0x00,0x00,
	0x00,0x00,0x00,0x00,0x00,0x00,0x00,0x00,0x00,0x00,0x00,0x00,0x00,0x00,0x00,0x00,
	0x00,0x00,0x00,0x00,0x00,0x00,0x00,0x00,0x00,0x00,0x00,0x00,0x00,0x00,0x00,0x00,
	0x00,0x00,0x00,0x00,0x00,0x00,0x00,0x00,0x00,0x00,0x00,0x00,0x00,0x00,0x00,0x00,
	0x00,0x00,0x00,0x00,0x04,0x02,0x00,0x00,0x00,0x00,0x00,0x00,0x00,0x00,0x00,0x00,
	0x00,0x00,0x00,0x00,0x00,0x00,0x00,0x00,0x00,0x00,0x00,0x00,0x00,0x00,0x00,0x00,
	0x00,0x00,0x00,0x00,0x00,0x00,0x00,0x00,0x00,0x00,0x00,0x00,0x00,0x00,0x00,0x00,
	0x00,0x00,0x00,0x00,0x00,0x00,0x00,0x00,0x00,0x00,0x00,0x00,0x00,0x00,0x00,0x00,
	0x00,0x00,0x00,0x00,0x00,0x01,0x00,0x00,0x00,0x00,0x00,0x00,0x00,0x00,0x00,0x00,
	0x00,0x00,0x00,0x00,0x00,0x00,0x00,0x00,0x00,0x00,0x00,0x00,0x00,0x00,0x00,0x00,
	0x00,0x00,0x00,0x00,0x00,0x00,0x00,0x00,0x00,0x00,0x00,0x00,0x00,0x00,0x00,0x00,
	0x00,0x00,0x00,0x00,0x00,0x00,0x00,0x00,0x00,0x00,0x00,0x00,0x00,0x00,0x00,0x00,
	0x00,0x00,0x00,0x00,0x00,0x01,0x00,0x00,0x00,0x00,0x00,0x00,0x00,0x00,0x00,0x00,
	0x00,0x00,0x00,0x00,0x00,0x00,0x00,0x00,0x00,0x00,0x00,0x00,0x00,0x00,0x00,0x00,
	0x00,0x00,0x00,0x00,0x00,0x00,0x00,0x00,0x00,0x00,0x00,0x00,0x00,0x00,0x00,0x00,
	0x00,0x00,0x00,0x00,0x00,0x00,0x00,0x00,0x00,0x00,0x00,0x00,0x00,0x00,0x00,0x00,
	0x00,0x00,0x00,0x00,0x00,0x01,0x00,0x00,0x00,0x00,0x00,0x00,0x00,0x00,0x00,0x00,
	0x00,0x00,0x00,0x00,0x00,0x00,0x00,0x00,0x00,0x00,0x00,0x00,0x00,0x00,0x00,0x00,
	0x00,0x00,0x00,0x00,0x00,0x00,0x00,0x00,0x00,0x00,0x00,0x00,0x00,0x00,0x00,0x00,
	0x00,0x00,0x00,0x00,0x00,0x00,0x00,0x00,0x00,0x00,0x00,0x00,0x00,0x00,0x00,0x00,
	0x00,0x00,0x00,0x00,0x00,0x01,0x00,0x00,0x00,0x00,0x00,0x00,0x00,0x00,0x00,0x00,
	0x00,0x00,0x00,0x00,0x00,0x00,0x00,0x00,0x00,0x00,0x00,0x00,0x00,0x00,0x00,0x00,
	0x00,0x00,0x00,0x00,0x00,0x00,0x00,0x00,0x00,0x00,0x00,0x00,0x00,0x00,0x00,0x00,
	0x00,0x00,0x00,0x00,0x00,0x00,0x00,0x00,0x00,0x00,0x00,0x00,0x00,0x00,0x00,0x00,
	0x00,0x00,0x00,0x00,0x03,0x02,0x00,0x00,0x00,0x00,0x00,0x00,0x00,0x00,0x00,0x00,
	0x00,0x00,0x00,0x00,0x00,0x00,0x00,0x00,0x00,0x00,0x00,0x00,0x12,0x41,0x00,0x01,
	0x00,0x00,0x00,0x00,0x00,0x00,0x00,0x00,0x00,0x00,0x00,0x00,0x00,0x00,0x00,0x00,
	0x00,0x00,0x00,0x00,0x00,0x00,0x00,0x00,0x04,0x2f,0xe5,0xdc,0xdb,0xfe,0x2b,0x9d,
	0x4f,0xa6,0x88,0x2c,0xac,0x8f,0x1a,0x6f,0xa5,0x5f,0xec,0x7a,0xf9,0x9c,0xc2,0xe2,
	0x84,0xec,0x75,0x1c,0x6f,0xa9,0x1f,0xe4,0x2e,0xf1,0x16,0xf9,0x79,0x18,0xcb,0x3f,
	0xb2,0x9b,0xa7,0x23,0x41,0xd9,0x7d,0x08,0x4e,0x39,0xd3,0x51,0x61,0xe6,0x8b,0xf4,
	0xe2,0xfb,0xdf,0x71,0xc7,0x5b,0x21,0xf8,0x00,0x00,0x00,0x40,0x00,0x00,0x00,0x00,
	0x00,0x00,0x00,0x00,0x00,0x00,0x00,0x00,0x00,0x00,0x00,0x00,0x00,0x00,0x00,0x00,
	0x00,0x00,0x00,0x00,0x00,0x00,0x00,0x00,0x00,0x00,0x00,0x00,0x00,0x00,0x00,0x00,
	0x04,0x02,0x00,0x00,0x00,0x00,0x00,0x00,0x00,0x00,0x00,0x00,0x00,0x00,0x00,0x00,
	0x00,0x00,0x00,0x00,0x00,0x00,0x00,0x00,0x00,0x00,0x00,0x00,0x00,0x00,0x00,0x00,
	0x00,0x00,0x00,0x00,0x00,0x00,0x00,0x00,0x00,0x00,0x00,0x00,0x00,0x00,0x00,0x00,
	0x00,0x00,0x00,0x00,0x00,0x00,0x00,0x00,0x00,0x00,0x00,0x00,0x00,0x00,0x00,0x00,
	0x04,0x02,0x00,0x00,0x00,0x00,0x00,0x00,0x00,0x00,0x00,0x00,0x00,0x00,0x00,0x00,
	0x00,0x00,0x00,0x00,0x00,0x00,0x00,0x00,0x00,0x00,0x00,0x00,0x00,0x00,0x00,0x00,
	0x00,0x00,0x00,0x00,0x00,0x00,0x00,0x00,0x00,0x00,0x00,0x00,0x00,0x00,0x00,0x00,
	0x00,0x00,0x00,0x00,0x00,0x00,0x00,0x00,0x00,0x00,0x00,0x00,0x00,0x00,0x00,0x00,
	0x00,0x01,0x00,0x00,0x00,0x00,0x00,0x00,0x00,0x00,0x00,0x00,0x00,0x00,0x00,0x00,
	0x00,0x00,0x00,0x00,0x00,0x00,0x00,0x00,0x00,0x00,0x00,0x00,0x00,0x00,0x00,0x00,
	0x00,0x00,0x00,0x00,0x00,0x00,0x00,0x00,0x00,0x00,0x00,0x00,0x00,0x00,0x00,0x00,
	0x00,0x00,0x00,0x00,0x00,0x00,0x00,0x00,0x00,0x00,0x00,0x00,0x00,0x00,0x00,0x00,
	0x00,0x01,0x00,0x00,0x00,0x00,0x00,0x00,0x00,0x00,0x00,0x00,0x00,0x00,0x00,0x00,
	0x00,0x00,0x00,0x00,0x00,0x00,0x00,0x00,0x00,0x00,0x00,0x00,0x00,0x00,0x00,0x00,
	0x00,0x00,0x00,0x00,0x00,0x00,0x00,0x00,0x00,0x00,0x00,0x00,0x00,0x00,0x00,0x00,
	0x00,0x00,0x00,0x00,0x00,0x00,0x00,0x00,0x00,0x00,0x00,0x00,0x00,0x00,0x00,0x00,
	0x00,0x01,0x00,0x00,0x00,0x00,0x00,0x00,0x00,0x00,0x00,0x00,0x00,0x00,0x00,0x00,
	0x00,0x00,0x00,0x00,0x00,0x00,0x00,0x00,0x00,0x00,0x00,0x00,0x00,0x00,0x00,0x00,
	0x00,0x00,0x00,0x00,0x00,0x00,0x00,0x00,0x00,0x00,0x00,0x00,0x00,0x00,0x00,0x00,
	0x00,0x00,0x00,0x00,0x00,0x00,0x00,0x00,0x00,0x00,0x00,0x00,0x00,0x00,0x00,0x00,
	0x00,0x01,0x00,0x00,0x00,0x00,0x00,0x00,0x00,0x00,0x00,0x00,0x00,0x00,0x00,0x00,
	0x00,0x00,0x00,0x00,0x00,0x00,0x00,0x00,0x00,0x00,0x00,0x00,0x00,0x00,0x00,0x00,
	0x00,0x00,0x00,0x00,0x00,0x00,0x00,0x00,0x00,0x00,0x00,0x00,0x00,0x00,0x00,0x00,
	0x00,0x00,0x00,0x00,0x00,0x00,0x00,0x00,0x00,0x00,0x00,0x00,0x00,0x00,0x00,0x00,
	0x03,0x02,0x00,0x00,0x00,0x00,0x00,0x00,0x00,0x00,0x00,0x00,0x00,0x00,0x00,0x00,
	0x00,0x00,0x00,0x00,0x00,0x00,0x00,0x00,0x12,0x41,0x00,0x01,0x00,0x00,0x00,0x00,
	0x00,0x00,0x00,0x00,0x00,0x00,0x00,0x00,0x00,0x00,0x00,0x00,0x00,0x00,0x00,0x00,
	0x00,0x00,0x00,0x00,0x04,0x2f,0xe5,0xdc,0xdb,0xfe,0x2b,0x9d,0x4f,0xa6,0x88,0x2c,
	0xac,0x8f,0x1a,0x6f,0xa5,0x5f,0xec,0x7a,0xf9,0x9c,0xc2,0xe2,0x84,0xec,0x75,0x1c,
	0x6f,0xa9,0x1f,0xe4,0x2e,0xf1,0x16,0xf9,0x79,0x18,0xcb,0x3f,0xb2,0x9b,0xa7,0x23,
	0x41,0xd9,0x7d,0x08,0x4e,0x39,0xd3,0x51,0x61,0xe6,0x8b,0xf4,0xe2,0xfb,0xdf,0x71,
	0xc7,0x5b,0x21,0xf8,0x00,0x00,0x00,0x40,0x00,0x00,0x00,0x00,0x00,0x00,0x00,0x00,
	0x00,0x00,0x00,0x00,0x00,0x00,0x00,0x00,0x00,0x00,0x00,0x00,0x00,0x00,0x00,0x00,
	0x00,0x00,0x00,0x00,0x00,0x00,0x00,0x00,0x00,0x00,0x00,0x00,0x04,0x02,0x00,0x00,
	0x00,0x00,0x00,0x00,0x00,0x00,0x00,0x00,0x00,0x00,0x00,0x00,0x00,0x00,0x00,0x00,
	0x00,0x00,0x00,0x00,0x00,0x00,0x00,0x00,0x00,0x00,0x00,0x00,0x00,0x00,0x00,0x00,
	0x00,0x00,0x00,0x00,0x00,0x00,0x00,0x00,0x00,0x00,0x00,0x00,0x00,0x00,0x00,0x00,
	0x00,0x00,0x00,0x00,0x00,0x00,0x00,0x00,0x00,0x00,0x00,0x00,0x04,0x02,0x00,0x00,
	0x00,0x00,0x00,0x00,0x00,0x00,0x00,0x00,0x00,0x00,0x00,0x00,0x00,0x00,0x00,0x00,
	0x00,0x00,0x00,0x00,0x00,0x00,0x00,0x00,0x00,0x00,0x00,0x00,0x00,0x00,0x00,0x00,
	0x00,0x00,0x00,0x00,0x00,0x00,0x00,0x00,0x00,0x00,0x00,0x00,0x00,0x00,0x00,0x00,
	0x00,0x00,0x00,0x00,0x00,0x00,0x00,0x00,0x00,0x00,0x00,0x00,0x00,0x01,0x00,0x00,
	0x00,0x00,0x00,0x00,0x00,0x00,0x00,0x00,0x00,0x00,0x00,0x00,0x00,0x00,0x00,0x00,
	0x00,0x00,0x00,0x00,0x00,0x00,0x00,0x00,0x00,0x00,0x00,0x00,0x00,0x00,0x00,0x00,
	0x00,0x00,0x00,0x00,0x00,0x00,0x00,0x00,0x00,0x00,0x00,0x00,0x00,0x00,0x00,0x00,
	0x00,0x00,0x00,0x00,0x00,0x00,0x00,0x00,0x00,0x00,0x00,0x00,0x00,0x01,0x00,0x00,
	0x00,0x00,0x00,0x00,0x00,0x00,0x00,0x00,0x00,0x00,0x00,0x00,0x00,0x00,0x00,0x00,
	0x00,0x00,0x00,0x00,0x00,0x00,0x00,0x00,0x00,0x00,0x00,0x00,0x00,0x00,0x00,0x00,
	0x00,0x00,0x00,0x00,0x00,0x00,0x00,0x00,0x00,0x00,0x00,0x00,0x00,0x00,0x00,0x00,
	0x00,0x00,0x00,0x00,0x00,0x00,0x00,0x00,0x00,0x00,0x00,0x00,0x00,0x01,0x00,0x00,
	0x00,0x00,0x00,0x00,0x00,0x00,0x00,0x00,0x00,0x00,0x00,0x00,0x00,0x00,0x00,0x00,
	0x00,0x00,0x00,0x00,0x00,0x00,0x00,0x00,0x00,0x00,0x00,0x00,0x00,0x00,0x00,0x00,
	0x00,0x00,0x00,0x00,0x00,0x00,0x00,0x00,0x00,0x00,0x00,0x00,0x00,0x00,0x00,0x00,
	0x00,0x00,0x00,0x00,0x00,0x00,0x00,0x00,0x00,0x00,0x00,0x00,0x00,0x01,0x00,0x00,
	0x00,0x00,0x00,0x00,0x00,0x00,0x00,0x00,0x00,0x00,0x00,0x00,0x00,0x00,0x00,0x00,
	0x00,0x00,0x00,0x00,0x00,0x00,0x00,0x00,0x00,0x00,0x00,0x00,0x00,0x00,0x00,0x00,
	0x00,0x00,0x00,0x00,0x00,0x00,0x00,0x00,0x00,0x00,0x00,0x00,0x00,0x00,0x00,0x00,
	0x00,0x00,0x00,0x00,0x00,0x00,0x00,0x00,0x00,0x00,0x00,0x00,0x03,0x02,0x00,0x00,
	0x00,0x00,0x00,0x00,0x00,0x00,0x00,0x00,0x00,0x00,0x00,0x00,0x00,0x00,0x00,0x00,
	0x00,0x00,0x00,0x00,0x12,0x41,0x00,0x01,0x00,0x00,0x00,0x00,0x00,0x00,0x00,0x00,
	0x00,0x00,0x00,0x00,0x00,0x00,0x00,0x00,0x00,0x00,0x00,0x00,0x00,0x00,0x00,0x00,
	0x04,0x2f,0xe5,0xdc,0xdb,0xfe,0x2b,0x9d,0x4f,0xa6,0x88,0x2c,0xac,0x8f,0x1a,0x6f,
	0xa5,0x5f,0xec,0x7a,0xf9,0x9c,0xc2,0xe2,0x84,0xec,0x75,0x1c,0x6f,0xa9,0x1f,0xe4,
	0x2e,0xf1,0x16,0xf9,0x79,0x18,0xcb,0x3f,0xb2,0x9b,0xa7,0x23,0x41,0xd9,0x7d,0x08,
	0x4e,0x39,0xd3,0x51,0x61,0xe6,0x8b,0xf4,0xe2,0xfb,0xdf,0x71,0xc7,0x5b,0x21,0xf8,
	0x00,0x00,0x00,0x40,0x00,0x00,0x00,0x00,0x00,0x00,0x00,0x00,0x00,0x00,0x00,0x00,
	0x00,0x00,0x00,0x00,0x00,0x00,0x00,0x00,0x00,0x00,0x00,0x00,0x00,0x00,0x00,0x00,
	0x00,0x00,0x00,0x00,0x00,0x00,0x00,0x00,0x04,0x02,0x00,0x00,0x00,0x00,0x00,0x00,
	0x00,0x00,0x00,0x00,0x00,0x00,0x00,0x00,0x00,0x00,0x00,0x00,0x00,0x00,0x00,0x00,
	0x00,0x00,0x00,0x00,0x00,0x00,0x00,0x00,0x00,0x00,0x00,0x00,0x00,0x00,0x00,0x00,
	0x00,0x00,0x00,0x00,0x00,0x00,0x00,0x00,0x00,0x00,0x00,0x00,0x00,0x00,0x00,0x00,
	0x00,0x00,0x00,0x00,0x00,0x00,0x00,0x00,0x04,0x02,0x00,0x00,0x00,0x00,0x00,0x00,
	0x00,0x00,0x00,0x00,0x00,0x00,0x00,0x00,0x00,0x00,0x00,0x00,0x00,0x00,0x00,0x00,
	0x00,0x00,0x00,0x00,0x00,0x00,0x00,0x00,0x00,0x00,0x00,0x00,0x00,0x00,0x00,0x00,
	0x00,0x00,0x00,0x00,0x00,0x00,0x00,0x00,0x00,0x00,0x00,0x00,0x00,0x00,0x00,0x00,
	0x00,0x00,0x00,0x00,0x00,0x00,0x00,0x00,0x00,0x01,0x00,0x00,0x00,0x00,0x00,0x00,
	0x00,0x00,0x00,0x00,0x00,0x00,0x00,0x00,0x00,0x00,0x00,0x00,0x00,0x00,0x00,0x00,
	0x00,0x00,0x00,0x00,0x00,0x00,0x00,0x00,0x00,0x00,0x00,0x00,0x00,0x00,0x00,0x00,
	0x00,0x00,0x00,0x00,0x00,0x00,0x00,0x00,0x00,0x00,0x00,0x00,0x00,0x00,0x00,0x00,
	0x00,0x00,0x00,0x00,0x00,0x00,0x00,0x00,0x00,0x01,0x00,0x00,0x00,0x00,0x00,0x00,
	0x00,0x00,0x00,0x00,0x00,0x00,0x00,0x00,0x00,0x00,0x00,0x00,0x00,0x00,0x00,0x00,
	0x00,0x00,0x00,0x00,0x00,0x00,0x00,0x00,0x00,0x00,0x00,0x00,0x00,0x00,0x00,0x00,
	0x00,0x00,0x00,0x00,0x00,0x00,0x00,0x00,0x00,0x00,0x00,0x00,0x00,0x00,0x00,0x00,
	0x00,0x00,0x00,0x00,0x00,0x00,0x00,0x00,0x00,0x01,0x00,0x00,0x00,0x00,0x00,0x00,
	0x00,0x00,0x00,0x00,0x00,0x00,0x00,0x00,0x00,0x00,0x00,0x00,0x00,0x00,0x00,0x00,
	0x00,0x00,0x00,0x00,0x00,0x00,0x00,0x00,0x00,0x00,0x00,0x00,0x00,0x00,0x00,0x00,
	0x00,0x00,0x00,0x00,0x00,0x00,0x00,0x00,0x00,0x00,0x00,0x00,0x00,0x00,0x00,0x00,
	0x00,0x00,0x00,0x00,0x00,0x00,0x00,0x00,0x00,0x01,0x00,0x00,0x00,0x00,0x00,0x00,
	0x00,0x00,0x00,0x00,0x00,0x00,0x00,0x00,0x00,0x00,0x00,0x00,0x00,0x00,0x00,0x00,
	0x00,0x00,0x00,0x00,0x00,0x00,0x00,0x00,0x00,0x00,0x00,0x00,0x00,0x00,0x00,0x00,
	0x00,0x00,0x00,0x00,0x00,0x00,0x00,0x00,0x00,0x00,0x00,0x00,0x00,0x00,0x00,0x00,
	0x00,0x00,0x00,0x00,0x00,0x00,0x00,0x00,0x03,0x02,0x00,0x00,0x00,0x00,0x00,0x00,
	0x00,0x00,0x00,0x00,0x00,0x00,0x00,0x00,0x00,0x00,0x00,0x00,0x00,0x00,0x00,0x00,
	0x12,0x41,0x00,0x01,0x00,0x00,0x00,0x00,0x00,0x00,0x00,0x00,0x00,0x00,0x00,0x00,
	0x00,0x00,0x00,0x00,0x00,0x00,0x00,0x00,0x00,0x00,0x00,0x00,0x04,0x2f,0xe5,0xdc,
	0xdb,0xfe,0x2b,0x9d,0x4f,0xa6,0x88,0x2c,0xac,0x8f,0x1a,0x6f,0xa5,0x5f,0xec,0x7a,
	0xf9,0x9c,0xc2,0xe2,0x84,0xec,0x75,0x1c,0x6f,0xa9,0x1f,0xe4,0x2e,0xf1,0x16,0xf9,
	0x79,0x18,0xcb,0x3f,0xb2,0x9b,0xa7,0x23,0x41,0xd9,0x7d,0x08,0x4e,0x39,0xd3,0x51,
	0x61,0xe6,0x8b,0xf4,0xe2,0xfb,0xdf,0x71,0xc7,0x5b,0x21,0xf8,0x00,0x00,0x00,0x40,
	0x00,0x00,0x00,0x00,0x00,0x00,0x00,0x00,0x00,0x00,0x00,0x00,0x00,0x00,0x00,0x00,
	0x00,0x00,0x00,0x00,0x00,0x00,0x00,0x00,0x00,0x00,0x00,0x00,0x00,0x00,0x00,0x00,
	0x00,0x00,0x00,0x00,0x04,0x02,0x00,0x00,0x00,0x00,0x00,0x00,0x00,0x00,0x00,0x00,
	0x00,0x00,0x00,0x00,0x00,0x00,0x00,0x00,0x00,0x00,0x00,0x00,0x00,0x00,0x00,0x00,
	0x00,0x00,0x00,0x00,0x00,0x00,0x00,0x00,0x00,0x00,0x00,0x00,0x00,0x00,0x00,0x00,
	0x00,0x00,0x00,0x00,0x00,0x00,0x00,0x00,0x00,0x00,0x00,0x00,0x00,0x00,0x00,0x00,
	0x00,0x00,0x00,0x00,0x04,0x02,0x00,0x00,0x00,0x00,0x00,0x00,0x00,0x00,0x00,0x00,
	0x00,0x00,0x00,0x00,0x00,0x00,0x00,0x00,0x00,0x00,0x00,0x00,0x00,0x00,0x00,0x00,
	0x00,0x00,0x00,0x00,0x00,0x00,0x00,0x00,0x00,0x00,0x00,0x00,0x00,0x00,0x00,0x00,
	0x00,0x00,0x00,0x00,0x00,0x00,0x00,0x00,0x00,0x00,0x00,0x00,0x00,0x00,0x00,0x00,
	0x00,0x00,0x00,0x00,0x00,0x01,0x00,0x00,0x00,0x00,0x00,0x00,0x00,0x00,0x00,0x00,
	0x00,0x00,0x00,0x00,0x00,0x00,0x00,0x00,0x00,0x00,0x00,0x00,0x00,0x00,0x00,0x00,
	0x00,0x00,0x00,0x00,0x00,0x00,0x00,0x00,0x00,0x00,0x00,0x00,0x00,0x00,0x00,0x00,
	0x00,0x00,0x00,0x00,0x00,0x00,0x00,0x00,0x00,0x00,0x00,0x00,0x00,0x00,0x00,0x00,
	0x00,0x00,0x00,0x00,0x00,0x01,0x00,0x00,0x00,0x00,0x00,0x00,0x00,0x00,0x00,0x00,
	0x00,0x00,0x00,0x00,0x00,0x00,0x00,0x00,0x00,0x00,0x00,0x00,0x00,0x00,0x00,0x00,
	0x00,0x00,0x00,0x00,0x00,0x00,0x00,0x00,0x00,0x00,0x00,0x00,0x00,0x00,0x00,0x00,
	0x00,0x00,0x00,0x00,0x00,0x00,0x00,0x00,0x00,0x00,0x00,0x00,0x00,0x00,0x00,0x00,
	0x00,0x00,0x00,0x00,0x00,0x01,0x00,0x00,0x00,0x00,0x00,0x00,0x00,0x00,0x00,0x00,
	0x00,0x00,0x00,0x00,0x00,0x00,0x00,0x00,0x00,0x00,0x00,0x00,0x00,0x00,0x00,0x00,
	0x00,0x00,0x00,0x00,0x00,0x00,0x00,0x00,0x00,0x00,0x00,0x00,0x00,0x00,0x00,0x00,
	0x00,0x00,0x00,0x00,0x00,0x00,0x00,0x00,0x00,0x00,0x00,0x00,0x00,0x00,0x00,0x00,
	0x00,0x00,0x00,0x00,0x00,0x01,0x00,0x00,0x00,0x00,0x00,0x00,0x00,0x00,0x00,0x00,
	0x00,0x00,0x00,0x00,0x00,0x00,0x00,0x00,0x00,0x00,0x00,0x00,0x00,0x00,0x00,0x00,
	0x00,0x00,0x00,0x00,0x00,0x00,0x00,0x00,0x00,0x00,0x00,0x00,0x00,0x00,0x00,0x00,
	0x00,0x00,0x00,0x00,0x00,0x00,0x00,0x00,0x00,0x00,0x00,0x00,0x00,0x00,0x00,0x00,
	0x00,0x00,0x00,0x00,0x03,0x02,0x00,0x00,0x00,0x00,0x00,0x00,0x00,0x00,0x00,0x00,
	0x00,0x00,0x00,0x00,0x00,0x00,0x00,0x00,0x00,0x00,0x00,0x00,0x12,0x41,0x00,0x01,
	0x00,0x00,0x00,0x00,0x00,0x00,0x00,0x00,0x00,0x00,0x00,0x00,0x00,0x00,0x00,0x00,
	0x00,0x00,0x00,0x00,0x00,0x00,0x00,0x00,0x04,0x2f,0xe5,0xdc,0xdb,0xfe,0x2b,0x9d,
	0x4f,0xa6,0x88,0x2c,0xac,0x8f,0x1a,0x6f,0xa5,0x5f,0xec,0x7a,0xf9,0x9c,0xc2,0xe2,
	0x84,0xec,0x75,0x1c,0x6f,0xa9,0x1f,0xe4,0x2e,0xf1,0x16,0xf9,0x79,0x18,0xcb,0x3f,
	0xb2,0x9b,0xa7,0x23,0x41,0xd9,0x7d,0x08,0x4e,0x39,0xd3,0x51,0x61,0xe6,0x8b,0xf4,
	0xe2,0xfb,0xdf,0x71,0xc7,0x5b,0x21,0xf8,0x00,0x00,0x00,0x40,0x00,0x00,0x00,0x00,
	0x00,0x00,0x00,0x00,0x00,0x00,0x00,0x00,0x00,0x00,0x00,0x00,0x00,0x00,0x00,0x00,
	0x00,0x00,0x00,0x00,0x00,0x00,0x00,0x00,0x00,0x00,0x00,0x00,0x00,0x00,0x00,0x00,
	0x04,0x02,0x00,0x00,0x00,0x00,0x00,0x00,0x00,0x00,0x00,0x00,0x00,0x00,0x00,0x00,
	0x00,0x00,0x00,0x00,0x00,0x00,0x00,0x00,0x00,0x00,0x00,0x00,0x00,0x00,0x00,0x00,
	0x00,0x00,0x00,0x00,0x00,0x00,0x00,0x00,0x00,0x00,0x00,0x00,0x00,0x00,0x00,0x00,
	0x00,0x00,0x00,0x00,0x00,0x00,0x00,0x00,0x00,0x00,0x00,0x00,0x00,0x00,0x00,0x00,
	0x04,0x02,0x00,0x00,0x00,0x00,0x00,0x00,0x00,0x00,0x00,0x00,0x00,0x00,0x00,0x00,
	0x00,0x00,0x00,0x00,0x00,0x00,0x00,0x00,0x00,0x00,0x00,0x00,0x00,0x00,0x00,0x00,
	0x00,0x00,0x00,0x00,0x00,0x00,0x00,0x00,0x00,0x00,0x00,0x00,0x00,0x00,0x00,0x00,
	0x00,0x00,0x00,0x00,0x00,0x00,0x00,0x00,0x00,0x00,0x00,0x00,0x00,0x00,0x00,0x00,
	0x00,0x01,0x00,0x00,0x00,0x00,0x00,0x00,0x00,0x00,0x00,0x00,0x00,0x00,0x00,0x00,
	0x00,0x00,0x00,0x00,0x00,0x00,0x00,0x00,0x00,0x00,0x00,0x00,0x00,0x00,0x00,0x00,
	0x00,0x00,0x00,0x00,0x00,0x00,0x00,0x00,0x00,0x00,0x00,0x00,0x00,0x00,0x00,0x00,
	0x00,0x00,0x00,0x00,0x00,0x00,0x00,0x00,0x00,0x00,0x00,0x00,0x00,0x00,0x00,0x00,
	0x00,0x01,0x00,0x00,0x00,0x00,0x00,0x00,0x00,0x00,0x00,0x00,0x00,0x00,0x00,0x00,
	0x00,0x00,0x00,0x00,0x00,0x00,0x00,0x00,0x00,0x00,0x00,0x00,0x00,0x00,0x00,0x00,
	0x00,0x00,0x00,0x00,0x00,0x00,0x00,0x00,0x00,0x00,0x00,0x00,0x00,0x00,0x00,0x00,
	0x00,0x00,0x00,0x00,0x00,0x00,0x00,0x00,0x00,0x00,0x00,0x00,0x00,0x00,0x00,0x00,
	0x00,0x01,0x00,0x00,0x00,0x00,0x00,0x00,0x00,0x00,0x00,0x00,0x00,0x00,0x00,0x00,
	0x00,0x00,0x00,0x00,0x00,0x00,0x00,0x00,0x00,0x00,0x00,0x00,0x00,0x00,0x00,0x00,
	0x00,0x00,0x00,0x00,0x00,0x00,0x00,0x00,0x00,0x00,0x00,0x00,0x00,0x00,0x00,0x00,
	0x00,0x00,0x00,0x00,0x00,0x00,0x00,0x00,0x00,0x00,0x00,0x00,0x00,0x00,0x00,0x00,
	0x00,0x01,0x00,0x00,0x00,0x00,0x00,0x00,0x00,0x00,0x00,0x00,0x00,0x00,0x00,0x00,
	0x00,0x00,0x00,0x00,0x00,0x00,0x00,0x00,0x00,0x00,0x00,0x00,0x00,0x00,0x00,0x00,
	0x00,0x00,0x00,0x00,0x00,0x00,0x00,0x00,0x00,0x00,0x00,0x00,0x00,0x00,0x00,0x00,
	0x00,0x00,0x00,0x00,0x00,0x00,0x00,0x00,0x00,0x00,0x00,0x00,0x00,0x00,0x00,0x00,
	0x03,0x02,0x00,0x00,0x00,0x00,0x00,0x00,0x00,0x00,0x00,0x00,0x00,0x00,0x00,0x00,
	0x00,0x00,0x00,0x00,0x00,0x00,0x00,0x00,0x12,0x41,0x00,0x01,0x00,0x00,0x00,0x00,
	0x00,0x00,0x00,0x00,0x00,0x00,0x00,0x00,0x00,0x00,0x00,0x00,0x00,0x00,0x00,0x00,
	0x00,0x00,0x00,0x00,0x04,0x2f,0xe5,0xdc,0xdb,0xfe,0x2b,0x9d,0x4f,0xa6,0x88,0x2c,
	0xac,0x8f,0x1a,0x6f,0xa5,0x5f,0xec,0x7a,0xf9,0x9c,0xc2,0xe2,0x84,0xec,0x75,0x1c,
	0x6f,0xa9,0x1f,0xe4,0x2e,0xf1,0x16,0xf9,0x79,0x18,0xcb,0x3f,0xb2,0x9b,0xa7,0x23,
	0x41,0xd9,0x7d,0x08,0x4e,0x39,0xd3,0x51,0x61,0xe6,0x8b,0xf4,0xe2,0xfb,0xdf,0x71,
	0xc7,0x5b,0x21,0xf8,0x00,0x00,0x00,0x40,0x00,0x00,0x00,0x00,0x00,0x00,0x00,0x00,
	0x00,0x00,0x00,0x00,0x00,0x00,0x00,0x00,0x00,0x00,0x00,0x00,0x00,0x00,0x00,0x00,
	0x00,0x00,0x00,0x00,0x00,0x00,0x00,0x00,0x00,0x00,0x00,0x00,0x04,0x02,0x00,0x00,
	0x00,0x00,0x00,0x00,0x00,0x00,0x00,0x00,0x00,0x00,0x00,0x00,0x00,0x00,0x00,0x00,
	0x00,0x00,0x00,0x00,0x00,0x00,0x00,0x00,0x00,0x00,0x00,0x00,0x00,0x00,0x00,0x00,
	0x00,0x00,0x00,0x00,0x00,0x00,0x00,0x00,0x00,0x00,0x00,0x00,0x00,0x00,0x00,0x00,
	0x00,0x00,0x00,0x00,0x00,0x00,0x00,0x00,0x00,0x00,0x00,0x00,0x04,0x02,0x00,0x00,
	0x00,0x00,0x00,0x00,0x00,0x00,0x00,0x00,0x00,0x00,0x00,0x00,0x00,0x00,0x00,0x00,
	0x00,0x00,0x00,0x00,0x00,0x00,0x00,0x00,0x00,0x00,0x00,0x00,0x00,0x00,0x00,0x00,
	0x00,0x00,0x00,0x00,0x00,0x00,0x00,0x00,0x00,0x00,0x00,0x00,0x00,0x00,0x00,0x00,
	0x00,0x00,0x00,0x00,0x00,0x00,0x00,0x00,0x00,0x00,0x00,0x00,0x00,0x01,0x00,0x00,
	0x00,0x00,0x00,0x00,0x00,0x00,0x00,0x00,0x00,0x00,0x00,0x00,0x00,0x00,0x00,0x00,
	0x00,0x00,0x00,0x00,0x00,0x00,0x00,0x00,0x00,0x00,0x00,0x00,0x00,0x00,0x00,0x00,
	0x00,0x00,0x00,0x00,0x00,0x00,0x00,0x00,0x00,0x00,0x00,0x00,0x00,0x00,0x00,0x00,
	0x00,0x00,0x00,0x00,0x00,0x00,0x00,0x00,0x00,0x00,0x00,0x00,0x00,0x01,0x00,0x00,
	0x00,0x00,0x00,0x00,0x00,0x00,0x00,0x00,0x00,0x00,0x00,0x00,0x00,0x00,0x00,0x00,
	0x00,0x00,0x00,0x00,0x00,0x00,0x00,0x00,0x00,0x00,0x00,0x00,0x00,0x00,0x00,0x00,
	0x00,0x00,0x00,0x00,0x00,0x00,0x00,0x00,0x00,0x00,0x00,0x00,0x00,0x00,0x00,0x00,
	0x00,0x00,0x00,0x00,0x00,0x00,0x00,0x00,0x00,0x00,0x00,0x00,0x00,0x01,0x00,0x00,
	0x00,0x00,0x00,0x00,0x00,0x00,0x00,0x00,0x00,0x00,0x00,0x00,0x00,0x00,0x00,0x00,
	0x00,0x00,0x00,0x00,0x00,0x00,0x00,0x00,0x00,0x00,0x00,0x00,0x00,0x00,0x00,0x00,
	0x00,0x00,0x00,0x00,0x00,0x00,0x00,0x00,0x00,0x00,0x00,0x00,0x00,0x00,0x00,0x00,
	0x00,0x00,0x00,0x00,0x00,0x00,0x00,0x00,0x00,0x00,0x00,0x00,0x00,0x01,0x00,0x00,
	0x00,0x00,0x00,0x00,0x00,0x00,0x00,0x00,0x00,0x00,0x00,0x00,0x00,0x00,0x00,0x00,
	0x00,0x00,0x00,0x00,0x00,0x00,0x00,0x00,0x00,0x00,0x00,0x00,0x00,0x00,0x00,0x00,
	0x00,0x00,0x00,0x00,0x00,0x00,0x00,0x00,0x00,0x00,0x00,0x00,0x00,0x00,0x00,0x00,
	0x00,0x00,0x00,0x00,0x00,0x00,0x00,0x00,0x00,0x00,0x00,0x00,0x03,0x02,0x00,0x00,
	0x00,0x00,0x00,0x00,0x00,0x00,0x00,0x00,0x00,0x00,0x00,0x00,0x00,0x00,0x00,0x00,
	0x00,0x00,0x00,0x00,0x12,0x41,0x00,0x01,0x00,0x00,0x00,0x00,0x00,0x00,0x00,0x00,
	0x00,0x00,0x00,0x00,0x00,0x00,0x00,0x00,0x00,0x00,0x00,0x00,0x00,0x00,0x00,0x00,
	0x04,0x2f,0xe5,0xdc,0xdb,0xfe,0x2b,0x9d,0x4f,0xa6,0x88,0x2c,0xac,0x8f,0x1a,0x6f,
	0xa5,0x5f,0xec,0x7a,0xf9,0x9c,0xc2,0xe2,0x84,0xec,0x75,0x1c,0x6f,0xa9,0x1f,0xe4,
	0x2e,0xf1,0x16,0xf9,0x79,0x18,0xcb,0x3f,0xb2,0x9b,0xa7,0x23,0x41,0xd9,0x7d,0x08,
	0x4e,0x39,0xd3,0x51,0x61,0xe6,0x8b,0xf4,0xe2,0xfb,0xdf,0x71,0xc7,0x5b,0x21,0xf8,
	0x00,0x00,0x00,0x40,0x00,0x00,0x00,0x00,0x00,0x00,0x00,0x00,0x00,0x00,0x00,0x00,
	0x00,0x00,0x00,0x00,0x00,0x00,0x00,0x00,0x00,0x00,0x00,0x00,0x00,0x00,0x00,0x00,
	0x00,0x00,0x00,0x00,0x00,0x00,0x00,0x00,0x04,0x02,0x00,0x00,0x00,0x00,0x00,0x00,
	0x00,0x00,0x00,0x00,0x00,0x00,0x00,0x00,0x00,0x00,0x00,0x00,0x00,0x00,0x00,0x00,
	0x00,0x00,0x00,0x00,0x00,0x00,0x00,0x00,0x00,0x00,0x00,0x00,0x00,0x00,0x00,0x00,
	0x00,0x00,0x00,0x00,0x00,0x00,0x00,0x00,0x00,0x00,0x00,0x00,0x00,0x00,0x00,0x00,
	0x00,0x00,0x00,0x00,0x00,0x00,0x00,0x00,0x04,0x02,0x00,0x00,0x00,0x00,0x00,0x00,
	0x00,0x00,0x00,0x00,0x00,0x00,0x00,0x00,0x00,0x00,0x00,0x00,0x00,0x00,0x00,0x00,
	0x00,0x00,0x00,0x00,0x00,0x00,0x00,0x00,0x00,0x00,0x00,0x00,0x00,0x00,0x00,0x00,
	0x00,0x00,0x00,0x00,0x00,0x00,0x00,0x00,0x00,0x00,0x00,0x00,0x00,0x00,0x00,0x00,
	0x00,0x00,0x00,0x00,0x00,0x00,0x00,0x00,0x00,0x01,0x00,0x00,0x00,0x00,0x00,0x00,
	0x00,0x00,0x00,0x00,0x00,0x00,0x00,0x00,0x00,0x00,0x00,0x00,0x00,0x00,0x00,0x00,
	0x00,0x00,0x00,0x00,0x00,0x00,0x00,0x00,0x00,0x00,0x00,0x00,0x00,0x00,0x00,0x00,
	0x00,0x00,0x00,0x00,0x00,0x00,0x00,0x00,0x00,0x00,0x00,0x00,0x00,0x00,0x00,0x00,
	0x00,0x00,0x00,0x00,0x00,0x00,0x00,0x00,0x00,0x01,0x00,0x00,0x00,0x00,0x00,0x00,
	0x00,0x00,0x00,0x00,0x00,0x00,0x00,0x00,0x00,0x00,0x00,0x00,0x00,0x00,0x00,0x00,
	0x00,0x00,0x00,0x00,0x00,0x00,0x00,0x00,0x00,0x00,0x00,0x00,0x00,0x00,0x00,0x00,
	0x00,0x00,0x00,0x00,0x00,0x00,0x00,0x00,0x00,0x00,0x00,0x00,0x00,0x00,0x00,0x00,
	0x00,0x00,0x00,0x00,0x00,0x00,0x00,0x00,0x00,0x01,0x00,0x00,0x00,0x00,0x00,0x00,
	0x00,0x00,0x00,0x00,0x00,0x00,0x00,0x00,0x00,0x00,0x00,0x00,0x00,0x00,0x00,0x00,
	0x00,0x00,0x00,0x00,0x00,0x00,0x00,0x00,0x00,0x00,0x00,0x00,0x00,0x00,0x00,0x00,
	0x00,0x00,0x00,0x00,0x00,0x00,0x00,0x00,0x00,0x00,0x00,0x00,0x00,0x00,0x00,0x00,
	0x00,0x00,0x00,0x00,0x00,0x00,0x00,0x00,0x00,0x01,0x00,0x00,0x00,0x00,0x00,0x00,
	0x00,0x00,0x00,0x00,0x00,0x00,0x00,0x00,0x00,0x00,0x00,0x00,0x00,0x00,0x00,0x00,
	0x00,0x00,0x00,0x00,0x00,0x00,0x00,0x00,0x00,0x00,0x00,0x00,0x00,0x00,0x00,0x00,
	0x00,0x00,0x00,0x00,0x00,0x00,0x00,0x00,0x00,0x00,0x00,0x00,0x00,0x00,0x00,0x00,
	0x00,0x00,0x00,0x00,0x00,0x00,0x00,0x00,0x03,0x02,0x00,0x00,0x00,0x00,0x00,0x00,
	0x00,0x00,0x00,0x00,0x00,0x00,0x00,0x00,0x00,0x00,0x00,0x00,0x00,0x00,0x00,0x00,
	0x12,0x41,0x00,0x01,0x00,0x00,0x00,0x00,0x00,0x00,0x00,0x00,0x00,0x00,0x00,0x00,
	0x00,0x00,0x00,0x00,0x00,0x00,0x00,0x00,0x00,0x00,0x00,0x00,0x04,0x2f,0xe5,0xdc,
	0xdb,0xfe,0x2b,0x9d,0x4f,0xa6,0x88,0x2c,0xac,0x8f,0x1a,0x6f,0xa5,0x5f,0xec,0x7a,
	0xf9,0x9c,0xc2,0xe2,0x84,0xec,0x75,0x1c,0x6f,0xa9,0x1f,0xe4,0x2e,0xf1,0x16,0xf9,
	0x79,0x18,0xcb,0x3f,0xb2,0x9b,0xa7,0x23,0x41,0xd9,0x7d,0x08,0x4e,0x39,0xd3,0x51,
	0x61,0xe6,0x8b,0xf4,0xe2,0xfb,0xdf,0x71,0xc7,0x5b,0x21,0xf8,0x00,0x00,0x00,0x40,
	0x00,0x00,0x00,0x00,0x00,0x00,0x00,0x00,0x00,0x00,0x00,0x00,0x00,0x00,0x00,0x00,
	0x00,0x00,0x00,0x00,0x00,0x00,0x00,0x00,0x00,0x00,0x00,0x00,0x00,0x00,0x00,0x00,
	0x00,0x00,0x00,0x00,0x04,0x02,0x00,0x00,0x00,0x00,0x00,0x00,0x00,0x00,0x00,0x00,
	0x00,0x00,0x00,0x00,0x00,0x00,0x00,0x00,0x00,0x00,0x00,0x00,0x00,0x00,0x00,0x00,
	0x00,0x00,0x00,0x00,0x00,0x00,0x00,0x00,0x00,0x00,0x00,0x00,0x00,0x00,0x00,0x00,
	0x00,0x00,0x00,0x00,0x00,0x00,0x00,0x00,0x00,0x00,0x00,0x00,0x00,0x00,0x00,0x00,
	0x00,0x00,0x00,0x00,0x04,0x02,0x00,0x00,0x00,0x00,0x00,0x00,0x00,0x00,0x00,0x00,
	0x00,0x00,0x00,0x00,0x00,0x00,0x00,0x00,0x00,0x00,0x00,0x00,0x00,0x00,0x00,0x00,
	0x00,0x00,0x00,0x00,0x00,0x00,0x00,0x00,0x00,0x00,0x00,0x00,0x00,0x00,0x00,0x00,
	0x00,0x00,0x00,0x00,0x00,0x00,0x00,0x00,0x00,0x00,0x00,0x00,0x00,0x00,0x00,0x00,
	0x00,0x00,0x00,0x00,0x00,0x01,0x00,0x00,0x00,0x00,0x00,0x00,0x00,0x00,0x00,0x00,
	0x00,0x00,0x00,0x00,0x00,0x00,0x00,0x00,0x00,0x00,0x00,0x00,0x00,0x00,0x00,0x00,
	0x00,0x00,0x00,0x00,0x00,0x00,0x00,0x00,0x00,0x00,0x00,0x00,0x00,0x00,0x00,0x00,
	0x00,0x00,0x00,0x00,0x00,0x00,0x00,0x00,0x00,0x00,0x00,0x00,0x00,0x00,0x00,0x00,
	0x00,0x00,0x00,0x00,0x00,0x01,0x00,0x00,0x00,0x00,0x00,0x00,0x00,0x00,0x00,0x00,
	0x00,0x00,0x00,0x00,0x00,0x00,0x00,0x00,0x00,0x00,0x00,0x00,0x00,0x00,0x00,0x00,
	0x00,0x00,0x00,0x00,0x00,0x00,0x00,0x00,0x00,0x00,0x00,0x00,0x00,0x00,0x00,0x00,
	0x00,0x00,0x00,0x00,0x00,0x00,0x00,0x00,0x00,0x00,0x00,0x00,0x00,0x00,0x00,0x00,
	0x00,0x00,0x00,0x00,0x00,0x01,0x00,0x00,0x00,0x00,0x00,0x00,0x00,0x00,0x00,0x00,
	0x00,0x00,0x00,0x00,0x00,0x00,0x00,0x00,0x00,0x00,0x00,0x00,0x00,0x00,0x00,0x00,
	0x00,0x00,0x00,0x00,0x00,0x00,0x00,0x00,0x00,0x00,0x00,0x00,0x00,0x00,0x00,0x00,
	0x00,0x00,0x00,0x00,0x00,0x00,0x00,0x00,0x00,0x00,0x00,0x00,0x00,0x00,0x00,0x00,
	0x00,0x00,0x00,0x00,0x00,0x01,0x00,0x00,0x00,0x00,0x00,0x00,0x00,0x00,0x00,0x00,
	0x00,0x00,0x00,0x00,0x00,0x00,0x00,0x00,0x00,0x00,0x00,0x00,0x00,0x00,0x00,0x00,
	0x00,0x00,0x00,0x00,0x00,0x00,0x00,0x00,0x00,0x00,0x00,0x00,0x00,0x00,0x00,0x00,
	0x00,0x00,0x00,0x00,0x00,0x00,0x00,0x00,0x00,0x00,0x00,0x00,0x00,0x00,0x00,0x00,
	0x00,0x00,0x00,0x00,0x03,0x02,0x00,0x00,0x00,0x00,0x00,0x00,0x00,0x00,0x00,0x00,
	0x00,0x00,0x00,0x00,0x00,0x00,0x00,0x00,0x00,0x00,0x00,0x00,0x12,0x41,0x00,0x01,
	0x00,0x00,0x00,0x00,0x00,0x00,0x00,0x00,0x00,0x00,0x00,0x00,0x00,0x00,0x00,0x00,
	0x00,0x00,0x00,0x00,0x00,0x00,0x00,0x00,0x04,0x2f,0xe5,0xdc,0xdb,0xfe,0x2b,0x9d,
	0x4f,0xa6,0x88,0x2c,0xac,0x8f,0x1a,0x6f,0xa5,0x5f,0xec,0x7a,0xf9,0x9c,0xc2,0xe2,
	0x84,0xec,0x75,0x1c,0x6f,0xa9,0x1f,0xe4,0x2e,0xf1,0x16,0xf9,0x79,0x18,0xcb,0x3f,
	0xb2,0x9b,0xa7,0x23,0x41,0xd9,0x7d,0x08,0x4e,0x39,0xd3,0x51,0x61,0xe6,0x8b,0xf4,
	0xe2,0xfb,0xdf,0x71,0xc7,0x5b,0x21,0xf8,0x00,0x00,0x00,0x40,0x00,0x00,0x00,0x00,
	0x00,0x00,0x00,0x00,0x00,0x00,0x00,0x00,0x00,0x00,0x00,0x00,0x00,0x00,0x00,0x00,
	0x00,0x00,0x00,0x00,0x00,0x00,0x00,0x00,0x00,0x00,0x00,0x00,0x00,0x00,0x00,0x00,
	0x04,0x02,0x00,0x00,0x00,0x00,0x00,0x00,0x00,0x00,0x00,0x00,0x00,0x00,0x00,0x00,
	0x00,0x00,0x00,0x00,0x00,0x00,0x00,0x00,0x00,0x00,0x00,0x00,0x00,0x00,0x00,0x00,
	0x00,0x00,0x00,0x00,0x00,0x00,0x00,0x00,0x00,0x00,0x00,0x00,0x00,0x00,0x00,0x00,
	0x00,0x00,0x00,0x00,0x00,0x00,0x00,0x00,0x00,0x00,0x00,0x00,0x00,0x00,0x00,0x00,
	0x04,0x02,0x00,0x00,0x00,0x00,0x00,0x00,0x00,0x00,0x00,0x00,0x00,0x00,0x00,0x00,
	0x00,0x00,0x00,0x00,0x00,0x00,0x00,0x00,0x00,0x00,0x00,0x00,0x00,0x00,0x00,0x00,
	0x00,0x00,0x00,0x00,0x00,0x00,0x00,0x00,0x00,0x00,0x00,0x00,0x00,0x00,0x00,0x00,
	0x00,0x00,0x00,0x00,0x00,0x00,0x00,0x00,0x00,0x00,0x00,0x00,0x00,0x00,0x00,0x00,
	0x00,0x01,0x00,0x00,0x00,0x00,0x00,0x00,0x00,0x00,0x00,0x00,0x00,0x00,0x00,0x00,
	0x00,0x00,0x00,0x00,0x00,0x00,0x00,0x00,0x00,0x00,0x00,0x00,0x00,0x00,0x00,0x00,
	0x00,0x00,0x00,0x00,0x00,0x00,0x00,0x00,0x00,0x00,0x00,0x00,0x00,0x00,0x00,0x00,
	0x00,0x00,0x00,0x00,0x00,0x00,0x00,0x00,0x00,0x00,0x00,0x00,0x00,0x00,0x00,0x00,
	0x00,0x01,0x00,0x00,0x00,0x00,0x00,0x00,0x00,0x00,0x00,0x00,0x00,0x00,0x00,0x00,
	0x00,0x00,0x00,0x00,0x00,0x00,0x00,0x00,0x00,0x00,0x00,0x00,0x00,0x00,0x00,0x00,
	0x00,0x00,0x00,0x00,0x00,0x00,0x00,0x00,0x00,0x00,0x00,0x00,0x00,0x00,0x00,0x00,
	0x00,0x00,0x00,0x00,0x00,0x00,0x00,0x00,0x00,0x00,0x00,0x00,0x00,0x00,0x00,0x00,
	0x00,0x01,0x00,0x00,0x00,0x00,0x00,0x00,0x00,0x00,0x00,0x00,0x00,0x00,0x00,0x00,
	0x00,0x00,0x00,0x00,0x00,0x00,0x00,0x00,0x00,0x00,0x00,0x00,0x00,0x00,0x00,0x00,
	0x00,0x00,0x00,0x00,0x00,0x00,0x00,0x00,0x00,0x00,0x00,0x00,0x00,0x00,0x00,0x00,
	0x00,0x00,0x00,0x00,0x00,0x00,0x00,0x00,0x00,0x00,0x00,0x00,0x00,0x00,0x00,0x00,
	0x00,0x01,0x00,0x00,0x00,0x00,0x00,0x00,0x00,0x00,0x00,0x00,0x00,0x00,0x00,0x00,
	0x00,0x00,0x00,0x00,0x00,0x00,0x00,0x00,0x00,0x00,0x00,0x00,0x00,0x00,0x00,0x00,
	0x00,0x00,0x00,0x00,0x00,0x00,0x00,0x00,0x00,0x00,0x00,0x00,0x00,0x00,0x00,0x00,
	0x00,0x00,0x00,0x00,0x00,0x00,0x00,0x00,0x00,0x00,0x00,0x00,0x00,0x00,0x00,0x00,
	0x03,0x02,0x00,0x00,0x00,0x00,0x00,0x00,0x00,0x00,0x00,0x00,0x00,0x00,0x00,0x00,
	0x00,0x00,0x00,0x00,0x00,0x00,0x00,0x00,0x12,0x41,0x00,0x01,0x00,0x00,0x00,0x00,
	0x00,0x00,0x00,0x00,0x00,0x00,0x00,0x00,0x00,0x00,0x00,0x00,0x00,0x00,0x00,0x00,
	0x00,0x00,0x00,0x00,0x04,0x2f,0xe5,0xdc,0xdb,0xfe,0x2b,0x9d,0x4f,0xa6,0x88,0x2c,
	0xac,0x8f,0x1a,0x6f,0xa5,0x5f,0xec,0x7a,0xf9,0x9c,0xc2,0xe2,0x84,0xec,0x75,0x1c,
	0x6f,0xa9,0x1f,0xe4,0x2e,0xf1,0x16,0xf9,0x79,0x18,0xcb,0x3f,0xb2,0x9b,0xa7,0x23,
	0x41,0xd9,0x7d,0x08,0x4e,0x39,0xd3,0x51,0x61,0xe6,0x8b,0xf4,0xe2,0xfb,0xdf,0x71,
	0xc7,0x5b,0x21,0xf8,0x00,0x00,0x00,0x40,0x00,0x00,0x00,0x00,0x00,0x00,0x00,0x00,
	0x00,0x00,0x00,0x00,0x00,0x00,0x00,0x00,0x00,0x00,0x00,0x00,0x00,0x00,0x00,0x00,
	0x00,0x00,0x00,0x00,0x00,0x00,0x00,0x00,0x00,0x00,0x00,0x00,0x04,0x02,0x00,0x00,
	0x00,0x00,0x00,0x00,0x00,0x00,0x00,0x00,0x00,0x00,0x00,0x00,0x00,0x00,0x00,0x00,
	0x00,0x00,0x00,0x00,0x00,0x00,0x00,0x00,0x00,0x00,0x00,0x00,0x00,0x00,0x00,0x00,
	0x00,0x00,0x00,0x00,0x00,0x00,0x00,0x00,0x00,0x00,0x00,0x00,0x00,0x00,0x00,0x00,
	0x00,0x00,0x00,0x00,0x00,0x00,0x00,0x00,0x00,0x00,0x00,0x00,0x04,0x02,0x00,0x00,
	0x00,0x00,0x00,0x00,0x00,0x00,0x00,0x00,0x00,0x00,0x00,0x00,0x00,0x00,0x00,0x00,
	0x00,0x00,0x00,0x00,0x00,0x00,0x00,0x00,0x00,0x00,0x00,0x00,0x00,0x00,0x00,0x00,
	0x00,0x00,0x00,0x00,0x00,0x00,0x00,0x00,0x00,0x00,0x00,0x00,0x00,0x00,0x00,0x00,
	0x00,0x00,0x00,0x00,0x00,0x00,0x00,0x00,0x00,0x00,0x00,0x00,0x00,0x01,0x00,0x00,
	0x00,0x00,0x00,0x00,0x00,0x00,0x00,0x00,0x00,0x00,0x00,0x00,0x00,0x00,0x00,0x00,
	0x00,0x00,0x00,0x00,0x00,0x00,0x00,0x00,0x00,0x00,0x00,0x00,0x00,0x00,0x00,0x00,
	0x00,0x00,0x00,0x00,0x00,0x00,0x00,0x00,0x00,0x00,0x00,0x00,0x00,0x00,0x00,0x00,
	0x00,0x00,0x00,0x00,0x00,0x00,0x00,0x00,0x00,0x00,0x00,0x00,0x00,0x01,0x00,0x00,
	0x00,0x00,0x00,0x00,0x00,0x00,0x00,0x00,0x00,0x00,0x00,0x00,0x00,0x00,0x00,0x00,
	0x00,0x00,0x00,0x00,0x00,0x00,0x00,0x00,0x00,0x00,0x00,0x00,0x00,0x00,0x00,0x00,
	0x00,0x00,0x00,0x00,0x00,0x00,0x00,0x00,0x00,0x00,0x00,0x00,0x00,0x00,0x00,0x00,
	0x00,0x00,0x00,0x00,0x00,0x00,0x00,0x00,0x00,0x00,0x00,0x00,0x00,0x01,0x00,0x00,
	0x00,0x00,0x00,0x00,0x00,0x00,0x00,0x00,0x00,0x00,0x00,0x00,0x00,0x00,0x00,0x00,
	0x00,0x00,0x00,0x00,0x00,0x00,0x00,0x00,0x00,0x00,0x00,0x00,0x00,0x00,0x00,0x00,
	0x00,0x00,0x00,0x00,0x00,0x00,0x00,0x00,0x00,0x00,0x00,0x00,0x00,0x00,0x00,0x00,
	0x00,0x00,0x00,0x00,0x00,0x00,0x00,0x00,0x00,0x00,0x00,0x00,0x00,0x01,0x00,0x00,
	0x00,0x00,0x00,0x00,0x00,0x00,0x00,0x00,0x00,0x00,0x00,0x00,0x00,0x00,0x00,0x00,
	0x00,0x00,0x00,0x00,0x00,0x00,0x00,0x00,0x00,0x00,0x00,0x00,0x00,0x00,0x00,0x00,
	0x00,0x00,0x00,0x00,0x00,0x00,0x00,0x00,0x00,0x00,0x00,0x00,0x00,0x00,0x00,0x00,
	0x00,0x00,0x00,0x00,0x00,0x00,0x00,0x00,0x00,0x00,0x00,0x00,0x03,0x02,0x00,0x00,
	0x00,0x00,0x00,0x00,0x00,0x00,0x00,0x00,0x00,0x00,0x00,0x00,0x00,0x00,0x00,0x00,
	0x00,0x00,0x00,0x00,0x12,0x41,0x00,0x01,0x00,0x00,0x00,0x00,0x00,0x00,0x00,0x00,
	0x00,0x00,0x00,0x00,0x00,0x00,0x00,0x00,0x00,0x00,0x00,0x00,0x00,0x00,0x00,0x00,
	0x04,0x2f,0xe5,0xdc,0xdb,0xfe,0x2b,0x9d,0x4f,0xa6,0x88,0x2c,0xac,0x8f,0x1a,0x6f,
	0xa5,0x5f,0xec,0x7a,0xf9,0x9c,0xc2,0xe2,0x84,0xec,0x75,0x1c,0x6f,0xa9,0x1f,0xe4,
	0x2e,0xf1,0x16,0xf9,0x79,0x18,0xcb,0x3f,0xb2,0x9b,0xa7,0x23,0x41,0xd9,0x7d,0x08,
	0x4e,0x39,0xd3,0x51,0x61,0xe6,0x8b,0xf4,0xe2,0xfb,0xdf,0x71,0xc7,0x5b,0x21,0xf8,
	0x00,0x00,0x00,0x40,0x00,0x00,0x00,0x00,0x00,0x00,0x00,0x00,0x00,0x00,0x00,0x00,
	0x00,0x00,0x00,0x00,0x00,0x00,0x00,0x00,0x00,0x00,0x00,0x00,0x00,0x00,0x00,0x00,
	0x00,0x00,0x00,0x00,0x00,0x00,0x00,0x00,0x04,0x02,0x00,0x00,0x00,0x00,0x00,0x00,
	0x00,0x00,0x00,0x00,0x00,0x00,0x00,0x00,0x00,0x00,0x00,0x00,0x00,0x00,0x00,0x00,
	0x00,0x00,0x00,0x00,0x00,0x00,0x00,0x00,0x00,0x00,0x00,0x00,0x00,0x00,0x00,0x00,
	0x00,0x00,0x00,0x00,0x00,0x00,0x00,0x00,0x00,0x00,0x00,0x00,0x00,0x00,0x00,0x00,
	0x00,0x00,0x00,0x00,0x00,0x00,0x00,0x00,0x04,0x02,0x00,0x00,0x00,0x00,0x00,0x00,
	0x00,0x00,0x00,0x00,0x00,0x00,0x00,0x00,0x00,0x00,0x00,0x00,0x00,0x00,0x00,0x00,
	0x00,0x00,0x00,0x00,0x00,0x00,0x00,0x00,0x00,0x00,0x00,0x00,0x00,0x00,0x00,0x00,
	0x00,0x00,0x00,0x00,0x00,0x00,0x00,0x00,0x00,0x00,0x00,0x00,0x00,0x00,0x00,0x00,
	0x00,0x00,0x00,0x00,0x00,0x00,0x00,0x00,0x00,0x01,0x00,0x00,0x00,0x00,0x00,0x00,
	0x00,0x00,0x00,0x00,0x00,0x00,0x00,0x00,0x00,0x00,0x00,0x00,0x00,0x00,0x00,0x00,
	0x00,0x00,0x00,0x00,0x00,0x00,0x00,0x00,0x00,0x00,0x00,0x00,0x00,0x00,0x00,0x00,
	0x00,0x00,0x00,0x00,0x00,0x00,0x00,0x00,0x00,0x00,0x00,0x00,0x00,0x00,0x00,0x00,
	0x00,0x00,0x00,0x00,0x00,0x00,0x00,0x00,0x00,0x01,0x00,0x00,0x00,0x00,0x00,0x00,
	0x00,0x00,0x00,0x00,0x00,0x00,0x00,0x00,0x00,0x00,0x00,0x00,0x00,0x00,0x00,0x00,
	0x00,0x00,0x00,0x00,0x00,0x00,0x00,0x00,0x00,0x00,0x00,0x00,0x00,0x00,0x00,0x00,
	0x00,0x00,0x00,0x00,0x00,0x00,0x00,0x00,0x00,0x00,0x00,0x00,0x00,0x00,0x00,0x00,
	0x00,0x00,0x00,0x00,0x00,0x00,0x00,0x00,0x00,0x01,0x00,0x00,0x00,0x00,0x00,0x00,
	0x00,0x00,0x00,0x00,0x00,0x00,0x00,0x00,0x00,0x00,0x00,0x00,0x00,0x00,0x00,0x00,
	0x00,0x00,0x00,0x00,0x00,0x00,0x00,0x00,0x00,0x00,0x00,0x00,0x00,0x00,0x00,0x00,
	0x00,0x00,0x00,0x00,0x00,0x00,0x00,0x00,0x00,0x00,0x00,0x00,0x00,0x00,0x00,0x00,
	0x00,0x00,0x00,0x00,0x00,0x00,0x00,0x00,0x00,0x01,0x00,0x00,0x00,0x00,0x00,0x00,
	0x00,0x00,0x00,0x00,0x00,0x00,0x00,0x00,0x00,0x00,0x00,0x00,0x00,0x00,0x00,0x00,
	0x00,0x00,0x00,0x00,0x00,0x00,0x00,0x00,0x00,0x00,0x00,0x00,0x00,0x00,0x00,0x00,
	0x00,0x00,0x00,0x00,0x00,0x00,0x00,0x00,0x00,0x00,0x00,0x00,0x00,0x00,0x00,0x00,
	0x00,0x00,0x00,0x00,0x00,0x00,0x00,0x00,0x03,0x02,0x00,0x00,0x00,0x00,0x00,0x00,
	0x00,0x00,0x00,0x00,0x00,0x00,0x00,0x00,0x00,0x00,0x00,0x00,0x00,0x00,0x00,0x00,
	0x12,0x41,0x00,0x01,0x00,0x00,0x00,0x00,0x00,0x00,0x00,0x00,0x00,0x00,0x00,0x00,
	0x00,0x00,0x00,0x00,0x00,0x00,0x00,0x00,0x00,0x00,0x00,0x00,0x04,0x2f,0xe5,0xdc,
	0xdb,0xfe,0x2b,0x9d,0x4f,0xa6,0x88,0x2c,0xac,0x8f,0x1a,0x6f,0xa5,0x5f,0xec,0x7a,
	0xf9,0x9c,0xc2,0xe2,0x84,0xec,0x75,0x1c,0x6f,0xa9,0x1f,0xe4,0x2e,0xf1,0x16,0xf9,
	0x79,0x18,0xcb,0x3f,0xb2,0x9b,0xa7,0x23,0x41,0xd9,0x7d,0x08,0x4e,0x39,0xd3,0x51,
	0x61,0xe6,0x8b,0xf4,0xe2,0xfb,0xdf,0x71,0xc7,0x5b,0x21,0xf8,0x00,0x00,0x00,0x40,
	0x00,0x00,0x00,0x00,0x00,0x00,0x00,0x00,0x00,0x00,0x00,0x00,0x00,0x00,0x00,0x00,
	0x00,0x00,0x00,0x00,0x00,0x00,0x00,0x00,0x00,0x00,0x00,0x00,0x00,0x00,0x00,0x00,
	0x00,0x00,0x00,0x00,0x04,0x02,0x00,0x00,0x00,0x00,0x00,0x00,0x00,0x00,0x00,0x00,
	0x00,0x00,0x00,0x00,0x00,0x00,0x00,0x00,0x00,0x00,0x00,0x00,0x00,0x00,0x00,0x00,
	0x00,0x00,0x00,0x00,0x00,0x00,0x00,0x00,0x00,0x00,0x00,0x00,0x00,0x00,0x00,0x00,
	0x00,0x00,0x00,0x00,0x00,0x00,0x00,0x00,0x00,0x00,0x00,0x00,0x00,0x00,0x00,0x00,
	0x00,0x00,0x00,0x00,0x04,0x02,0x00,0x00,0x00,0x00,0x00,0x00,0x00,0x00,0x00,0x00,
	0x00,0x00,0x00,0x00,0x00,0x00,0x00,0x00,0x00,0x00,0x00,0x00,0x00,0x00,0x00,0x00,
	0x00,0x00,0x00,0x00,0x00,0x00,0x00,0x00,0x00,0x00,0x00,0x00,0x00,0x00,0x00,0x00,
	0x00,0x00,0x00,0x00,0x00,0x00,0x00,0x00,0x00,0x00,0x00,0x00,0x00,0x00,0x00,0x00,
	0x00,0x00,0x00,0x00,0x00,0x01,0x00,0x00,0x00,0x00,0x00,0x00,0x00,0x00,0x00,0x00,
	0x00,0x00,0x00,0x00,0x00,0x00,0x00,0x00,0x00,0x00,0x00,0x00,0x00,0x00,0x00,0x00,
	0x00,0x00,0x00,0x00,0x00,0x00,0x00,0x00,0x00,0x00,0x00,0x00,0x00,0x00,0x00,0x00,
	0x00,0x00,0x00,0x00,0x00,0x00,0x00,0x00,0x00,0x00,0x00,0x00,0x00,0x00,0x00,0x00,
	0x00,0x00,0x00,0x00,0x00,0x01,0x00,0x00,0x00,0x00,0x00,0x00,0x00,0x00,0x00,0x00,
	0x00,0x00,0x00,0x00,0x00,0x00,0x00,0x00,0x00,0x00,0x00,0x00,0x00,0x00,0x00,0x00,
	0x00,0x00,0x00,0x00,0x00,0x00,0x00,0x00,0x00,0x00,0x00,0x00,0x00,0x00,0x00,0x00,
	0x00,0x00,0x00,0x00,0x00,0x00,0x00,0x00,0x00,0x00,0x00,0x00,0x00,0x00,0x00,0x00,
	0x00,0x00,0x00,0x00,0x00,0x01,0x00,0x00,0x00,0x00,0x00,0x00,0x00,0x00,0x00,0x00,
	0x00,0x00,0x00,0x00,0x00,0x00,0x00,0x00,0x00,0x00,0x00,0x00,0x00,0x00,0x00,0x00,
	0x00,0x00,0x00,0x00,0x00,0x00,0x00,0x00,0x00,0x00,0x00,0x00,0x00,0x00,0x00,0x00,
	0x00,0x00,0x00,0x00,0x00,0x00,0x00,0x00,0x00,0x00,0x00,0x00,0x00,0x00,0x00,0x00,
	0x00,0x00,0x00,0x00,0x00,0x01,0x00,0x00,0x00,0x00,0x00,0x00,0x00,0x00,0x00,0x00,
	0x00,0x00,0x00,0x00,0x00,0x00,0x00,0x00,0x00,0x00,0x00,0x00,0x00,0x00,0x00,0x00,
	0x00,0x00,0x00,0x00,0x00,0x00,0x00,0x00,0x00,0x00,0x00,0x00,0x00,0x00,0x00,0x00,
	0x00,0x00,0x00,0x00,0x00,0x00,0x00,0x00,0x00,0x00,0x00,0x00,0x00,0x00,0x00,0x00,
	0x00,0x00,0x00,0x00,0x03,0x02,0x00,0x00,0x00,0x00,0x00,0x00,0x00,0x00,0x00,0x00,
	0x00,0x00,0x00,0x00,0x00,0x00,0x00,0x00,0x00,0x00,0x00,0x00,0x12,0x41,0x00,0x01,
	0x00,0x00,0x00,0x00,0x00,0x00,0x00,0x00,0x00,0x00,0x00,0x00,0x00,0x00,0x00,0x00,
	0x00,0x00,0x00,0x00,0x00,0x00,0x00,0x00,0x04,0x2f,0xe5,0xdc,0xdb,0xfe,0x2b,0x9d,
	0x4f,0xa6,0x88,0x2c,0xac,0x8f,0x1a,0x6f,0xa5,0x5f,0xec,0x7a,0xf9,0x9c,0xc2,0xe2,
	0x84,0xec,0x75,0x1c,0x6f,0xa9,0x1f,0xe4,0x2e,0xf1,0x16,0xf9,0x79,0x18,0xcb,0x3f,
	0xb2,0x9b,0xa7,0x23,0x41,0xd9,0x7d,0x08,0x4e,0x39,0xd3,0x51,0x61,0xe6,0x8b,0xf4,
	0xe2,0xfb,0xdf,0x71,0xc7,0x5b,0x21,0xf8,0x00,0x00,0x00,0x40,0x00,0x00,0x00,0x00,
	0x00,0x00,0x00,0x00,0x00,0x00,0x00,0x00,0x00,0x00,0x00,0x00,0x00,0x00,0x00,0x00,
	0x00,0x00,0x00,0x00,0x00,0x00,0x00,0x00,0x00,0x00,0x00,0x00,0x00,0x00,0x00,0x00,
	0x04,0x02,0x00,0x00,0x00,0x00,0x00,0x00,0x00,0x00,0x00,0x00,0x00,0x00,0x00,0x00,
	0x00,0x00,0x00,0x00,0x00,0x00,0x00,0x00,0x00,0x00,0x00,0x00,0x00,0x00,0x00,0x00,
	0x00,0x00,0x00,0x00,0x00,0x00,0x00,0x00,0x00,0x00,0x00,0x00,0x00,0x00,0x00,0x00,
	0x00,0x00,0x00,0x00,0x00,0x00,0x00,0x00,0x00,0x00,0x00,0x00,0x00,0x00,0x00,0x00,
	0x04,0x02,0x00,0x00,0x00,0x00,0x00,0x00,0x00,0x00,0x00,0x00,0x00,0x00,0x00,0x00,
	0x00,0x00,0x00,0x00,0x00,0x00,0x00,0x00,0x00,0x00,0x00,0x00,0x00,0x00,0x00,0x00,
	0x00,0x00,0x00,0x00,0x00,0x00,0x00,0x00,0x00,0x00,0x00,0x00,0x00,0x00,0x00,0x00,
	0x00,0x00,0x00,0x00,0x00,0x00,0x00,0x00,0x00,0x00,0x00,0x00,0x00,0x00,0x00,0x00,
	0x00,0x01,0x00,0x00,0x00,0x00,0x00,0x00,0x00,0x00,0x00,0x00,0x00,0x00,0x00,0x00,
	0x00,0x00,0x00,0x00,0x00,0x00,0x00,0x00,0x00,0x00,0x00,0x00,0x00,0x00,0x00,0x00,
	0x00,0x00,0x00,0x00,0x00,0x00,0x00,0x00,0x00,0x00,0x00,0x00,0x00,0x00,0x00,0x00,
	0x00,0x00,0x00,0x00,0x00,0x00,0x00,0x00,0x00,0x00,0x00,0x00,0x00,0x00,0x00,0x00,
	0x00,0x01,0x00,0x00,0x00,0x00,0x00,0x00,0x00,0x00,0x00,0x00,0x00,0x00,0x00,0x00,
	0x00,0x00,0x00,0x00,0x00,0x00,0x00,0x00,0x00,0x00,0x00,0x00,0x00,0x00,0x00,0x00,
	0x00,0x00,0x00,0x00,0x00,0x00,0x00,0x00,0x00,0x00,0x00,0x00,0x00,0x00,0x00,0x00,
	0x00,0x00,0x00,0x00,0x00,0x00,0x00,0x00,0x00,0x00,0x00,0x00,0x00,0x00,0x00,0x00,
	0x00,0x01,0x00,0x00,0x00,0x00,0x00,0x00,0x00,0x00,0x00,0x00,0x00,0x00,0x00,0x00,
	0x00,0x00,0x00,0x00,0x00,0x00,0x00,0x00,0x00,0x00,0x00,0x00,0x00,0x00,0x00,0x00,
	0x00,0x00,0x00,0x00,0x00,0x00,0x00,0x00,0x00,0x00,0x00,0x00,0x00,0x00,0x00,0x00,
	0x00,0x00,0x00,0x00,0x00,0x00,0x00,0x00,0x00,0x00,0x00,0x00,0x00,0x00,0x00,0x00,
	0x00,0x01,0x00,0x00,0x00,0x00,0x00,0x00,0x00,0x00,0x00,0x00,0x00,0x00,0x00,0x00,
	0x00,0x00,0x00,0x00,0x00,0x00,0x00,0x00,0x00,0x00,0x00,0x00,0x00,0x00,0x00,0x00,
	0x00,0x00,0x00,0x00,0x00,0x00,0x00,0x00,0x00,0x00,0x00,0x00,0x00,0x00,0x00,0x00,
	0x00,0x00,0x00,0x00,0x00,0x00,0x00,0x00,0x00,0x00,0x00,0x00,0x00,0x00,0x00,0x00,
	0x03,0x02,0x00,0x00,0x00,0x00,0x00,0x00,0x00,0x00,0x00,0x00,0x00,0x00,0x00,0x00,
	0x00,0x00,0x00,0x00,0x00,0x00,0x00,0x00,0x12,0x41,0x00,0x01,0x00,0x00,0x00,0x00,
	0x00,0x00,0x00,0x00,0x00,0x00,0x00,0x00,0x00,0x00,0x00,0x00,0x00,0x00,0x00,0x00,
	0x00,0x00,0x00,0x00,0x04,0x2f,0xe5,0xdc,0xdb,0xfe,0x2b,0x9d,0x4f,0xa6,0x88,0x2c,
	0xac,0x8f,0x1a,0x6f,0xa5,0x5f,0xec,0x7a,0xf9,0x9c,0xc2,0xe2,0x84,0xec,0x75,0x1c,
	0x6f,0xa9,0x1f,0xe4,0x2e,0xf1,0x16,0xf9,0x79,0x18,0xcb,0x3f,0xb2,0x9b,0xa7,0x23,
	0x41,0xd9,0x7d,0x08,0x4e,0x39,0xd3,0x51,0x61,0xe6,0x8b,0xf4,0xe2,0xfb,0xdf,0x71,
	0xc7,0x5b,0x21,0xf8,0x00,0x00,0x00,0x40,0x00,0x00,0x00,0x00,0x00,0x00,0x00,0x00,
	0x00,0x00,0x00,0x00,0x00,0x00,0x00,0x00,0x00,0x00,0x00,0x00,0x00,0x00,0x00,0x00,
	0x00,0x00,0x00,0x00,0x00,0x00,0x00,0x00,0x00,0x00,0x00,0x00,0x04,0x02,0x00,0x00,
	0x00,0x00,0x00,0x00,0x00,0x00,0x00,0x00,0x00,0x00,0x00,0x00,0x00,0x00,0x00,0x00,
	0x00,0x00,0x00,0x00,0x00,0x00,0x00,0x00,0x00,0x00,0x00,0x00,0x00,0x00,0x00,0x00,
	0x00,0x00,0x00,0x00,0x00,0x00,0x00,0x00,0x00,0x00,0x00,0x00,0x00,0x00,0x00,0x00,
	0x00,0x00,0x00,0x00,0x00,0x00,0x00,0x00,0x00,0x00,0x00,0x00,0x04,0x02,0x00,0x00,
	0x00,0x00,0x00,0x00,0x00,0x00,0x00,0x00,0x00,0x00,0x00,0x00,0x00,0x00,0x00,0x00,
	0x00,0x00,0x00,0x00,0x00,0x00,0x00,0x00,0x00,0x00,0x00,0x00,0x00,0x00,0x00,0x00,
	0x00,0x00,0x00,0x00,0x00,0x00,0x00,0x00,0x00,0x00,0x00,0x00,0x00,0x00,0x00,0x00,
	0x00,0x00,0x00,0x00,0x00,0x00,0x00,0x00,0x00,0x00,0x00,0x00,0x00,0x01,0x00,0x00,
	0x00,0x00,0x00,0x00,0x00,0x00,0x00,0x00,0x00,0x00,0x00,0x00,0x00,0x00,0x00,0x00,
	0x00,0x00,0x00,0x00,0x00,0x00,0x00,0x00,0x00,0x00,0x00,0x00,0x00,0x00,0x00,0x00,
	0x00,0x00,0x00,0x00,0x00,0x00,0x00,0x00,0x00,0x00,0x00,0x00,0x00,0x00,0x00,0x00,
	0x00,0x00,0x00,0x00,0x00,0x00,0x00,0x00,0x00,0x00,0x00,0x00,0x00,0x01,0x00,0x00,
	0x00,0x00,0x00,0x00,0x00,0x00,0x00,0x00,0x00,0x00,0x00,0x00,0x00,0x00,0x00,0x00,
	0x00,0x00,0x00,0x00,0x00,0x00,0x00,0x00,0x00,0x00,0x00,0x00,0x00,0x00,0x00,0x00,
	0x00,0x00,0x00,0x00,0x00,0x00,0x00,0x00,0x00,0x00,0x00,0x00,0x00,0x00,0x00,0x00,
	0x00,0x00,0x00,0x00,0x00,0x00,0x00,0x00,0x00,0x00,0x00,0x00,0x00,0x01,0x00,0x00,
	0x00,0x00,0x00,0x00,0x00,0x00,0x00,0x00,0x00,0x00,0x00,0x00,0x00,0x00,0x00,0x00,
	0x00,0x00,0x00,0x00,0x00,0x00,0x00,0x00,0x00,0x00,0x00,0x00,0x00,0x00,0x00,0x00,
	0x00,0x00,0x00,0x00,0x00,0x00,0x00,0x00,0x00,0x00,0x00,0x00,0x00,0x00,0x00,0x00,
	0x00,0x00,0x00,0x00,0x00,0x00,0x00,0x00,0x00,0x00,0x00,0x00,0x00,0x01,0x00,0x00,
	0x00,0x00,0x00,0x00,0x00,0x00,0x00,0x00,0x00,0x00,0x00,0x00,0x00,0x00,0x00,0x00,
	0x00,0x00,0x00,0x00,0x00,0x00,0x00,0x00,0x00,0x00,0x00,0x00,0x00,0x00,0x00,0x00,
	0x00,0x00,0x00,0x00,0x00,0x00,0x00,0x00,0x00,0x00,0x00,0x00,0x00,0x00,0x00,0x00,
	0x00,0x00,0x00,0x00,0x00,0x00,0x00,0x00,0x00,0x00,0x00,0x00,0x03,0x02,0x00,0x00,
	0x00,0x00,0x00,0x00,0x00,0x00,0x00,0x00,0x00,0x00,0x00,0x00,0x00,0x00,0x00,0x00,
	0x00,0x00,0x00,0x00,0x12,0x41,0x00,0x01,0x00,0x00,0x00,0x00,0x00,0x00,0x00,0x00,
	0x00,0x00,0x00,0x00,0x00,0x00,0x00,0x00,0x00,0x00,0x00,0x00,0x00,0x00,0x00,0x00,
	0x04,0x2f,0xe5,0xdc,0xdb,0xfe,0x2b,0x9d,0x4f,0xa6,0x88,0x2c,0xac,0x8f,0x1a,0x6f,
	0xa5,0x5f,0xec,0x7a,0xf9,0x9c,0xc2,0xe2,0x84,0xec,0x75,0x1c,0x6f,0xa9,0x1f,0xe4,
	0x2e,0xf1,0x16,0xf9,0x79,0x18,0xcb,0x3f,0xb2,0x9b,0xa7,0x23,0x41,0xd9,0x7d,0x08,
	0x4e,0x39,0xd3,0x51,0x61,0xe6,0x8b,0xf4,0xe2,0xfb,0xdf,0x71,0xc7,0x5b,0x21,0xf8,
	0x00,0x00,0x00,0x40,0x00,0x00,0x00,0x00,0x00,0x00,0x00,0x00,0x00,0x00,0x00,0x00,
	0x00,0x00,0x00,0x00,0x00,0x00,0x00,0x00,0x00,0x00,0x00,0x00,0x00,0x00,0x00,0x00,
	0x00,0x00,0x00,0x00,0x00,0x00,0x00,0x00,0x04,0x02,0x00,0x00,0x00,0x00,0x00,0x00,
	0x00,0x00,0x00,0x00,0x00,0x00,0x00,0x00,0x00,0x00,0x00,0x00,0x00,0x00,0x00,0x00,
	0x00,0x00,0x00,0x00,0x00,0x00,0x00,0x00,0x00,0x00,0x00,0x00,0x00,0x00,0x00,0x00,
	0x00,0x00,0x00,0x00,0x00,0x00,0x00,0x00,0x00,0x00,0x00,0x00,0x00,0x00,0x00,0x00,
	0x00,0x00,0x00,0x00,0x00,0x00,0x00,0x00,0x04,0x02,0x00,0x00,0x00,0x00,0x00,0x00,
	0x00,0x00,0x00,0x00,0x00,0x00,0x00,0x00,0x00,0x00,0x00,0x00,0x00,0x00,0x00,0x00,
	0x00,0x00,0x00,0x00,0x00,0x00,0x00,0x00,0x00,0x00,0x00,0x00,0x00,0x00,0x00,0x00,
	0x00,0x00,0x00,0x00,0x00,0x00,0x00,0x00,0x00,0x00,0x00,0x00,0x00,0x00,0x00,0x00,
	0x00,0x00,0x00,0x00,0x00,0x00,0x00,0x00,0x00,0x01,0x00,0x00,0x00,0x00,0x00,0x00,
	0x00,0x00,0x00,0x00,0x00,0x00,0x00,0x00,0x00,0x00,0x00,0x00,0x00,0x00,0x00,0x00,
	0x00,0x00,0x00,0x00,0x00,0x00,0x00,0x00,0x00,0x00,0x00,0x00,0x00,0x00,0x00,0x00,
	0x00,0x00,0x00,0x00,0x00,0x00,0x00,0x00,0x00,0x00,0x00,0x00,0x00,0x00,0x00,0x00,
	0x00,0x00,0x00,0x00,0x00,0x00,0x00,0x00,0x00,0x01,0x00,0x00,0x00,0x00,0x00,0x00,
	0x00,0x00,0x00,0x00,0x00,0x00,0x00,0x00,0x00,0x00,0x00,0x00,0x00,0x00,0x00,0x00,
	0x00,0x00,0x00,0x00,0x00,0x00,0x00,0x00,0x00,0x00,0x00,0x00,0x00,0x00,0x00,0x00,
	0x00,0x00,0x00,0x00,0x00,0x00,0x00,0x00,0x00,0x00,0x00,0x00,0x00,0x00,0x00,0x00,
	0x00,0x00,0x00,0x00,0x00,0x00,0x00,0x00,0x00,0x01,0x00,0x00,0x00,0x00,0x00,0x00,
	0x00,0x00,0x00,0x00,0x00,0x00,0x00,0x00,0x00,0x00,0x00,0x00,0x00,0x00,0x00,0x00,
	0x00,0x00,0x00,0x00,0x00,0x00,0x00,0x00,0x00,0x00,0x00,0x00,0x00,0x00,0x00,0x00,
	0x00,0x00,0x00,0x00,0x00,0x00,0x00,0x00,0x00,0x00,0x00,0x00,0x00,0x00,0x00,0x00,
	0x00,0x00,0x00,0x00,0x00,0x00,0x00,0x00,0x00,0x01,0x00,0x00,0x00,0x00,0x00,0x00,
	0x00,0x00,0x00,0x00,0x00,0x00,0x00,0x00,0x00,0x00,0x00,0x00,0x00,0x00,0x00,0x00,
	0x00,0x00,0x00,0x00,0x00,0x00,0x00,0x00,0x00,0x00,0x00,0x00,0x00,0x00,0x00,0x00,
	0x00,0x00,0x00,0x00,0x00,0x00,0x00,0x00,0x00,0x00,0x00,0x00,0x00,0x00,0x00,0x00,
	0x00,0x00,0x00,0x00,0x00,0x00,0x00,0x00,0x03,0x02,0x00,0x00,0x00,0x00,0x00,0x00,
	0x00,0x00,0x00,0x00,0x00,0x00,0x00,0x00,0x00,0x00,0x00,0x00,0x00,0x00,0x00,0x00,
	0x12,0x41,0x00,0x01,0x00,0x00,0x00,0x00,0x00,0x00,0x00,0x00,0x00,0x00,0x00,0x00,
	0x00,0x00,0x00,0x00,0x00,0x00,0x00,0x00,0x00,0x00,0x00,0x00,0x04,0x2f,0xe5,0xdc,
	0xdb,0xfe,0x2b,0x9d,0x4f,0xa6,0x88,0x2c,0xac,0x8f,0x1a,0x6f,0xa5,0x5f,0xec,0x7a,
	0xf9,0x9c,0xc2,0xe2,0x84,0xec,0x75,0x1c,0x6f,0xa9,0x1f,0xe4,0x2e,0xf1,0x16,0xf9,
	0x79,0x18,0xcb,0x3f,0xb2,0x9b,0xa7,0x23,0x41,0xd9,0x7d,0x08,0x4e,0x39,0xd3,0x51,
	0x61,0xe6,0x8b,0xf4,0xe2,0xfb,0xdf,0x71,0xc7,0x5b,0x21,0xf8,0x00,0x00,0x00,0x40,
	0x00,0x00,0x00,0x00,0x00,0x00,0x00,0x00,0x00,0x00,0x00,0x00,0x00,0x00,0x00,0x00,
	0x00,0x00,0x00,0x00,0x00,0x00,0x00,0x00,0x00,0x00,0x00,0x00,0x00,0x00,0x00,0x00,
	0x00,0x00,0x00,0x00,0x04,0x02,0x00,0x00,0x00,0x00,0x00,0x00,0x00,0x00,0x00,0x00,
	0x00,0x00,0x00,0x00,0x00,0x00,0x00,0x00,0x00,0x00,0x00,0x00,0x00,0x00,0x00,0x00,
	0x00,0x00,0x00,0x00,0x00,0x00,0x00,0x00,0x00,0x00,0x00,0x00,0x00,0x00,0x00,0x00,
	0x00,0x00,0x00,0x00,0x00,0x00,0x00,0x00,0x00,0x00,0x00,0x00,0x00,0x00,0x00,0x00,
	0x00,0x00,0x00,0x00,0x04,0x02,0x00,0x00,0x00,0x00,0x00,0x00,0x00,0x00,0x00,0x00,
	0x00,0x00,0x00,0x00,0x00,0x00,0x00,0x00,0x00,0x00,0x00,0x00,0x00,0x00,0x00,0x00,
	0x00,0x00,0x00,0x00,0x00,0x00,0x00,0x00,0x00,0x00,0x00,0x00,0x00,0x00,0x00,0x00,
	0x00,0x00,0x00,0x00,0x00,0x00,0x00,0x00,0x00,0x00,0x00,0x00,0x00,0x00,0x00,0x00,
	0x00,0x00,0x00,0x00,0x00,0x01,0x00,0x00,0x00,0x00,0x00,0x00,0x00,0x00,0x00,0x00,
	0x00,0x00,0x00,0x00,0x00,0x00,0x00,0x00,0x00,0x00,0x00,0x00,0x00,0x00,0x00,0x00,
	0x00,0x00,0x00,0x00,0x00,0x00,0x00,0x00,0x00,0x00,0x00,0x00,0x00,0x00,0x00,0x00,
	0x00,0x00,0x00,0x00,0x00,0x00,0x00,0x00,0x00,0x00,0x00,0x00,0x00,0x00,0x00,0x00,
	0x00,0x00,0x00,0x00,0x00,0x01,0x00,0x00,0x00,0x00,0x00,0x00,0x00,0x00,0x00,0x00,
	0x00,0x00,0x00,0x00,0x00,0x00,0x00,0x00,0x00,0x00,0x00,0x00,0x00,0x00,0x00,0x00,
	0x00,0x00,0x00,0x00,0x00,0x00,0x00,0x00,0x00,0x00,0x00,0x00,0x00,0x00,0x00,0x00,
	0x00,0x00,0x00,0x00,0x00,0x00,0x00,0x00,0x00,0x00,0x00,0x00,0x00,0x00,0x00,0x00,
	0x00,0x00,0x00,0x00,0x00,0x01,0x00,0x00,0x00,0x00,0x00,0x00,0x00,0x00,0x00,0x00,
	0x00,0x00,0x00,0x00,0x00,0x00,0x00,0x00,0x00,0x00,0x00,0x00,0x00,0x00,0x00,0x00,
	0x00,0x00,0x00,0x00,0x00,0x00,0x00,0x00,0x00,0x00,0x00,0x00,0x00,0x00,0x00,0x00,
	0x00,0x00,0x00,0x00,0x00,0x00,0x00,0x00,0x00,0x00,0x00,0x00,0x00,0x00,0x00,0x00,
	0x00,0x00,0x00,0x00,0x00,0x01,0x00,0x00,0x00,0x00,0x00,0x00,0x00,0x00,0x00,0x00,
	0x00,0x00,0x00,0x00,0x00,0x00,0x00,0x00,0x00,0x00,0x00,0x00,0x00,0x00,0x00,0x00,
	0x00,0x00,0x00,0x00,0x00,0x00,0x00,0x00,0x00,0x00,0x00,0x00,0x00,0x00,0x00,0x00,
	0x00,0x00,0x00,0x00,0x00,0x00,0x00,0x00,0x00,0x00,0x00,0x00,0x00,0x00,0x00,0x00,
	0x00,0x00,0x00,0x00,0x03,0x02,0x00,0x00,0x00,0x00,0x00,0x00,0x00,0x00,0x00,0x00,
	0x00,0x00,0x00,0x00,0x00,0x00,0x00,0x00,0x00,0x00,0x00,0x00,0x12,0x41,0x00,0x01,
	0x00,0x00,0x00,0x00,0x00,0x00,0x00,0x00,0x00,0x00,0x00,0x00,0x00,0x00,0x00,0x00,
	0x00,0x00,0x00,0x00,0x00,0x00,0x00,0x00,0x04,0x2f,0xe5,0xdc,0xdb,0xfe,0x2b,0x9d,
	0x4f,0xa6,0x88,0x2c,0xac,0x8f,0x1a,0x6f,0xa5,0x5f,0xec,0x7a,0xf9,0x9c,0xc2,0xe2,
	0x84,0xec,0x75,0x1c,0x6f,0xa9,0x1f,0xe4,0x2e,0xf1,0x16,0xf9,0x79,0x18,0xcb,0x3f,
	0xb2,0x9b,0xa7,0x23,0x41,0xd9,0x7d,0x08,0x4e,0x39,0xd3,0x51,0x61,0xe6,0x8b,0xf4,
	0xe2,0xfb,0xdf,0x71,0xc7,0x5b,0x21,0xf8,0x00,0x00,0x00,0x40,0x00,0x00,0x00,0x00,
	0x00,0x00,0x00,0x00,0x00,0x00,0x00,0x00,0x00,0x00,0x00,0x00,0x00,0x00,0x00,0x00,
	0x00,0x00,0x00,0x00,0x00,0x00,0x00,0x00,0x00,0x00,0x00,0x00,0x00,0x00,0x00,0x00,
	0x04,0x02,0x00,0x00,0x00,0x00,0x00,0x00,0x00,0x00,0x00,0x00,0x00,0x00,0x00,0x00,
	0x00,0x00,0x00,0x00,0x00,0x00,0x00,0x00,0x00,0x00,0x00,0x00,0x00,0x00,0x00,0x00,
	0x00,0x00,0x00,0x00,0x00,0x00,0x00,0x00,0x00,0x00,0x00,0x00,0x00,0x00,0x00,0x00,
	0x00,0x00,0x00,0x00,0x00,0x00,0x00,0x00,0x00,0x00,0x00,0x00,0x00,0x00,0x00,0x00,
	0x04,0x02,0x00,0x00,0x00,0x00,0x00,0x00,0x00,0x00,0x00,0x00,0x00,0x00,0x00,0x00,
	0x00,0x00,0x00,0x00,0x00,0x00,0x00,0x00,0x00,0x00,0x00,0x00,0x00,0x00,0x00,0x00,
	0x00,0x00,0x00,0x00,0x00,0x00,0x00,0x00,0x00,0x00,0x00,0x00,0x00,0x00,0x00,0x00,
	0x00,0x00,0x00,0x00,0x00,0x00,0x00,0x00,0x00,0x00,0x00,0x00,0x00,0x00,0x00,0x00,
	0x00,0x01,0x00,0x00,0x00,0x00,0x00,0x00,0x00,0x00,0x00,0x00,0x00,0x00,0x00,0x00,
	0x00,0x00,0x00,0x00,0x00,0x00,0x00,0x00,0x00,0x00,0x00,0x00,0x00,0x00,0x00,0x00,
	0x00,0x00,0x00,0x00,0x00,0x00,0x00,0x00,0x00,0x00,0x00,0x00,0x00,0x00,0x00,0x00,
	0x00,0x00,0x00,0x00,0x00,0x00,0x00,0x00,0x00,0x00,0x00,0x00,0x00,0x00,0x00,0x00,
	0x00,0x01,0x00,0x00,0x00,0x00,0x00,0x00,0x00,0x00,0x00,0x00,0x00,0x00,0x00,0x00,
	0x00,0x00,0x00,0x00,0x00,0x00,0x00,0x00,0x00,0x00,0x00,0x00,0x00,0x00,0x00,0x00,
	0x00,0x00,0x00,0x00,0x00,0x00,0x00,0x00,0x00,0x00,0x00,0x00,0x00,0x00,0x00,0x00,
	0x00,0x00,0x00,0x00,0x00,0x00,0x00,0x00,0x00,0x00,0x00,0x00,0x00,0x00,0x00,0x00,
	0x00,0x01,0x00,0x00,0x00,0x00,0x00,0x00,0x00,0x00,0x00,0x00,0x00,0x00,0x00,0x00,
	0x00,0x00,0x00,0x00,0x00,0x00,0x00,0x00,0x00,0x00,0x00,0x00,0x00,0x00,0x00,0x00,
	0x00,0x00,0x00,0x00,0x00,0x00,0x00,0x00,0x00,0x00,0x00,0x00,0x00,0x00,0x00,0x00,
	0x00,0x00,0x00,0x00,0x00,0x00,0x00,0x00,0x00,0x00,0x00,0x00,0x00,0x00,0x00,0x00,
	0x00,0x01,0x00,0x00,0x00,0x00,0x00,0x00,0x00,0x00,0x00,0x00,0x00,0x00,0x00,0x00,
	0x00,0x00,0x00,0x00,0x00,0x00,0x00,0x00,0x00,0x00,0x00,0x00,0x00,0x00,0x00,0x00,
	0x00,0x00,0x00,0x00,0x00,0x00,0x00,0x00,0x00,0x00,0x00,0x00,0x00,0x00,0x00,0x00,
	0x00,0x00,0x00,0x00,0x00,0x00,0x00,0x00,0x00,0x00,0x00,0x00,0x00,0x00,0x00,0x00,
	0x03,0x02,0x00,0x00,0x00,0x00,0x00,0x00,0x00,0x00,0x00,0x00,0x00,0x00,0x00,0x00,
	0x00,0x00,0x00,0x00,0x00,0x00,0x00,0x00,0x12,0x41,0x00,0x01,0x00,0x00,0x00,0x00,
	0x00,0x00,0x00,0x00,0x00,0x00,0x00,0x00,0x00,0x00,0x00,0x00,0x00,0x00,0x00,0x00,
	0x00,0x00,0x00,0x00,0x04,0x2f,0xe5,0xdc,0xdb,0xfe,0x2b,0x9d,0x4f,0xa6,0x88,0x2c,
	0xac,0x8f,0x1a,0x6f,0xa5,0x5f,0xec,0x7a,0xf9,0x9c,0xc2,0xe2,0x84,0xec,0x75,0x1c,
	0x6f,0xa9,0x1f,0xe4,0x2e,0xf1,0x16,0xf9,0x79,0x18,0xcb,0x3f,0xb2,0x9b,0xa7,0x23,
	0x41,0xd9,0x7d,0x08,0x4e,0x39,0xd3,0x51,0x61,0xe6,0x8b,0xf4,0xe2,0xfb,0xdf,0x71,
	0xc7,0x5b,0x21,0xf8,0x00,0x00,0x00,0x40,0x00,0x00,0x00,0x00,0x00,0x00,0x00,0x00,
	0x00,0x00,0x00,0x00,0x00,0x00,0x00,0x00,0x00,0x00,0x00,0x00,0x00,0x00,0x00,0x00,
	0x00,0x00,0x00,0x00,0x00,0x00,0x00,0x00,0x00,0x00,0x00,0x00,0x04,0x02,0x00,0x00,
	0x00,0x00,0x00,0x00,0x00,0x00,0x00,0x00,0x00,0x00,0x00,0x00,0x00,0x00,0x00,0x00,
	0x00,0x00,0x00,0x00,0x00,0x00,0x00,0x00,0x00,0x00,0x00,0x00,0x00,0x00,0x00,0x00,
	0x00,0x00,0x00,0x00,0x00,0x00,0x00,0x00,0x00,0x00,0x00,0x00,0x00,0x00,0x00,0x00,
	0x00,0x00,0x00,0x00,0x00,0x00,0x00,0x00,0x00,0x00,0x00,0x00,0x04,0x02,0x00,0x00,
	0x00,0x00,0x00,0x00,0x00,0x00,0x00,0x00,0x00,0x00,0x00,0x00,0x00,0x00,0x00,0x00,
	0x00,0x00,0x00,0x00,0x00,0x00,0x00,0x00,0x00,0x00,0x00,0x00,0x00,0x00,0x00,0x00,
	0x00,0x00,0x00,0x00,0x00,0x00,0x00,0x00,0x00,0x00,0x00,0x00,0x00,0x00,0x00,0x00,
	0x00,0x00,0x00,0x00,0x00,0x00,0x00,0x00,0x00,0x00,0x00,0x00,0x00,0x01,0x00,0x00,
	0x00,0x00,0x00,0x00,0x00,0x00,0x00,0x00,0x00,0x00,0x00,0x00,0x00,0x00,0x00,0x00,
	0x00,0x00,0x00,0x00,0x00,0x00,0x00,0x00,0x00,0x00,0x00,0x00,0x00,0x00,0x00,0x00,
	0x00,0x00,0x00,0x00,0x00,0x00,0x00,0x00,0x00,0x00,0x00,0x00,0x00,0x00,0x00,0x00,
	0x00,0x00,0x00,0x00,0x00,0x00,0x00,0x00,0x00,0x00,0x00,0x00,0x00,0x01,0x00,0x00,
	0x00,0x00,0x00,0x00,0x00,0x00,0x00,0x00,0x00,0x00,0x00,0x00,0x00,0x00,0x00,0x00,
	0x00,0x00,0x00,0x00,0x00,0x00,0x00,0x00,0x00,0x00,0x00,0x00,0x00,0x00,0x00,0x00,
	0x00,0x00,0x00,0x00,0x00,0x00,0x00,0x00,0x00,0x00,0x00,0x00,0x00,0x00,0x00,0x00,
	0x00,0x00,0x00,0x00,0x00,0x00,0x00,0x00,0x00,0x00,0x00,0x00,0x00,0x01,0x00,0x00,
	0x00,0x00,0x00,0x00,0x00,0x00,0x00,0x00,0x00,0x00,0x00,0x00,0x00,0x00,0x00,0x00,
	0x00,0x00,0x00,0x00,0x00,0x00,0x00,0x00,0x00,0x00,0x00,0x00,0x00,0x00,0x00,0x00,
	0x00,0x00,0x00,0x00,0x00,0x00,0x00,0x00,0x00,0x00,0x00,0x00,0x00,0x00,0x00,0x00,
	0x00,0x00,0x00,0x00,0x00,0x00,0x00,0x00,0x00,0x00,0x00,0x00,0x00,0x01,0x00,0x00,
	0x00,0x00,0x00,0x00,0x00,0x00,0x00,0x00,0x00,0x00,0x00,0x00,0x00,0x00,0x00,0x00,
	0x00,0x00,0x00,0x00,0x00,0x00,0x00,0x00,0x00,0x00,0x00,0x00,0x00,0x00,0x00,0x00,
	0x00,0x00,0x00,0x00,0x00,0x00,0x00,0x00,0x00,0x00,0x00,0x00,0x00,0x00,0x00,0x00,
	0x00,0x00,0x00,0x00,0x00,0x00,0x00,0x00,0x00,0x00,0x00,0x00,0x03,0x02,0x00,0x00,
	0x00,0x00,0x00,0x00,0x00,0x00,0x00,0x00,0x00,0x00,0x00,0x00,0x00,0x00,0x00,0x00,
	0x00,0x00,0x00,0x00,0x12,0x41,0x00,0x01,0x00,0x00,0x00,0x00,0x00,0x00,0x00,0x00,
	0x00,0x00,0x00,0x00,0x00,0x00,0x00,0x00,0x00,0x00,0x00,0x00,0x00,0x00,0x00,0x00,
	0x04,0x2f,0xe5,0xdc,0xdb,0xfe,0x2b,0x9d,0x4f,0xa6,0x88,0x2c,0xac,0x8f,0x1a,0x6f,
	0xa5,0x5f,0xec,0x7a,0xf9,0x9c,0xc2,0xe2,0x84,0xec,0x75,0x1c,0x6f,0xa9,0x1f,0xe4,
	0x2e,0xf1,0x16,0xf9,0x79,0x18,0xcb,0x3f,0xb2,0x9b,0xa7,0x23,0x41,0xd9,0x7d,0x08,
	0x4e,0x39,0xd3,0x51,0x61,0xe6,0x8b,0xf4,0xe2,0xfb,0xdf,0x71,0xc7,0x5b,0x21,0xf8,
	0x00,0x00,0x00,0x40,0x00,0x00,0x00,0x00,0x00,0x00,0x00,0x00,0x00,0x00,0x00,0x00,
	0x00,0x00,0x00,0x00,0x00,0x00,0x00,0x00,0x00,0x00,0x00,0x00,0x00,0x00,0x00,0x00,
	0x00,0x00,0x00,0x00,0x00,0x00,0x00,0x00,0x04,0x02,0x00,0x00,0x00,0x00,0x00,0x00,
	0x00,0x00,0x00,0x00,0x00,0x00,0x00,0x00,0x00,0x00,0x00,0x00,0x00,0x00,0x00,0x00,
	0x00,0x00,0x00,0x00,0x00,0x00,0x00,0x00,0x00,0x00,0x00,0x00,0x00,0x00,0x00,0x00,
	0x00,0x00,0x00,0x00,0x00,0x00,0x00,0x00,0x00,0x00,0x00,0x00,0x00,0x00,0x00,0x00,
	0x00,0x00,0x00,0x00,0x00,0x00,0x00,0x00,0x04,0x02,0x00,0x00,0x00,0x00,0x00,0x00,
	0x00,0x00,0x00,0x00,0x00,0x00,0x00,0x00,0x00,0x00,0x00,0x00,0x00,0x00,0x00,0x00,
	0x00,0x00,0x00,0x00,0x00,0x00,0x00,0x00,0x00,0x00,0x00,0x00,0x00,0x00,0x00,0x00,
	0x00,0x00,0x00,0x00,0x00,0x00,0x00,0x00,0x00,0x00,0x00,0x00,0x00,0x00,0x00,0x00,
	0x00,0x00,0x00,0x00,0x00,0x00,0x00,0x00,0x00,0x01,0x00,0x00,0x00,0x00,0x00,0x00,
	0x00,0x00,0x00,0x00,0x00,0x00,0x00,0x00,0x00,0x00,0x00,0x00,0x00,0x00,0x00,0x00,
	0x00,0x00,0x00,0x00,0x00,0x00,0x00,0x00,0x00,0x00,0x00,0x00,0x00,0x00,0x00,0x00,
	0x00,0x00,0x00,0x00,0x00,0x00,0x00,0x00,0x00,0x00,0x00,0x00,0x00,0x00,0x00,0x00,
	0x00,0x00,0x00,0x00,0x00,0x00,0x00,0x00,0x00,0x01,0x00,0x00,0x00,0x00,0x00,0x00,
	0x00,0x00,0x00,0x00,0x00,0x00,0x00,0x00,0x00,0x00,0x00,0x00,0x00,0x00,0x00,0x00,
	0x00,0x00,0x00,0x00,0x00,0x00,0x00,0x00,0x00,0x00,0x00,0x00,0x00,0x00,0x00,0x00,
	0x00,0x00,0x00,0x00,0x00,0x00,0x00,0x00,0x00,0x00,0x00,0x00,0x00,0x00,0x00,0x00,
	0x00,0x00,0x00,0x00,0x00,0x00,0x00,0x00,0x00,0x01,0x00,0x00,0x00,0x00,0x00,0x00,
	0x00,0x00,0x00,0x00,0x00,0x00,0x00,0x00,0x00,0x00,0x00,0x00,0x00,0x00,0x00,0x00,
	0x00,0x00,0x00,0x00,0x00,0x00,0x00,0x00,0x00,0x00,0x00,0x00,0x00,0x00,0x00,0x00,
	0x00,0x00,0x00,0x00,0x00,0x00,0x00,0x00,0x00,0x00,0x00,0x00,0x00,0x00,0x00,0x00,
	0x00,0x00,0x00,0x00,0x00,0x00,0x00,0x00,0x00,0x01,0x00,0x00,0x00,0x00,0x00,0x00,
	0x00,0x00,0x00,0x00,0x00,0x00,0x00,0x00,0x00,0x00,0x00,0x00,0x00,0x00,0x00,0x00,
	0x00,0x00,0x00,0x00,0x00,0x00,0x00,0x00,0x00,0x00,0x00,0x00,0x00,0x00,0x00,0x00,
	0x00,0x00,0x00,0x00,0x00,0x00,0x00,0x00,0x00,0x00,0x00,0x00,0x00,0x00,0x00,0x00,
	0x00,0x00,0x00,0x00,0x00,0x00,0x00,0x00,0x03,0x02,0x00,0x00,0x00,0x00,0x00,0x00,
	0x00,0x00,0x00,0x00,0x00,0x00,0x00,0x00,0x00,0x00,0x00,0x00,0x00,0x00,0x00,0x00,
	0x12,0x41,0x00,0x01,0x00,0x00,0x00,0x00,0x00,0x00,0x00,0x00,0x00,0x00,0x00,0x00,
	0x00,0x00,0x00,0x00,0x00,0x00,0x00,0x00,0x00,0x00,0x00,0x00,0x04,0x2f,0xe5,0xdc,
	0xdb,0xfe,0x2b,0x9d,0x4f,0xa6,0x88,0x2c,0xac,0x8f,0x1a,0x6f,0xa5,0x5f,0xec,0x7a,
	0xf9,0x9c,0xc2,0xe2,0x84,0xec,0x75,0x1c,0x6f,0xa9,0x1f,0xe4,0x2e,0xf1,0x16,0xf9,
	0x79,0x18,0xcb,0x3f,0xb2,0x9b,0xa7,0x23,0x41,0xd9,0x7d,0x08,0x4e,0x39,0xd3,0x51,
	0x61,0xe6,0x8b,0xf4,0xe2,0xfb,0xdf,0x71,0xc7,0x5b,0x21,0xf8,0x00,0x00,0x00,0x40,
	0x00,0x00,0x00,0x00,0x00,0x00,0x00,0x00,0x00,0x00,0x00,0x00,0x00,0x00,0x00,0x00,
	0x00,0x00,0x00,0x00,0x00,0x00,0x00,0x00,0x00,0x00,0x00,0x00,0x00,0x00,0x00,0x00,
	0x00,0x00,0x00,0x00,0x04,0x02,0x00,0x00,0x00,0x00,0x00,0x00,0x00,0x00,0x00,0x00,
	0x00,0x00,0x00,0x00,0x00,0x00,0x00,0x00,0x00,0x00,0x00,0x00,0x00,0x00,0x00,0x00,
	0x00,0x00,0x00,0x00,0x00,0x00,0x00,0x00,0x00,0x00,0x00,0x00,0x00,0x00,0x00,0x00,
	0x00,0x00,0x00,0x00,0x00,0x00,0x00,0x00,0x00,0x00,0x00,0x00,0x00,0x00,0x00,0x00,
	0x00,0x00,0x00,0x00,0x04,0x02,0x00,0x00,0x00,0x00,0x00,0x00,0x00,0x00,0x00,0x00,
	0x00,0x00,0x00,0x00,0x00,0x00,0x00,0x00,0x00,0x00,0x00,0x00,0x00,0x00,0x00,0x00,
	0x00,0x00,0x00,0x00,0x00,0x00,0x00,0x00,0x00,0x00,0x00,0x00,0x00,0x00,0x00,0x00,
	0x00,0x00,0x00,0x00,0x00,0x00,0x00,0x00,0x00,0x00,0x00,0x00,0x00,0x00,0x00,0x00,
	0x00,0x00,0x00,0x00,0x00,0x01,0x00,0x00,0x00,0x00,0x00,0x00,0x00,0x00,0x00,0x00,
	0x00,0x00,0x00,0x00,0x00,0x00,0x00,0x00,0x00,0x00,0x00,0x00,0x00,0x00,0x00,0x00,
	0x00,0x00,0x00,0x00,0x00,0x00,0x00,0x00,0x00,0x00,0x00,0x00,0x00,0x00,0x00,0x00,
	0x00,0x00,0x00,0x00,0x00,0x00,0x00,0x00,0x00,0x00,0x00,0x00,0x00,0x00,0x00,0x00,
	0x00,0x00,0x00,0x00,0x00,0x01,0x00,0x00,0x00,0x00,0x00,0x00,0x00,0x00,0x00,0x00,
	0x00,0x00,0x00,0x00,0x00,0x00,0x00,0x00,0x00,0x00,0x00,0x00,0x00,0x00,0x00,0x00,
	0x00,0x00,0x00,0x00,0x00,0x00,0x00,0x00,0x00,0x00,0x00,0x00,0x00,0x00,0x00,0x00,
	0x00,0x00,0x00,0x00,0x00,0x00,0x00,0x00,0x00,0x00,0x00,0x00,0x00,0x00,0x00,0x00,
	0x00,0x00,0x00,0x00,0x00,0x01,0x00,0x00,0x00,0x00,0x00,0x00,0x00,0x00,0x00,0x00,
	0x00,0x00,0x00,0x00,0x00,0x00,0x00,0x00,0x00,0x00,0x00,0x00,0x00,0x00,0x00,0x00,
	0x00,0x00,0x00,0x00,0x00,0x00,0x00,0x00,0x00,0x00,0x00,0x00,0x00,0x00,0x00,0x00,
	0x00,0x00,0x00,0x00,0x00,0x00,0x00,0x00,0x00,0x00,0x00,0x00,0x00,0x00,0x00,0x00,
	0x00,0x00,0x00,0x00,0x00,0x01,0x00,0x00,0x00,0x00,0x00,0x00,0x00,0x00,0x00,0x00,
	0x00,0x00,0x00,0x00,0x00,0x00,0x00,0x00,0x00,0x00,0x00,0x00,0x00,0x00,0x00,0x00,
	0x00,0x00,0x00,0x00,0x00,0x00,0x00,0x00,0x00,0x00,0x00,0x00,0x00,0x00,0x00,0x00,
	0x00,0x00,0x00,0x00,0x00,0x00,0x00,0x00,0x00,0x00,0x00,0x00,0x00,0x00,0x00,0x00,
	0x00,0x00,0x00,0x00,0x03,0x02,0x00,0x00,0x00,0x00,0x00,0x00,0x00,0x00,0x00,0x00,
	0x00,0x00,0x00,0x00,0x00,0x00,0x00,0x00,0x00,0x00,0x00,0x00,0x12,0x41,0x00,0x01,
	0x00,0x00,0x00,0x00,0x00,0x00,0x00,0x00,0x00,0x00,0x00,0x00,0x00,0x00,0x00,0x00,
	0x00,0x00,0x00,0x00,0x00,0x00,0x00,0x00,0x04,0x2f,0xe5,0xdc,0xdb,0xfe,0x2b,0x9d,
	0x4f,0xa6,0x88,0x2c,0xac,0x8f,0x1a,0x6f,0xa5,0x5f,0xec,0x7a,0xf9,0x9c,0xc2,0xe2,
	0x84,0xec,0x75,0x1c,0x6f,0xa9,0x1f,0xe4,0x2e,0xf1,0x16,0xf9,0x79,0x18,0xcb,0x3f,
	0xb2,0x9b,0xa7,0x23,0x41,0xd9,0x7d,0x08,0x4e,0x39,0xd3,0x51,0x61,0xe6,0x8b,0xf4,
	0xe2,0xfb,0xdf,0x71,0xc7,0x5b,0x21,0xf8,0x00,0x00,0x00,0x40,0x00,0x00,0x00,0x00,
	0x00,0x00,0x00,0x00,0x00,0x00,0x00,0x00,0x00,0x00,0x00,0x00,0x00,0x00,0x00,0x00,
	0x00,0x00,0x00,0x00,0x00,0x00,0x00,0x00,0x00,0x00,0x00,0x00,0x00,0x00,0x00,0x00,
	0x04,0x02,0x00,0x00,0x00,0x00,0x00,0x00,0x00,0x00,0x00,0x00,0x00,0x00,0x00,0x00,
	0x00,0x00,0x00,0x00,0x00,0x00,0x00,0x00,0x00,0x00,0x00,0x00,0x00,0x00,0x00,0x00,
	0x00,0x00,0x00,0x00,0x00,0x00,0x00,0x00,0x00,0x00,0x00,0x00,0x00,0x00,0x00,0x00,
	0x00,0x00,0x00,0x00,0x00,0x00,0x00,0x00,0x00,0x00,0x00,0x00,0x00,0x00,0x00,0x00,
	0x04,0x02,0x00,0x00,0x00,0x00,0x00,0x00,0x00,0x00,0x00,0x00,0x00,0x00,0x00,0x00,
	0x00,0x00,0x00,0x00,0x00,0x00,0x00,0x00,0x00,0x00,0x00,0x00,0x00,0x00,0x00,0x00,
	0x00,0x00,0x00,0x00,0x00,0x00,0x00,0x00,0x00,0x00,0x00,0x00,0x00,0x00,0x00,0x00,
	0x00,0x00,0x00,0x00,0x00,0x00,0x00,0x00,0x00,0x00,0x00,0x00,0x00,0x00,0x00,0x00,
	0x00,0x01,0x00,0x00,0x00,0x00,0x00,0x00,0x00,0x00,0x00,0x00,0x00,0x00,0x00,0x00,
	0x00,0x00,0x00,0x00,0x00,0x00,0x00,0x00,0x00,0x00,0x00,0x00,0x00,0x00,0x00,0x00,
	0x00,0x00,0x00,0x00,0x00,0x00,0x00,0x00,0x00,0x00,0x00,0x00,0x00,0x00,0x00,0x00,
	0x00,0x00,0x00,0x00,0x00,0x00,0x00,0x00,0x00,0x00,0x00,0x00,0x00,0x00,0x00,0x00,
	0x00,0x01,0x00,0x00,0x00,0x00,0x00,0x00,0x00,0x00,0x00,0x00,0x00,0x00,0x00,0x00,
	0x00,0x00,0x00,0x00,0x00,0x00,0x00,0x00,0x00,0x00,0x00,0x00,0x00,0x00,0x00,0x00,
	0x00,0x00,0x00,0x00,0x00,0x00,0x00,0x00,0x00,0x00,0x00,0x00,0x00,0x00,0x00,0x00,
	0x00,0x00,0x00,0x00,0x00,0x00,0x00,0x00,0x00,0x00,0x00,0x00,0x00,0x00,0x00,0x00,
	0x00,0x01,0x00,0x00,0x00,0x00,0x00,0x00,0x00,0x00,0x00,0x00,0x00,0x00,0x00,0x00,
	0x00,0x00,0x00,0x00,0x00,0x00,0x00,0x00,0x00,0x00,0x00,0x00,0x00,0x00,0x00,0x00,
	0x00,0x00,0x00,0x00,0x00,0x00,0x00,0x00,0x00,0x00,0x00,0x00,0x00,0x00,0x00,0x00,
	0x00,0x00,0x00,0x00,0x00,0x00,0x00,0x00,0x00,0x00,0x00,0x00,0x00,0x00,0x00,0x00,
	0x00,0x01,0x00,0x00,0x00,0x00,0x00,0x00,0x00,0x00,0x00,0x00,0x00,0x00,0x00,0x00,
	0x00,0x00,0x00,0x00,0x00,0x00,0x00,0x00,0x00,0x00,0x00,0x00,0x00,0x00,0x00,0x00,
	0x00,0x00,0x00,0x00,0x00,0x00,0x00,0x00,0x00,0x00,0x00,0x00,0x00,0x00,0x00,0x00,
	0x00,0x00,0x00,0x00,0x00,0x00,0x00,0x00,0x00,0x00,0x00,0x00,0x00,0x00,0x00,0x00,
	0x03,0x02,0x00,0x00,0x00,0x00,0x00,0x00,0x00,0x00,0x00,0x00,0x00,0x00,0x00,0x00,
	0x00,0x00,0x00,0x00,0x00,0x00,0x00,0x00,0x12,0x41,0x00,0x01,0x00,0x00,0x00,0x00,
	0x00,0x00,0x00,0x00,0x00,0x00,0x00,0x00,0x00,0x00,0x00,0x00,0x00,0x00,0x00,0x00,
	0x00,0x00,0x00,0x00,0x04,0x2f,0xe5,0xdc,0xdb,0xfe,0x2b,0x9d,0x4f,0xa6,0x88,0x2c,
	0xac,0x8f,0x1a,0x6f,0xa5,0x5f,0xec,0x7a,0xf9,0x9c,0xc2,0xe2,0x84,0xec,0x75,0x1c,
	0x6f,0xa9,0x1f,0xe4,0x2e,0xf1,0x16,0xf9,0x79,0x18,0xcb,0x3f,0xb2,0x9b,0xa7,0x23,
	0x41,0xd9,0x7d,0x08,0x4e,0x39,0xd3,0x51,0x61,0xe6,0x8b,0xf4,0xe2,0xfb,0xdf,0x71,
	0xc7,0x5b,0x21,0xf8,0x00,0x00,0x00,0x40,0x00,0x00,0x00,0x00,0x00,0x00,0x00,0x00,
	0x00,0x00,0x00,0x00,0x00,0x00,0x00,0x00,0x00,0x00,0x00,0x00,0x00,0x00,0x00,0x00,
	0x00,0x00,0x00,0x00,0x00,0x00,0x00,0x00,0x00,0x00,0x00,0x00,0x04,0x02,0x00,0x00,
	0x00,0x00,0x00,0x00,0x00,0x00,0x00,0x00,0x00,0x00,0x00,0x00,0x00,0x00,0x00,0x00,
	0x00,0x00,0x00,0x00,0x00,0x00,0x00,0x00,0x00,0x00,0x00,0x00,0x00,0x00,0x00,0x00,
	0x00,0x00,0x00,0x00,0x00,0x00,0x00,0x00,0x00,0x00,0x00,0x00,0x00,0x00,0x00,0x00,
	0x00,0x00,0x00,0x00,0x00,0x00,0x00,0x00,0x00,0x00,0x00,0x00,0x04,0x02,0x00,0x00,
	0x00,0x00,0x00,0x00,0x00,0x00,0x00,0x00,0x00,0x00,0x00,0x00,0x00,0x00,0x00,0x00,
	0x00,0x00,0x00,0x00,0x00,0x00,0x00,0x00,0x00,0x00,0x00,0x00,0x00,0x00,0x00,0x00,
	0x00,0x00,0x00,0x00,0x00,0x00,0x00,0x00,0x00,0x00,0x00,0x00,0x00,0x00,0x00,0x00,
	0x00,0x00,0x00,0x00,0x00,0x00,0x00,0x00,0x00,0x00,0x00,0x00,0x00,0x01,0x00,0x00,
	0x00,0x00,0x00,0x00,0x00,0x00,0x00,0x00,0x00,0x00,0x00,0x00,0x00,0x00,0x00,0x00,
	0x00,0x00,0x00,0x00,0x00,0x00,0x00,0x00,0x00,0x00,0x00,0x00,0x00,0x00,0x00,0x00,
	0x00,0x00,0x00,0x00,0x00,0x00,0x00,0x00,0x00,0x00,0x00,0x00,0x00,0x00,0x00,0x00,
	0x00,0x00,0x00,0x00,0x00,0x00,0x00,0x00,0x00,0x00,0x00,0x00,0x00,0x01,0x00,0x00,
	0x00,0x00,0x00,0x00,0x00,0x00,0x00,0x00,0x00,0x00,0x00,0x00,0x00,0x00,0x00,0x00,
	0x00,0x00,0x00,0x00,0x00,0x00,0x00,0x00,0x00,0x00,0x00,0x00,0x00,0x00,0x00,0x00,
	0x00,0x00,0x00,0x00,0x00,0x00,0x00,0x00,0x00,0x00,0x00,0x00,0x00,0x00,0x00,0x00,
	0x00,0x00,0x00,0x00,0x00,0x00,0x00,0x00,0x00,0x00,0x00,0x00,0x00,0x01,0x00,0x00,
	0x00,0x00,0x00,0x00,0x00,0x00,0x00,0x00,0x00,0x00,0x00,0x00,0x00,0x00,0x00,0x00,
	0x00,0x00,0x00,0x00,0x00,0x00,0x00,0x00,0x00,0x00,0x00,0x00,0x00,0x00,0x00,0x00,
	0x00,0x00,0x00,0x00,0x00,0x00,0x00,0x00,0x00,0x00,0x00,0x00,0x00,0x00,0x00,0x00,
	0x00,0x00,0x00,0x00,0x00,0x00,0x00,0x00,0x00,0x00,0x00,0x00,0x00,0x01,0x00,0x00,
	0x00,0x00,0x00,0x00,0x00,0x00,0x00,0x00,0x00,0x00,0x00,0x00,0x00,0x00,0x00,0x00,
	0x00,0x00,0x00,0x00,0x00,0x00,0x00,0x00,0x00,0x00,0x00,0x00,0x00,0x00,0x00,0x00,
	0x00,0x00,0x00,0x00,0x00,0x00,0x00,0x00,0x00,0x00,0x00,0x00,0x00,0x00,0x00,0x00,
	0x00,0x00,0x00,0x00,0x00,0x00,0x00,0x00,0x00,0x00,0x00,0x00,0x03,0x02,0x00,0x00,
	0x00,0x00,0x00,0x00,0x00,0x00,0x00,0x00,0x00,0x00,0x00,0x00,0x00,0x00,0x00,0x00,
	0x00,0x00,0x00,0x00,0x12,0x41,0x00,0x01,0x00,0x00,0x00,0x00,0x00,0x00,0x00,0x00,
	0x00,0x00,0x00,0x00,0x00,0x00,0x00,0x00,0x00,0x00,0x00,0x00,0x00,0x00,0x00,0x00,
	0x04,0x2f,0xe5,0xdc,0xdb,0xfe,0x2b,0x9d,0x4f,0xa6,0x88,0x2c,0xac,0x8f,0x1a,0x6f,
	0xa5,0x5f,0xec,0x7a,0xf9,0x9c,0xc2,0xe2,0x84,0xec,0x75,0x1c,0x6f,0xa9,0x1f,0xe4,
	0x2e,0xf1,0x16,0xf9,0x79,0x18,0xcb,0x3f,0xb2,0x9b,0xa7,0x23,0x41,0xd9,0x7d,0x08,
	0x4e,0x39,0xd3,0x51,0x61,0xe6,0x8b,0xf4,0xe2,0xfb,0xdf,0x71,0xc7,0x5b,0x21,0xf8,
	0x00,0x00,0x00,0x40,0x00,0x00,0x00,0x00,0x00,0x00,0x00,0x00,0x00,0x00,0x00,0x00,
	0x00,0x00,0x00,0x00,0x00,0x00,0x00,0x00,0x00,0x00,0x00,0x00,0x00,0x00,0x00,0x00,
	0x00,0x00,0x00,0x00,0x00,0x00,0x00,0x00,0x04,0x02,0x00,0x00,0x00,0x00,0x00,0x00,
	0x00,0x00,0x00,0x00,0x00,0x00,0x00,0x00,0x00,0x00,0x00,0x00,0x00,0x00,0x00,0x00,
	0x00,0x00,0x00,0x00,0x00,0x00,0x00,0x00,0x00,0x00,0x00,0x00,0x00,0x00,0x00,0x00,
	0x00,0x00,0x00,0x00,0x00,0x00,0x00,0x00,0x00,0x00,0x00,0x00,0x00,0x00,0x00,0x00,
	0x00,0x00,0x00,0x00,0x00,0x00,0x00,0x00,0x04,0x02,0x00,0x00,0x00,0x00,0x00,0x00,
	0x00,0x00,0x00,0x00,0x00,0x00,0x00,0x00,0x00,0x00,0x00,0x00,0x00,0x00,0x00,0x00,
	0x00,0x00,0x00,0x00,0x00,0x00,0x00,0x00,0x00,0x00,0x00,0x00,0x00,0x00,0x00,0x00,
	0x00,0x00,0x00,0x00,0x00,0x00,0x00,0x00,0x00,0x00,0x00,0x00,0x00,0x00,0x00,0x00,
	0x00,0x00,0x00,0x00,0x00,0x00,0x00,0x00,0x00,0x01,0x00,0x00,0x00,0x00,0x00,0x00,
	0x00,0x00,0x00,0x00,0x00,0x00,0x00,0x00,0x00,0x00,0x00,0x00,0x00,0x00,0x00,0x00,
	0x00,0x00,0x00,0x00,0x00,0x00,0x00,0x00,0x00,0x00,0x00,0x00,0x00,0x00,0x00,0x00,
	0x00,0x00,0x00,0x00,0x00,0x00,0x00,0x00,0x00,0x00,0x00,0x00,0x00,0x00,0x00,0x00,
	0x00,0x00,0x00,0x00,0x00,0x00,0x00,0x00,0x00,0x01,0x00,0x00,0x00,0x00,0x00,0x00,
	0x00,0x00,0x00,0x00,0x00,0x00,0x00,0x00,0x00,0x00,0x00,0x00,0x00,0x00,0x00,0x00,
	0x00,0x00,0x00,0x00,0x00,0x00,0x00,0x00,0x00,0x00,0x00,0x00,0x00,0x00,0x00,0x00,
	0x00,0x00,0x00,0x00,0x00,0x00,0x00,0x00,0x00,0x00,0x00,0x00,0x00,0x00,0x00,0x00,
	0x00,0x00,0x00,0x00,0x00,0x00,0x00,0x00,0x00,0x01,0x00,0x00,0x00,0x00,0x00,0x00,
	0x00,0x00,0x00,0x00,0x00,0x00,0x00,0x00,0x00,0x00,0x00,0x00,0x00,0x00,0x00,0x00,
	0x00,0x00,0x00,0x00,0x00,0x00,0x00,0x00,0x00,0x00,0x00,0x00,0x00,0x00,0x00,0x00,
	0x00,0x00,0x00,0x00,0x00,0x00,0x00,0x00,0x00,0x00,0x00,0x00,0x00,0x00,0x00,0x00,
	0x00,0x00,0x00,0x00,0x00,0x00,0x00,0x00,0x00,0x01,0x00,0x00,0x00,0x00,0x00,0x00,
	0x00,0x00,0x00,0x00,0x00,0x00,0x00,0x00,0x00,0x00,0x00,0x00,0x00,0x00,0x00,0x00,
	0x00,0x00,0x00,0x00,0x00,0x00,0x00,0x00,0x00,0x00,0x00,0x00,0x00,0x00,0x00,0x00,
	0x00,0x00,0x00,0x00,0x00,0x00,0x00,0x00,0x00,0x00,0x00,0x00,0x00,0x00,0x00,0x00,
	0x00,0x00,0x00,0x00,0x00,0x00,0x00,0x00,0x03,0x02,0x00,0x00,0x00,0x00,0x00,0x00,
	0x00,0x00,0x00,0x00,0x00,0x00,0x00,0x00,0x00,0x00,0x00,0x00,0x00,0x00,0x00,0x00,
	0x12,0x41,0x00,0x01,0x00,0x00,0x00,0x00,0x00,0x00,0x00,0x00,0x00,0x00,0x00,0x00,
	0x00,0x00,0x00,0x00,0x00,0x00,0x00,0x00,0x00,0x00,0x00,0x00,0x04,0x2f,0xe5,0xdc,
	0xdb,0xfe,0x2b,0x9d,0x4f,0xa6,0x88,0x2c,0xac,0x8f,0x1a,0x6f,0xa5,0x5f,0xec,0x7a,
	0xf9,0x9c,0xc2,0xe2,0x84,0xec,0x75,0x1c,0x6f,0xa9,0x1f,0xe4,0x2e,0xf1,0x16,0xf9,
	0x79,0x18,0xcb,0x3f,0xb2,0x9b,0xa7,0x23,0x41,0xd9,0x7d,0x08,0x4e,0x39,0xd3,0x51,
	0x61,0xe6,0x8b,0xf4,0xe2,0xfb,0xdf,0x71,0xc7,0x5b,0x21,0xf8,0x00,0x00,0x00,0x40,
	0x00,0x00,0x00,0x00,0x00,0x00,0x00,0x00,0x00,0x00,0x00,0x00,0x00,0x00,0x00,0x00,
	0x00,0x00,0x00,0x00,0x00,0x00,0x00,0x00,0x00,0x00,0x00,0x00,0x00,0x00,0x00,0x00,
	0x00,0x00,0x00,0x00,0x04,0x02,0x00,0x00,0x00,0x00,0x00,0x00,0x00,0x00,0x00,0x00,
	0x00,0x00,0x00,0x00,0x00,0x00,0x00,0x00,0x00,0x00,0x00,0x00,0x00,0x00,0x00,0x00,
	0x00,0x00,0x00,0x00,0x00,0x00,0x00,0x00,0x00,0x00,0x00,0x00,0x00,0x00,0x00,0x00,
	0x00,0x00,0x00,0x00,0x00,0x00,0x00,0x00,0x00,0x00,0x00,0x00,0x00,0x00,0x00,0x00,
	0x00,0x00,0x00,0x00,0x04,0x02,0x00,0x00,0x00,0x00,0x00,0x00,0x00,0x00,0x00,0x00,
	0x00,0x00,0x00,0x00,0x00,0x00,0x00,0x00,0x00,0x00,0x00,0x00,0x00,0x00,0x00,0x00,
	0x00,0x00,0x00,0x00,0x00,0x00,0x00,0x00,0x00,0x00,0x00,0x00,0x00,0x00,0x00,0x00,
	0x00,0x00,0x00,0x00,0x00,0x00,0x00,0x00,0x00,0x00,0x00,0x00,0x00,0x00,0x00,0x00,
	0x00,0x00,0x00,0x00,0x00,0x01,0x00,0x00,0x00,0x00,0x00,0x00,0x00,0x00,0x00,0x00,
	0x00,0x00,0x00,0x00,0x00,0x00,0x00,0x00,0x00,0x00,0x00,0x00,0x00,0x00,0x00,0x00,
	0x00,0x00,0x00,0x00,0x00,0x00,0x00,0x00,0x00,0x00,0x00,0x00,0x00,0x00,0x00,0x00,
	0x00,0x00,0x00,0x00,0x00,0x00,0x00,0x00,0x00,0x00,0x00,0x00,0x00,0x00,0x00,0x00,
	0x00,0x00,0x00,0x00,0x00,0x01,0x00,0x00,0x00,0x00,0x00,0x00,0x00,0x00,0x00,0x00,
	0x00,0x00,0x00,0x00,0x00,0x00,0x00,0x00,0x00,0x00,0x00,0x00,0x00,0x00,0x00,0x00,
	0x00,0x00,0x00,0x00,0x00,0x00,0x00,0x00,0x00,0x00,0x00,0x00,0x00,0x00,0x00,0x00,
	0x00,0x00,0x00,0x00,0x00,0x00,0x00,0x00,0x00,0x00,0x00,0x00,0x00,0x00,0x00,0x00,
	0x00,0x00,0x00,0x00,0x00,0x01,0x00,0x00,0x00,0x00,0x00,0x00,0x00,0x00,0x00,0x00,
	0x00,0x00,0x00,0x00,0x00,0x00,0x00,0x00,0x00,0x00,0x00,0x00,0x00,0x00,0x00,0x00,
	0x00,0x00,0x00,0x00,0x00,0x00,0x00,0x00,0x00,0x00,0x00,0x00,0x00,0x00,0x00,0x00,
	0x00,0x00,0x00,0x00,0x00,0x00,0x00,0x00,0x00,0x00,0x00,0x00,0x00,0x00,0x00,0x00,
	0x00,0x00,0x00,0x00,0x00,0x01,0x00,0x00,0x00,0x00,0x00,0x00,0x00,0x00,0x00,0x00,
	0x00,0x00,0x00,0x00,0x00,0x00,0x00,0x00,0x00,0x00,0x00,0x00,0x00,0x00,0x00,0x00,
	0x00,0x00,0x00,0x00,0x00,0x00,0x00,0x00,0x00,0x00,0x00,0x00,0x00,0x00,0x00,0x00,
	0x00,0x00,0x00,0x00,0x00,0x00,0x00,0x00,0x00,0x00,0x00,0x00,0x00,0x00,0x00,0x00,
	0x00,0x00,0x00,0x00,0x03,0x02,0x00,0x00,0x00,0x00,0x00,0x00,0x00,0x00,0x00,0x00,
	0x00,0x00,0x00,0x00,0x00,0x00,0x00,0x00,0x00,0x00,0x00,0x00,0x12,0x41,0x00,0x01,
	0x00,0x00,0x00,0x00,0x00,0x00,0x00,0x00,0x00,0x00,0x00,0x00,0x00,0x00,0x00,0x00,
	0x00,0x00,0x00,0x00,0x00,0x00,0x00,0x00,0x04,0x2f,0xe5,0xdc,0xdb,0xfe,0x2b,0x9d,
	0x4f,0xa6,0x88,0x2c,0xac,0x8f,0x1a,0x6f,0xa5,0x5f,0xec,0x7a,0xf9,0x9c,0xc2,0xe2,
	0x84,0xec,0x75,0x1c,0x6f,0xa9,0x1f,0xe4,0x2e,0xf1,0x16,0xf9,0x79,0x18,0xcb,0x3f,
	0xb2,0x9b,0xa7,0x23,0x41,0xd9,0x7d,0x08,0x4e,0x39,0xd3,0x51,0x61,0xe6,0x8b,0xf4,
	0xe2,0xfb,0xdf,0x71,0xc7,0x5b,0x21,0xf8,0x00,0x00,0x00,0x40,0x00,0x00,0x00,0x00,
	0x00,0x00,0x00,0x00,0x00,0x00,0x00,0x00,0x00,0x00,0x00,0x00,0x00,0x00,0x00,0x00,
	0x00,0x00,0x00,0x00,0x00,0x00,0x00,0x00,0x00,0x00,0x00,0x00,0x00,0x00,0x00,0x00,
	0x04,0x02,0x00,0x00,0x00,0x00,0x00,0x00,0x00,0x00,0x00,0x00,0x00,0x00,0x00,0x00,
	0x00,0x00,0x00,0x00,0x00,0x00,0x00,0x00,0x00,0x00,0x00,0x00,0x00,0x00,0x00,0x00,
	0x00,0x00,0x00,0x00,0x00,0x00,0x00,0x00,0x00,0x00,0x00,0x00,0x00,0x00,0x00,0x00,
	0x00,0x00,0x00,0x00,0x00,0x00,0x00,0x00,0x00,0x00,0x00,0x00,0x00,0x00,0x00,0x00,
	0x04,0x02,0x00,0x00,0x00,0x00,0x00,0x00,0x00,0x00,0x00,0x00,0x00,0x00,0x00,0x00,
	0x00,0x00,0x00,0x00,0x00,0x00,0x00,0x00,0x00,0x00,0x00,0x00,0x00,0x00,0x00,0x00,
	0x00,0x00,0x00,0x00,0x00,0x00,0x00,0x00,0x00,0x00,0x00,0x00,0x00,0x00,0x00,0x00,
	0x00,0x00,0x00,0x00,0x00,0x00,0x00,0x00,0x00,0x00,0x00,0x00,0x00,0x00,0x00,0x00,
	0x00,0x01,0x00,0x00,0x00,0x00,0x00,0x00,0x00,0x00,0x00,0x00,0x00,0x00,0x00,0x00,
	0x00,0x00,0x00,0x00,0x00,0x00,0x00,0x00,0x00,0x00,0x00,0x00,0x00,0x00,0x00,0x00,
	0x00,0x00,0x00,0x00,0x00,0x00,0x00,0x00,0x00,0x00,0x00,0x00,0x00,0x00,0x00,0x00,
	0x00,0x00,0x00,0x00,0x00,0x00,0x00,0x00,0x00,0x00,0x00,0x00,0x00,0x00,0x00,0x00,
	0x00,0x01,0x00,0x00,0x00,0x00,0x00,0x00,0x00,0x00,0x00,0x00,0x00,0x00,0x00,0x00,
	0x00,0x00,0x00,0x00,0x00,0x00,0x00,0x00,0x00,0x00,0x00,0x00,0x00,0x00,0x00,0x00,
	0x00,0x00,0x00,0x00,0x00,0x00,0x00,0x00,0x00,0x00,0x00,0x00,0x00,0x00,0x00,0x00,
	0x00,0x00,0x00,0x00,0x00,0x00,0x00,0x00,0x00,0x00,0x00,0x00,0x00,0x00,0x00,0x00,
	0x00,0x01,0x00,0x00,0x00,0x00,0x00,0x00,0x00,0x00,0x00,0x00,0x00,0x00,0x00,0x00,
	0x00,0x00,0x00,0x00,0x00,0x00,0x00,0x00,0x00,0x00,0x00,0x00,0x00,0x00,0x00,0x00,
	0x00,0x00,0x00,0x00,0x00,0x00,0x00,0x00,0x00,0x00,0x00,0x00,0x00,0x00,0x00,0x00,
	0x00,0x00,0x00,0x00,0x00,0x00,0x00,0x00,0x00,0x00,0x00,0x00,0x00,0x00,0x00,0x00,
	0x00,0x01,0x00,0x00,0x00,0x00,0x00,0x00,0x00,0x00,0x00,0x00,0x00,0x00,0x00,0x00,
	0x00,0x00,0x00,0x00,0x00,0x00,0x00,0x00,0x00,0x00,0x00,0x00,0x00,0x00,0x00,0x00,
	0x00,0x00,0x00,0x00,0x00,0x00,0x00,0x00,0x00,0x00,0x00,0x00,0x00,0x00,0x00,0x00,
	0x00,0x00,0x00,0x00,0x00,0x00,0x00,0x00,0x00,0x00,0x00,0x00,0x00,0x00,0x00,0x00,
	0x03,0x02,0x00,0x00,0x00,0x00,0x00,0x00,0x00,0x00,0x00,0x00,0x00,0x00,0x00,0x00,
	0x00,0x00,0x00,0x00,0x00,0x00,0x00,0x00,0x12,0x41,0x00,0x01,0x00,0x00,0x00,0x00,
	0x00,0x00,0x00,0x00,0x00,0x00,0x00,0x00,0x00,0x00,0x00,0x00,0x00,0x00,0x00,0x00,
	0x00,0x00,0x00,0x00,0x04,0x2f,0xe5,0xdc,0xdb,0xfe,0x2b,0x9d,0x4f,0xa6,0x88,0x2c,
	0xac,0x8f,0x1a,0x6f,0xa5,0x5f,0xec,0x7a,0xf9,0x9c,0xc2,0xe2,0x84,0xec,0x75,0x1c,
	0x6f,0xa9,0x1f,0xe4,0x2e,0xf1,0x16,0xf9,0x79,0x18,0xcb,0x3f,0xb2,0x9b,0xa7,0x23,
	0x41,0xd9,0x7d,0x08,0x4e,0x39,0xd3,0x51,0x61,0xe6,0x8b,0xf4,0xe2,0xfb,0xdf,0x71,
	0xc7,0x5b,0x21,0xf8,0x00,0x00,0x00,0x40,0x00,0x00,0x00,0x00,0x00,0x00,0x00,0x00,
	0x00,0x00,0x00,0x00,0x00,0x00,0x00,0x00,0x00,0x00,0x00,0x00,0x00,0x00,0x00,0x00,
	0x00,0x00,0x00,0x00,0x00,0x00,0x00,0x00,0x00,0x00,0x00,0x00,0x04,0x02,0x00,0x00,
	0x00,0x00,0x00,0x00,0x00,0x00,0x00,0x00,0x00,0x00,0x00,0x00,0x00,0x00,0x00,0x00,
	0x00,0x00,0x00,0x00,0x00,0x00,0x00,0x00,0x00,0x00,0x00,0x00,0x00,0x00,0x00,0x00,
	0x00,0x00,0x00,0x00,0x00,0x00,0x00,0x00,0x00,0x00,0x00,0x00,0x00,0x00,0x00,0x00,
	0x00,0x00,0x00,0x00,0x00,0x00,0x00,0x00,0x00,0x00,0x00,0x00,0x04,0x02,0x00,0x00,
	0x00,0x00,0x00,0x00,0x00,0x00,0x00,0x00,0x00,0x00,0x00,0x00,0x00,0x00,0x00,0x00,
	0x00,0x00,0x00,0x00,0x00,0x00,0x00,0x00,0x00,0x00,0x00,0x00,0x00,0x00,0x00,0x00,
	0x00,0x00,0x00,0x00,0x00,0x00,0x00,0x00,0x00,0x00,0x00,0x00,0x00,0x00,0x00,0x00,
	0x00,0x00,0x00,0x00,0x00,0x00,0x00,0x00,0x00,0x00,0x00,0x00,0x00,0x01,0x00,0x00,
	0x00,0x00,0x00,0x00,0x00,0x00,0x00,0x00,0x00,0x00,0x00,0x00,0x00,0x00,0x00,0x00,
	0x00,0x00,0x00,0x00,0x00,0x00,0x00,0x00,0x00,0x00,0x00,0x00,0x00,0x00,0x00,0x00,
	0x00,0x00,0x00,0x00,0x00,0x00,0x00,0x00,0x00,0x00,0x00,0x00,0x00,0x00,0x00,0x00,
	0x00,0x00,0x00,0x00,0x00,0x00,0x00,0x00,0x00,0x00,0x00,0x00,0x00,0x01,0x00,0x00,
	0x00,0x00,0x00,0x00,0x00,0x00,0x00,0x00,0x00,0x00,0x00,0x00,0x00,0x00,0x00,0x00,
	0x00,0x00,0x00,0x00,0x00,0x00,0x00,0x00,0x00,0x00,0x00,0x00,0x00,0x00,0x00,0x00,
	0x00,0x00,0x00,0x00,0x00,0x00,0x00,0x00,0x00,0x00,0x00,0x00,0x00,0x00,0x00,0x00,
	0x00,0x00,0x00,0x00,0x00,0x00,0x00,0x00,0x00,0x00,0x00,0x00,0x00,0x01,0x00,0x00,
	0x00,0x00,0x00,0x00,0x00,0x00,0x00,0x00,0x00,0x00,0x00,0x00,0x00,0x00,0x00,0x00,
	0x00,0x00,0x00,0x00,0x00,0x00,0x00,0x00,0x00,0x00,0x00,0x00,0x00,0x00,0x00,0x00,
	0x00,0x00,0x00,0x00,0x00,0x00,0x00,0x00,0x00,0x00,0x00,0x00,0x00,0x00,0x00,0x00,
	0x00,0x00,0x00,0x00,0x00,0x00,0x00,0x00,0x00,0x00,0x00,0x00,0x00,0x01,0x00,0x00,
	0x00,0x00,0x00,0x00,0x00,0x00,0x00,0x00,0x00,0x00,0x00,0x00,0x00,0x00,0x00,0x00,
	0x00,0x00,0x00,0x00,0x00,0x00,0x00,0x00,0x00,0x00,0x00,0x00,0x00,0x00,0x00,0x00,
	0x00,0x00,0x00,0x00,0x00,0x00,0x00,0x00,0x00,0x00,0x00,0x00,0x00,0x00,0x00,0x00,
	0x00,0x00,0x00,0x00,0x00,0x00,0x00,0x00,0x00,0x00,0x00,0x00,0x03,0x02,0x00,0x00,
	0x00,0x00,0x00,0x00,0x00,0x00,0x00,0x00,0x00,0x00,0x00,0x00,0x00,0x00,0x00,0x00,
	0x00,0x00,0x00,0x00,0x12,0x41,0x00,0x01,0x00,0x00,0x00,0x00,0x00,0x00,0x00,0x00,
	0x00,0x00,0x00,0x00,0x00,0x00,0x00,0x00,0x00,0x00,0x00,0x00,0x00,0x00,0x00,0x00,
	0x04,0x2f,0xe5,0xdc,0xdb,0xfe,0x2b,0x9d,0x4f,0xa6,0x88,0x2c,0xac,0x8f,0x1a,0x6f,
	0xa5,0x5f,0xec,0x7a,0xf9,0x9c,0xc2,0xe2,0x84,0xec,0x75,0x1c,0x6f,0xa9,0x1f,0xe4,
	0x2e,0xf1,0x16,0xf9,0x79,0x18,0xcb,0x3f,0xb2,0x9b,0xa7,0x23,0x41,0xd9,0x7d,0x08,
	0x4e,0x39,0xd3,0x51,0x61,0xe6,0x8b,0xf4,0xe2,0xfb,0xdf,0x71,0xc7,0x5b,0x21,0xf8,
	0x00,0x00,0x00,0x40,0x00,0x00,0x00,0x00,0x00,0x00,0x00,0x00,0x00,0x00,0x00,0x00,
	0x00,0x00,0x00,0x00,0x00,0x00,0x00,0x00,0x00,0x00,0x00,0x00,0x00,0x00,0x00,0x00,
	0x00,0x00,0x00,0x00,0x00,0x00,0x00,0x00,0x04,0x02,0x00,0x00,0x00,0x00,0x00,0x00,
	0x00,0x00,0x00,0x00,0x00,0x00,0x00,0x00,0x00,0x00,0x00,0x00,0x00,0x00,0x00,0x00,
	0x00,0x00,0x00,0x00,0x00,0x00,0x00,0x00,0x00,0x00,0x00,0x00,0x00,0x00,0x00,0x00,
	0x00,0x00,0x00,0x00,0x00,0x00,0x00,0x00,0x00,0x00,0x00,0x00,0x00,0x00,0x00,0x00,
	0x00,0x00,0x00,0x00,0x00,0x00,0x00,0x00,0x04,0x02,0x00,0x00,0x00,0x00,0x00,0x00,
	0x00,0x00,0x00,0x00,0x00,0x00,0x00,0x00,0x00,0x00,0x00,0x00,0x00,0x00,0x00,0x00,
	0x00,0x00,0x00,0x00,0x00,0x00,0x00,0x00,0x00,0x00,0x00,0x00,0x00,0x00,0x00,0x00,
	0x00,0x00,0x00,0x00,0x00,0x00,0x00,0x00,0x00,0x00,0x00,0x00,0x00,0x00,0x00,0x00,
	0x00,0x00,0x00,0x00,0x00,0x00,0x00,0x00,0x00,0x01,0x00,0x00,0x00,0x00,0x00,0x00,
	0x00,0x00,0x00,0x00,0x00,0x00,0x00,0x00,0x00,0x00,0x00,0x00,0x00,0x00,0x00,0x00,
	0x00,0x00,0x00,0x00,0x00,0x00,0x00,0x00,0x00,0x00,0x00,0x00,0x00,0x00,0x00,0x00,
	0x00,0x00,0x00,0x00,0x00,0x00,0x00,0x00,0x00,0x00,0x00,0x00,0x00,0x00,0x00,0x00,
	0x00,0x00,0x00,0x00,0x00,0x00,0x00,0x00,0x00,0x01,0x00,0x00,0x00,0x00,0x00,0x00,
	0x00,0x00,0x00,0x00,0x00,0x00,0x00,0x00,0x00,0x00,0x00,0x00,0x00,0x00,0x00,0x00,
	0x00,0x00,0x00,0x00,0x00,0x00,0x00,0x00,0x00,0x00,0x00,0x00,0x00,0x00,0x00,0x00,
	0x00,0x00,0x00,0x00,0x00,0x00,0x00,0x00,0x00,0x00,0x00,0x00,0x00,0x00,0x00,0x00,
	0x00,0x00,0x00,0x00,0x00,0x00,0x00,0x00,0x00,0x01,0x00,0x00,0x00,0x00,0x00,0x00,
	0x00,0x00,0x00,0x00,0x00,0x00,0x00,0x00,0x00,0x00,0x00,0x00,0x00,0x00,0x00,0x00,
	0x00,0x00,0x00,0x00,0x00,0x00,0x00,0x00,0x00,0x00,0x00,0x00,0x00,0x00,0x00,0x00,
	0x00,0x00,0x00,0x00,0x00,0x00,0x00,0x00,0x00,0x00,0x00,0x00,0x00,0x00,0x00,0x00,
	0x00,0x00,0x00,0x00,0x00,0x00,0x00,0x00,0x00,0x01,0x00,0x00,0x00,0x00,0x00,0x00,
	0x00,0x00,0x00,0x00,0x00,0x00,0x00,0x00,0x00,0x00,0x00,0x00,0x00,0x00,0x00,0x00,
	0x00,0x00,0x00,0x00,0x00,0x00,0x00,0x00,0x00,0x00,0x00,0x00,0x00,0x00,0x00,0x00,
	0x00,0x00,0x00,0x00,0x00,0x00,0x00,0x00,0x00,0x00,0x00,0x00,0x00,0x00,0x00,0x00,
	0x00,0x00,0x00,0x00,0x00,0x00,0x00,0x00,0x03,0x02,0x00,0x00,0x00,0x00,0x00,0x00,
	0x00,0x00,0x00,0x00,0x00,0x00,0x00,0x00,0x00,0x00,0x00,0x00,0x00,0x00,0x00,0x00,
	0x12,0x41,0x00,0x01,0x00,0x00,0x00,0x00,0x00,0x00,0x00,0x00,0x00,0x00,0x00,0x00,
	0x00,0x00,0x00,0x00,0x00,0x00,0x00,0x00,0x00,0x00,0x00,0x00,0x04,0x2f,0xe5,0xdc,
	0xdb,0xfe,0x2b,0x9d,0x4f,0xa6,0x88,0x2c,0xac,0x8f,0x1a,0x6f,0xa5,0x5f,0xec,0x7a,
	0xf9,0x9c,0xc2,0xe2,0x84,0xec,0x75,0x1c,0x6f,0xa9,0x1f,0xe4,0x2e,0xf1,0x16,0xf9,
	0x79,0x18,0xcb,0x3f,0xb2,0x9b,0xa7,0x23,0x41,0xd9,0x7d,0x08,0x4e,0x39,0xd3,0x51,
	0x61,0xe6,0x8b,0xf4,0xe2,0xfb,0xdf,0x71,0xc7,0x5b,0x21,0xf8,0x00,0x00,0x00,0x40,
	0x00,0x00,0x00,0x00,0x00,0x00,0x00,0x00,0x00,0x00,0x00,0x00,0x00,0x00,0x00,0x00,
	0x00,0x00,0x00,0x00,0x00,0x00,0x00,0x00,0x00,0x00,0x00,0x00,0x00,0x00,0x00,0x00,
	0x00,0x00,0x00,0x00,0x04,0x02,0x00,0x00,0x00,0x00,0x00,0x00,0x00,0x00,0x00,0x00,
	0x00,0x00,0x00,0x00,0x00,0x00,0x00,0x00,0x00,0x00,0x00,0x00,0x00,0x00,0x00,0x00,
	0x00,0x00,0x00,0x00,0x00,0x00,0x00,0x00,0x00,0x00,0x00,0x00,0x00,0x00,0x00,0x00,
	0x00,0x00,0x00,0x00,0x00,0x00,0x00,0x00,0x00,0x00,0x00,0x00,0x00,0x00,0x00,0x00,
	0x00,0x00,0x00,0x00,0x04,0x02,0x00,0x00,0x00,0x00,0x00,0x00,0x00,0x00,0x00,0x00,
	0x00,0x00,0x00,0x00,0x00,0x00,0x00,0x00,0x00,0x00,0x00,0x00,0x00,0x00,0x00,0x00,
	0x00,0x00,0x00,0x00,0x00,0x00,0x00,0x00,0x00,0x00,0x00,0x00,0x00,0x00,0x00,0x00,
	0x00,0x00,0x00,0x00,0x00,0x00,0x00,0x00,0x00,0x00,0x00,0x00,0x00,0x00,0x00,0x00,
	0x00,0x00,0x00,0x00,0x00,0x01,0x00,0x00,0x00,0x00,0x00,0x00,0x00,0x00,0x00,0x00,
	0x00,0x00,0x00,0x00,0x00,0x00,0x00,0x00,0x00,0x00,0x00,0x00,0x00,0x00,0x00,0x00,
	0x00,0x00,0x00,0x00,0x00,0x00,0x00,0x00,0x00,0x00,0x00,0x00,0x00,0x00,0x00,0x00,
	0x00,0x00,0x00,0x00,0x00,0x00,0x00,0x00,0x00,0x00,0x00,0x00,0x00,0x00,0x00,0x00,
	0x00,0x00,0x00,0x00,0x00,0x01,0x00,0x00,0x00,0x00,0x00,0x00,0x00,0x00,0x00,0x00,
	0x00,0x00,0x00,0x00,0x00,0x00,0x00,0x00,0x00,0x00,0x00,0x00,0x00,0x00,0x00,0x00,
	0x00,0x00,0x00,0x00,0x00,0x00,0x00,0x00,0x00,0x00,0x00,0x00,0x00,0x00,0x00,0x00,
	0x00,0x00,0x00,0x00,0x00,0x00,0x00,0x00,0x00,0x00,0x00,0x00,0x00,0x00,0x00,0x00,
	0x00,0x00,0x00,0x00,0x00,0x01,0x00,0x00,0x00,0x00,0x00,0x00,0x00,0x00,0x00,0x00,
	0x00,0x00,0x00,0x00,0x00,0x00,0x00,0x00,0x00,0x00,0x00,0x00,0x00,0x00,0x00,0x00,
	0x00,0x00,0x00,0x00,0x00,0x00,0x00,0x00,0x00,0x00,0x00,0x00,0x00,0x00,0x00,0x00,
	0x00,0x00,0x00,0x00,0x00,0x00,0x00,0x00,0x00,0x00,0x00,0x00,0x00,0x00,0x00,0x00,
	0x00,0x00,0x00,0x00,0x00,0x01,0x00,0x00,0x00,0x00,0x00,0x00,0x00,0x00,0x00,0x00,
	0x00,0x00,0x00,0x00,0x00,0x00,0x00,0x00,0x00,0x00,0x00,0x00,0x00,0x00,0x00,0x00,
	0x00,0x00,0x00,0x00,0x00,0x00,0x00,0x00,0x00,0x00,0x00,0x00,0x00,0x00,0x00,0x00,
	0x00,0x00,0x00,0x00,0x00,0x00,0x00,0x00,0x00,0x00,0x00,0x00,0x00,0x00,0x00,0x00,
	0x00,0x00,0x00,0x00,0x03,0x02,0x00,0x00,0x00,0x00,0x00,0x00,0x00,0x00,0x00,0x00,
	0x00,0x00,0x00,0x00,0x00,0x00,0x00,0x00,0x00,0x00,0x00,0x00,0x12,0x41,0x00,0x01,
	0x00,0x00,0x00,0x00,0x00,0x00,0x00,0x00,0x00,0x00,0x00,0x00,0x00,0x00,0x00,0x00,
	0x00,0x00,0x00,0x00,0x00,0x00,0x00,0x00,0x04,0x2f,0xe5,0xdc,0xdb,0xfe,0x2b,0x9d,
	0x4f,0xa6,0x88,0x2c,0xac,0x8f,0x1a,0x6f,0xa5,0x5f,0xec,0x7a,0xf9,0x9c,0xc2,0xe2,
	0x84,0xec,0x75,0x1c,0x6f,0xa9,0x1f,0xe4,0x2e,0xf1,0x16,0xf9,0x79,0x18,0xcb,0x3f,
	0xb2,0x9b,0xa7,0x23,0x41,0xd9,0x7d,0x08,0x4e,0x39,0xd3,0x51,0x61,0xe6,0x8b,0xf4,
	0xe2,0xfb,0xdf,0x71,0xc7,0x5b,0x21,0xf8,0x00,0x00,0x00,0x40,0x00,0x00,0x00,0x00,
	0x00,0x00,0x00,0x00,0x00,0x00,0x00,0x00,0x00,0x00,0x00,0x00,0x00,0x00,0x00,0x00,
	0x00,0x00,0x00,0x00,0x00,0x00,0x00,0x00,0x00,0x00,0x00,0x00,0x00,0x00,0x00,0x00,
	0x04,0x02,0x00,0x00,0x00,0x00,0x00,0x00,0x00,0x00,0x00,0x00,0x00,0x00,0x00,0x00,
	0x00,0x00,0x00,0x00,0x00,0x00,0x00,0x00,0x00,0x00,0x00,0x00,0x00,0x00,0x00,0x00,
	0x00,0x00,0x00,0x00,0x00,0x00,0x00,0x00,0x00,0x00,0x00,0x00,0x00,0x00,0x00,0x00,
	0x00,0x00,0x00,0x00,0x00,0x00,0x00,0x00,0x00,0x00,0x00,0x00,0x00,0x00,0x00,0x00,
	0x04,0x02,0x00,0x00,0x00,0x00,0x00,0x00,0x00,0x00,0x00,0x00,0x00,0x00,0x00,0x00,
	0x00,0x00,0x00,0x00,0x00,0x00,0x00,0x00,0x00,0x00,0x00,0x00,0x00,0x00,0x00,0x00,
	0x00,0x00,0x00,0x00,0x00,0x00,0x00,0x00,0x00,0x00,0x00,0x00,0x00,0x00,0x00,0x00,
	0x00,0x00,0x00,0x00,0x00,0x00,0x00,0x00,0x00,0x00,0x00,0x00,0x00,0x00,0x00,0x00,
	0x00,0x01,0x00,0x00,0x00,0x00,0x00,0x00,0x00,0x00,0x00,0x00,0x00,0x00,0x00,0x00,
	0x00,0x00,0x00,0x00,0x00,0x00,0x00,0x00,0x00,0x00,0x00,0x00,0x00,0x00,0x00,0x00,
	0x00,0x00,0x00,0x00,0x00,0x00,0x00,0x00,0x00,0x00,0x00,0x00,0x00,0x00,0x00,0x00,
	0x00,0x00,0x00,0x00,0x00,0x00,0x00,0x00,0x00,0x00,0x00,0x00,0x00,0x00,0x00,0x00,
	0x00,0x01,0x00,0x00,0x00,0x00,0x00,0x00,0x00,0x00,0x00,0x00,0x00,0x00,0x00,0x00,
	0x00,0x00,0x00,0x00,0x00,0x00,0x00,0x00,0x00,0x00,0x00,0x00,0x00,0x00,0x00,0x00,
	0x00,0x00,0x00,0x00,0x00,0x00,0x00,0x00,0x00,0x00,0x00,0x00,0x00,0x00,0x00,0x00,
	0x00,0x00,0x00,0x00,0x00,0x00,0x00,0x00,0x00,0x00,0x00,0x00,0x00,0x00,0x00,0x00,
	0x00,0x01,0x00,0x00,0x00,0x00,0x00,0x00,0x00,0x00,0x00,0x00,0x00,0x00,0x00,0x00,
	0x00,0x00,0x00,0x00,0x00,0x00,0x00,0x00,0x00,0x00,0x00,0x00,0x00,0x00,0x00,0x00,
	0x00,0x00,0x00,0x00,0x00,0x00,0x00,0x00,0x00,0x00,0x00,0x00,0x00,0x00,0x00,0x00,
	0x00,0x00,0x00,0x00,0x00,0x00,0x00,0x00,0x00,0x00,0x00,0x00,0x00,0x00,0x00,0x00,
	0x00,0x01,0x00,0x00,0x00,0x00,0x00,0x00,0x00,0x00,0x00,0x00,0x00,0x00,0x00,0x00,
	0x00,0x00,0x00,0x00,0x00,0x00,0x00,0x00,0x00,0x00,0x00,0x00,0x00,0x00,0x00,0x00,
	0x00,0x00,0x00,0x00,0x00,0x00,0x00,0x00,0x00,0x00,0x00,0x00,0x00,0x00,0x00,0x00,
	0x00,0x00,0x00,0x00,0x00,0x00,0x00,0x00,0x00,0x00,0x00,0x00,0x00,0x00,0x00,0x00,
	0x03,0x02,0x00,0x00,0x00,0x00,0x00,0x00,0x00,0x00,0x00,0x00,0x00,0x00,0x00,0x00,
	0x00,0x00,0x00,0x00,0x00,0x00,0x00,0x00,0x12,0x41,0x00,0x01,0x00,0x00,0x00,0x00,
	0x00,0x00,0x00,0x00,0x00,0x00,0x00,0x00,0x00,0x00,0x00,0x00,0x00,0x00,0x00,0x00,
	0x00,0x00,0x00,0x00,0x04,0x2f,0xe5,0xdc,0xdb,0xfe,0x2b,0x9d,0x4f,0xa6,0x88,0x2c,
	0xac,0x8f,0x1a,0x6f,0xa5,0x5f,0xec,0x7a,0xf9,0x9c,0xc2,0xe2,0x84,0xec,0x75,0x1c,
	0x6f,0xa9,0x1f,0xe4,0x2e,0xf1,0x16,0xf9,0x79,0x18,0xcb,0x3f,0xb2,0x9b,0xa7,0x23,
	0x41,0xd9,0x7d,0x08,0x4e,0x39,0xd3,0x51,0x61,0xe6,0x8b,0xf4,0xe2,0xfb,0xdf,0x71,
	0xc7,0x5b,0x21,0xf8,0x00,0x00,0x00,0x40,0x00,0x00,0x00,0x00,0x00,0x00,0x00,0x00,
	0x00,0x00,0x00,0x00,0x00,0x00,0x00,0x00,0x00,0x00,0x00,0x00,0x00,0x00,0x00,0x00,
	0x00,0x00,0x00,0x00,0x00,0x00,0x00,0x00,0x00,0x00,0x00,0x00,0x04,0x02,0x00,0x00,
	0x00,0x00,0x00,0x00,0x00,0x00,0x00,0x00,0x00,0x00,0x00,0x00,0x00,0x00,0x00,0x00,
	0x00,0x00,0x00,0x00,0x00,0x00,0x00,0x00,0x00,0x00,0x00,0x00,0x00,0x00,0x00,0x00,
	0x00,0x00,0x00,0x00,0x00,0x00,0x00,0x00,0x00,0x00,0x00,0x00,0x00,0x00,0x00,0x00,
	0x00,0x00,0x00,0x00,0x00,0x00,0x00,0x00,0x00,0x00,0x00,0x00,0x04,0x02,0x00,0x00,
	0x00,0x00,0x00,0x00,0x00,0x00,0x00,0x00,0x00,0x00,0x00,0x00,0x00,0x00,0x00,0x00,
	0x00,0x00,0x00,0x00,0x00,0x00,0x00,0x00,0x00,0x00,0x00,0x00,0x00,0x00,0x00,0x00,
	0x00,0x00,0x00,0x00,0x00,0x00,0x00,0x00,0x00,0x00,0x00,0x00,0x00,0x00,0x00,0x00,
	0x00,0x00,0x00,0x00,0x00,0x00,0x00,0x00,0x00,0x00,0x00,0x00,0x00,0x01,0x00,0x00,
	0x00,0x00,0x00,0x00,0x00,0x00,0x00,0x00,0x00,0x00,0x00,0x00,0x00,0x00,0x00,0x00,
	0x00,0x00,0x00,0x00,0x00,0x00,0x00,0x00,0x00,0x00,0x00,0x00,0x00,0x00,0x00,0x00,
	0x00,0x00,0x00,0x00,0x00,0x00,0x00,0x00,0x00,0x00,0x00,0x00,0x00,0x00,0x00,0x00,
	0x00,0x00,0x00,0x00,0x00,0x00,0x00,0x00,0x00,0x00,0x00,0x00,0x00,0x01,0x00,0x00,
	0x00,0x00,0x00,0x00,0x00,0x00,0x00,0x00,0x00,0x00,0x00,0x00,0x00,0x00,0x00,0x00,
	0x00,0x00,0x00,0x00,0x00,0x00,0x00,0x00,0x00,0x00,0x00,0x00,0x00,0x00,0x00,0x00,
	0x00,0x00,0x00,0x00,0x00,0x00,0x00,0x00,0x00,0x00,0x00,0x00,0x00,0x00,0x00,0x00,
	0x00,0x00,0x00,0x00,0x00,0x00,0x00,0x00,0x00,0x00,0x00,0x00,0x00,0x01,0x00,0x00,
	0x00,0x00,0x00,0x00,0x00,0x00,0x00,0x00,0x00,0x00,0x00,0x00,0x00,0x00,0x00,0x00,
	0x00,0x00,0x00,0x00,0x00,0x00,0x00,0x00,0x00,0x00,0x00,0x00,0x00,0x00,0x00,0x00,
	0x00,0x00,0x00,0x00,0x00,0x00,0x00,0x00,0x00,0x00,0x00,0x00,0x00,0x00,0x00,0x00,
	0x00,0x00,0x00,0x00,0x00,0x00,0x00,0x00,0x00,0x00,0x00,0x00,0x00,0x01,0x00,0x00,
	0x00,0x00,0x00,0x00,0x00,0x00,0x00,0x00,0x00,0x00,0x00,0x00,0x00,0x00,0x00,0x00,
	0x00,0x00,0x00,0x00,0x00,0x00,0x00,0x00,0x00,0x00,0x00,0x00,0x00,0x00,0x00,0x00,
	0x00,0x00,0x00,0x00,0x00,0x00,0x00,0x00,0x00,0x00,0x00,0x00,0x00,0x00,0x00,0x00,
	0x00,0x00,0x00,0x00,0x00,0x00,0x00,0x00,0x00,0x00,0x00,0x00,0x03,0x02,0x00,0x00,
	0x00,0x00,0x00,0x00,0x00,0x00,0x00,0x00,0x00,0x00,0x00,0x00,0x00,0x00,0x00,0x00,
	0x00,0x00,0x00,0x00,0x12,0x41,0x00,0x01,0x00,0x00,0x00,0x00,0x00,0x00,0x00,0x00,
	0x00,0x00,0x00,0x00,0x00,0x00,0x00,0x00,0x00,0x00,0x00,0x00,0x00,0x00,0x00,0x00,
	0x04,0x2f,0xe5,0xdc,0xdb,0xfe,0x2b,0x9d,0x4f,0xa6,0x88,0x2c,0xac,0x8f,0x1a,0x6f,
	0xa5,0x5f,0xec,0x7a,0xf9,0x9c,0xc2,0xe2,0x84,0xec,0x75,0x1c,0x6f,0xa9,0x1f,0xe4,
	0x2e,0xf1,0x16,0xf9,0x79,0x18,0xcb,0x3f,0xb2,0x9b,0xa7,0x23,0x41,0xd9,0x7d,0x08,
	0x4e,0x39,0xd3,0x51,0x61,0xe6,0x8b,0xf4,0xe2,0xfb,0xdf,0x71,0xc7,0x5b,0x21,0xf8,
	0x00,0x00,0x00,0x40,0x00,0x00,0x00,0x00,0x00,0x00,0x00,0x00,0x00,0x00,0x00,0x00,
	0x00,0x00,0x00,0x00,0x00,0x00,0x00,0x00,0x00,0x00,0x00,0x00,0x00,0x00,0x00,0x00,
	0x00,0x00,0x00,0x00,0x00,0x00,0x00,0x00,0x04,0x02,0x00,0x00,0x00,0x00,0x00,0x00,
	0x00,0x00,0x00,0x00,0x00,0x00,0x00,0x00,0x00,0x00,0x00,0x00,0x00,0x00,0x00,0x00,
	0x00,0x00,0x00,0x00,0x00,0x00,0x00,0x00,0x00,0x00,0x00,0x00,0x00,0x00,0x00,0x00,
	0x00,0x00,0x00,0x00,0x00,0x00,0x00,0x00,0x00,0x00,0x00,0x00,0x00,0x00,0x00,0x00,
	0x00,0x00,0x00,0x00,0x00,0x00,0x00,0x00,0x04,0x02,0x00,0x00,0x00,0x00,0x00,0x00,
	0x00,0x00,0x00,0x00,0x00,0x00,0x00,0x00,0x00,0x00,0x00,0x00,0x00,0x00,0x00,0x00,
	0x00,0x00,0x00,0x00,0x00,0x00,0x00,0x00,0x00,0x00,0x00,0x00,0x00,0x00,0x00,0x00,
	0x00,0x00,0x00,0x00,0x00,0x00,0x00,0x00,0x00,0x00,0x00,0x00,0x00,0x00,0x00,0x00,
	0x00,0x00,0x00,0x00,0x00,0x00,0x00,0x00,0x00,0x01,0x00,0x00,0x00,0x00,0x00,0x00,
	0x00,0x00,0x00,0x00,0x00,0x00,0x00,0x00,0x00,0x00,0x00,0x00,0x00,0x00,0x00,0x00,
	0x00,0x00,0x00,0x00,0x00,0x00,0x00,0x00,0x00,0x00,0x00,0x00,0x00,0x00,0x00,0x00,
	0x00,0x00,0x00,0x00,0x00,0x00,0x00,0x00,0x00,0x00,0x00,0x00,0x00,0x00,0x00,0x00,
	0x00,0x00,0x00,0x00,0x00,0x00,0x00,0x00,0x00,0x01,0x00,0x00,0x00,0x00,0x00,0x00,
	0x00,0x00,0x00,0x00,0x00,0x00,0x00,0x00,0x00,0x00,0x00,0x00,0x00,0x00,0x00,0x00,
	0x00,0x00,0x00,0x00,0x00,0x00,0x00,0x00,0x00,0x00,0x00,0x00,0x00,0x00,0x00,0x00,
	0x00,0x00,0x00,0x00,0x00,0x00,0x00,0x00,0x00,0x00,0x00,0x00,0x00,0x00,0x00,0x00,
	0x00,0x00,0x00,0x00,0x00,0x00,0x00,0x00,0x00,0x01,0x00,0x00,0x00,0x00,0x00,0x00,
	0x00,0x00,0x00,0x00,0x00,0x00,0x00,0x00,0x00,0x00,0x00,0x00,0x00,0x00,0x00,0x00,
	0x00,0x00,0x00,0x00,0x00,0x00,0x00,0x00,0x00,0x00,0x00,0x00,0x00,0x00,0x00,0x00,
	0x00,0x00,0x00,0x00,0x00,0x00,0x00,0x00,0x00,0x00,0x00,0x00,0x00,0x00,0x00,0x00,
	0x00,0x00,0x00,0x00,0x00,0x00,0x00,0x00,0x00,0x01,0x00,0x00,0x00,0x00,0x00,0x00,
	0x00,0x00,0x00,0x00,0x00,0x00,0x00,0x00,0x00,0x00,0x00,0x00,0x00,0x00,0x00,0x00,
	0x00,0x00,0x00,0x00,0x00,0x00,0x00,0x00,0x00,0x00,0x00,0x00,0x00,0x00,0x00,0x00,
	0x00,0x00,0x00,0x00,0x00,0x00,0x00,0x00,0x00,0x00,0x00,0x00,0x00,0x00,0x00,0x00,
	0x00,0x00,0x00,0x00,0x00,0x00,0x00,0x00,0x03,0x02,0x00,0x00,0x00,0x00,0x00,0x00,
	0x00,0x00,0x00,0x00,0x00,0x00,0x00,0x00,0x00,0x00,0x00,0x00,0x00,0x00,0x00,0x00,
	0x12,0x41,0x00,0x01,0x00,0x00,0x00,0x00,0x00,0x00,0x00,0x00,0x00,0x00,0x00,0x00,
	0x00,0x00,0x00,0x00,0x00,0x00,0x00,0x00,0x00,0x00,0x00,0x00,0x04,0x2f,0xe5,0xdc,
	0xdb,0xfe,0x2b,0x9d,0x4f,0xa6,0x88,0x2c,0xac,0x8f,0x1a,0x6f,0xa5,0x5f,0xec,0x7a,
	0xf9,0x9c,0xc2,0xe2,0x84,0xec,0x75,0x1c,0x6f,0xa9,0x1f,0xe4,0x2e,0xf1,0x16,0xf9,
	0x79,0x18,0xcb,0x3f,0xb2,0x9b,0xa7,0x23,0x41,0xd9,0x7d,0x08,0x4e,0x39,0xd3,0x51,
	0x61,0xe6,0x8b,0xf4,0xe2,0xfb,0xdf,0x71,0xc7,0x5b,0x21,0xf8,0x00,0x00,0x00,0x40,
	0x00,0x00,0x00,0x00,0x00,0x00,0x00,0x00,0x00,0x00,0x00,0x00,0x00,0x00,0x00,0x00,
	0x00,0x00,0x00,0x00,0x00,0x00,0x00,0x00,0x00,0x00,0x00,0x00,0x00,0x00,0x00,0x00,
	0x00,0x00,0x00,0x00,0x04,0x02,0x00,0x00,0x00,0x00,0x00,0x00,0x00,0x00,0x00,0x00,
	0x00,0x00,0x00,0x00,0x00,0x00,0x00,0x00,0x00,0x00,0x00,0x00,0x00,0x00,0x00,0x00,
	0x00,0x00,0x00,0x00,0x00,0x00,0x00,0x00,0x00,0x00,0x00,0x00,0x00,0x00,0x00,0x00,
	0x00,0x00,0x00,0x00,0x00,0x00,0x00,0x00,0x00,0x00,0x00,0x00,0x00,0x00,0x00,0x00,
	0x00,0x00,0x00,0x00,0x04,0x02,0x00,0x00,0x00,0x00,0x00,0x00,0x00,0x00,0x00,0x00,
	0x00,0x00,0x00,0x00,0x00,0x00,0x00,0x00,0x00,0x00,0x00,0x00,0x00,0x00,0x00,0x00,
	0x00,0x00,0x00,0x00,0x00,0x00,0x00,0x00,0x00,0x00,0x00,0x00,0x00,0x00,0x00,0x00,
	0x00,0x00,0x00,0x00,0x00,0x00,0x00,0x00,0x00,0x00,0x00,0x00,0x00,0x00,0x00,0x00,
	0x00,0x00,0x00,0x00,0x00,0x01,0x00,0x00,0x00,0x00,0x00,0x00,0x00,0x00,0x00,0x00,
	0x00,0x00,0x00,0x00,0x00,0x00,0x00,0x00,0x00,0x00,0x00,0x00,0x00,0x00,0x00,0x00,
	0x00,0x00,0x00,0x00,0x00,0x00,0x00,0x00,0x00,0x00,0x00,0x00,0x00,0x00,0x00,0x00,
	0x00,0x00,0x00,0x00,0x00,0x00,0x00,0x00,0x00,0x00,0x00,0x00,0x00,0x00,0x00,0x00,
	0x00,0x00,0x00,0x00,0x00,0x01,0x00,0x00,0x00,0x00,0x00,0x00,0x00,0x00,0x00,0x00,
	0x00,0x00,0x00,0x00,0x00,0x00,0x00,0x00,0x00,0x00,0x00,0x00,0x00,0x00,0x00,0x00,
	0x00,0x00,0x00,0x00,0x00,0x00,0x00,0x00,0x00,0x00,0x00,0x00,0x00,0x00,0x00,0x00,
	0x00,0x00,0x00,0x00,0x00,0x00,0x00,0x00,0x00,0x00,0x00,0x00,0x00,0x00,0x00,0x00,
	0x00,0x00,0x00,0x00,0x00,0x01,0x00,0x00,0x00,0x00,0x00,0x00,0x00,0x00,0x00,0x00,
	0x00,0x00,0x00,0x00,0x00,0x00,0x00,0x00,0x00,0x00,0x00,0x00,0x00,0x00,0x00,0x00,
	0x00,0x00,0x00,0x00,0x00,0x00,0x00,0x00,0x00,0x00,0x00,0x00,0x00,0x00,0x00,0x00,
	0x00,0x00,0x00,0x00,0x00,0x00,0x00,0x00,0x00,0x00,0x00,0x00,0x00,0x00,0x00,0x00,
	0x00,0x00,0x00,0x00,0x00,0x01,0x00,0x00,0x00,0x00,0x00,0x00,0x00,0x00,0x00,0x00,
	0x00,0x00,0x00,0x00,0x00,0x00,0x00,0x00,0x00,0x00,0x00,0x00,0x00,0x00,0x00,0x00,
	0x00,0x00,0x00,0x00,0x00,0x00,0x00,0x00,0x00,0x00,0x00,0x00,0x00,0x00,0x00,0x00,
	0x00,0x00,0x00,0x00,0x00,0x00,0x00,0x00,0x00,0x00,0x00,0x00,0x00,0x00,0x00,0x00,
	0x00,0x00,0x00,0x00,0x03,0x02,0x00,0x00,0x00,0x00,0x00,0x00,0x00,0x00,0x00,0x00,
	0x00,0x00,0x00,0x00,0x00,0x00,0x00,0x00,0x00,0x00,0x00,0x00,0x12,0x41,0x00,0x01,
	0x00,0x00,0x00,0x00,0x00,0x00,0x00,0x00,0x00,0x00,0x00,0x00,0x00,0x00,0x00,0x00,
	0x00,0x00,0x00,0x00,0x00,0x00,0x00,0x00,0x04,0x2f,0xe5,0xdc,0xdb,0xfe,0x2b,0x9d,
	0x4f,0xa6,0x88,0x2c,0xac,0x8f,0x1a,0x6f,0xa5,0x5f,0xec,0x7a,0xf9,0x9c,0xc2,0xe2,
	0x84,0xec,0x75,0x1c,0x6f,0xa9,0x1f,0xe4,0x2e,0xf1,0x16,0xf9,0x79,0x18,0xcb,0x3f,
	0xb2,0x9b,0xa7,0x23,0x41,0xd9,0x7d,0x08,0x4e,0x39,0xd3,0x51,0x61,0xe6,0x8b,0xf4,
	0xe2,0xfb,0xdf,0x71,0xc7,0x5b,0x21,0xf8,0x00,0x00,0x00,0x40,0x00,0x00,0x00,0x00,
	0x00,0x00,0x00,0x00,0x00,0x00,0x00,0x00,0x00,0x00,0x00,0x00,0x00,0x00,0x00,0x00,
	0x00,0x00,0x00,0x00,0x00,0x00,0x00,0x00,0x00,0x00,0x00,0x00,0x00,0x00,0x00,0x00,
	0x04,0x02,0x00,0x00,0x00,0x00,0x00,0x00,0x00,0x00,0x00,0x00,0x00,0x00,0x00,0x00,
	0x00,0x00,0x00,0x00,0x00,0x00,0x00,0x00,0x00,0x00,0x00,0x00,0x00,0x00,0x00,0x00,
	0x00,0x00,0x00,0x00,0x00,0x00,0x00,0x00,0x00,0x00,0x00,0x00,0x00,0x00,0x00,0x00,
	0x00,0x00,0x00,0x00,0x00,0x00,0x00,0x00,0x00,0x00,0x00,0x00,0x00,0x00,0x00,0x00,
	0x04,0x02,0x00,0x00,0x00,0x00,0x00,0x00,0x00,0x00,0x00,0x00,0x00,0x00,0x00,0x00,
	0x00,0x00,0x00,0x00,0x00,0x00,0x00,0x00,0x00,0x00,0x00,0x00,0x00,0x00,0x00,0x00,
	0x00,0x00,0x00,0x00,0x00,0x00,0x00,0x00,0x00,0x00,0x00,0x00,0x00,0x00,0x00,0x00,
	0x00,0x00,0x00,0x00,0x00,0x00,0x00,0x00,0x00,0x00,0x00,0x00,0x00,0x00,0x00,0x00,
	0x00,0x01,0x00,0x00,0x00,0x00,0x00,0x00,0x00,0x00,0x00,0x00,0x00,0x00,0x00,0x00,
	0x00,0x00,0x00,0x00,0x00,0x00,0x00,0x00,0x00,0x00,0x00,0x00,0x00,0x00,0x00,0x00,
	0x00,0x00,0x00,0x00,0x00,0x00,0x00,0x00,0x00,0x00,0x00,0x00,0x00,0x00,0x00,0x00,
	0x00,0x00,0x00,0x00,0x00,0x00,0x00,0x00,0x00,0x00,0x00,0x00,0x00,0x00,0x00,0x00,
	0x00,0x01,0x00,0x00,0x00,0x00,0x00,0x00,0x00,0x00,0x00,0x00,0x00,0x00,0x00,0x00,
	0x00,0x00,0x00,0x00,0x00,0x00,0x00,0x00,0x00,0x00,0x00,0x00,0x00,0x00,0x00,0x00,
	0x00,0x00,0x00,0x00,0x00,0x00,0x00,0x00,0x00,0x00,0x00,0x00,0x00,0x00,0x00,0x00,
	0x00,0x00,0x00,0x00,0x00,0x00,0x00,0x00,0x00,0x00,0x00,0x00,0x00,0x00,0x00,0x00,
	0x00,0x01,0x00,0x00,0x00,0x00,0x00,0x00,0x00,0x00,0x00,0x00,0x00,0x00,0x00,0x00,
	0x00,0x00,0x00,0x00,0x00,0x00,0x00,0x00,0x00,0x00,0x00,0x00,0x00,0x00,0x00,0x00,
	0x00,0x00,0x00,0x00,0x00,0x00,0x00,0x00,0x00,0x00,0x00,0x00,0x00,0x00,0x00,0x00,
	0x00,0x00,0x00,0x00,0x00,0x00,0x00,0x00,0x00,0x00,0x00,0x00,0x00,0x00,0x00,0x00,
	0x00,0x01,0x00,0x00,0x00,0x00,0x00,0x00,0x00,0x00,0x00,0x00,0x00,0x00,0x00,0x00,
	0x00,0x00,0x00,0x00,0x00,0x00,0x00,0x00,0x00,0x00,0x00,0x00,0x00,0x00,0x00,0x00,
	0x00,0x00,0x00,0x00,0x00,0x00,0x00,0x00,0x00,0x00,0x00,0x00,0x00,0x00,0x00,0x00,
	0x00,0x00,0x00,0x00,0x00,0x00,0x00,0x00,0x00,0x00,0x00,0x00,0x00,0x00,0x00,0x00,
	0x03,0x02,0x00,0x00,0x00,0x00,0x00,0x00,0x00,0x00,0x00,0x00,0x00,0x00,0x00,0x00,
	0x00,0x00,0x00,0x00,0x00,0x00,0x00,0x00,0x12,0x41,0x00,0x01,0x00,0x00,0x00,0x00,
	0x00,0x00,0x00,0x00,0x00,0x00,0x00,0x00,0x00,0x00,0x00,0x00,0x00,0x00,0x00,0x00,
	0x00,0x00,0x00,0x00,0x04,0x2f,0xe5,0xdc,0xdb,0xfe,0x2b,0x9d,0x4f,0xa6,0x88,0x2c,
	0xac,0x8f,0x1a,0x6f,0xa5,0x5f,0xec,0x7a,0xf9,0x9c,0xc2,0xe2,0x84,0xec,0x75,0x1c,
	0x6f,0xa9,0x1f,0xe4,0x2e,0xf1,0x16,0xf9,0x79,0x18,0xcb,0x3f,0xb2,0x9b,0xa7,0x23,
	0x41,0xd9,0x7d,0x08,0x4e,0x39,0xd3,0x51,0x61,0xe6,0x8b,0xf4,0xe2,0xfb,0xdf,0x71,
	0xc7,0x5b,0x21,0xf8,0x00,0x00,0x00,0x40,0x00,0x00,0x00,0x00,0x00,0x00,0x00,0x00,
	0x00,0x00,0x00,0x00,0x00,0x00,0x00,0x00,0x00,0x00,0x00,0x00,0x00,0x00,0x00,0x00,
	0x00,0x00,0x00,0x00,0x00,0x00,0x00,0x00,0x00,0x00,0x00,0x00,0x04,0x02,0x00,0x00,
	0x00,0x00,0x00,0x00,0x00,0x00,0x00,0x00,0x00,0x00,0x00,0x00,0x00,0x00,0x00,0x00,
	0x00,0x00,0x00,0x00,0x00,0x00,0x00,0x00,0x00,0x00,0x00,0x00,0x00,0x00,0x00,0x00,
	0x00,0x00,0x00,0x00,0x00,0x00,0x00,0x00,0x00,0x00,0x00,0x00,0x00,0x00,0x00,0x00,
	0x00,0x00,0x00,0x00,0x00,0x00,0x00,0x00,0x00,0x00,0x00,0x00,0x04,0x02,0x00,0x00,
	0x00,0x00,0x00,0x00,0x00,0x00,0x00,0x00,0x00,0x00,0x00,0x00,0x00,0x00,0x00,0x00,
	0x00,0x00,0x00,0x00,0x00,0x00,0x00,0x00,0x00,0x00,0x00,0x00,0x00,0x00,0x00,0x00,
	0x00,0x00,0x00,0x00,0x00,0x00,0x00,0x00,0x00,0x00,0x00,0x00,0x00,0x00,0x00,0x00,
	0x00,0x00,0x00,0x00,0x00,0x00,0x00,0x00,0x00,0x00,0x00,0x00,0x00,0x01,0x00,0x00,
	0x00,0x00,0x00,0x00,0x00,0x00,0x00,0x00,0x00,0x00,0x00,0x00,0x00,0x00,0x00,0x00,
	0x00,0x00,0x00,0x00,0x00,0x00,0x00,0x00,0x00,0x00,0x00,0x00,0x00,0x00,0x00,0x00,
	0x00,0x00,0x00,0x00,0x00,0x00,0x00,0x00,0x00,0x00,0x00,0x00,0x00,0x00,0x00,0x00,
	0x00,0x00,0x00,0x00,0x00,0x00,0x00,0x00,0x00,0x00,0x00,0x00,0x00,0x01,0x00,0x00,
	0x00,0x00,0x00,0x00,0x00,0x00,0x00,0x00,0x00,0x00,0x00,0x00,0x00,0x00,0x00,0x00,
	0x00,0x00,0x00,0x00,0x00,0x00,0x00,0x00,0x00,0x00,0x00,0x00,0x00,0x00,0x00,0x00,
	0x00,0x00,0x00,0x00,0x00,0x00,0x00,0x00,0x00,0x00,0x00,0x00,0x00,0x00,0x00,0x00,
	0x00,0x00,0x00,0x00,0x00,0x00,0x00,0x00,0x00,0x00,0x00,0x00,0x00,0x01,0x00,0x00,
	0x00,0x00,0x00,0x00,0x00,0x00,0x00,0x00,0x00,0x00,0x00,0x00,0x00,0x00,0x00,0x00,
	0x00,0x00,0x00,0x00,0x00,0x00,0x00,0x00,0x00,0x00,0x00,0x00,0x00,0x00,0x00,0x00,
	0x00,0x00,0x00,0x00,0x00,0x00,0x00,0x00,0x00,0x00,0x00,0x00,0x00,0x00,0x00,0x00,
	0x00,0x00,0x00,0x00,0x00,0x00,0x00,0x00,0x00,0x00,0x00,0x00,0x00,0x01,0x00,0x00,
	0x00,0x00,0x00,0x00,0x00,0x00,0x00,0x00,0x00,0x00,0x00,0x00,0x00,0x00,0x00,0x00,
	0x00,0x00,0x00,0x00,0x00,0x00,0x00,0x00,0x00,0x00,0x00,0x00,0x00,0x00,0x00,0x00,
	0x00,0x00,0x00,0x00,0x00,0x00,0x00,0x00,0x00,0x00,0x00,0x00,0x00,0x00,0x00,0x00,
	0x00,0x00,0x00,0x00,0x00,0x00,0x00,0x00,0x00,0x00,0x00,0x00,0x03,0x02,0x00,0x00,
	0x00,0x00,0x00,0x00,0x00,0x00,0x00,0x00,0x00,0x00,0x00,0x00,0x00,0x00,0x00,0x00,
	0x00,0x00,0x00,0x00,0x12,0x41,0x00,0x01,0x00,0x00,0x00,0x00,0x00,0x00,0x00,0x00,
	0x00,0x00,0x00,0x00,0x00,0x00,0x00,0x00,0x00,0x00,0x00,0x00,0x00,0x00,0x00,0x00,
	0x04,0x2f,0xe5,0xdc,0xdb,0xfe,0x2b,0x9d,0x4f,0xa6,0x88,0x2c,0xac,0x8f,0x1a,0x6f,
	0xa5,0x5f,0xec,0x7a,0xf9,0x9c,0xc2,0xe2,0x84,0xec,0x75,0x1c,0x6f,0xa9,0x1f,0xe4,
	0x2e,0xf1,0x16,0xf9,0x79,0x18,0xcb,0x3f,0xb2,0x9b,0xa7,0x23,0x41,0xd9,0x7d,0x08,
	0x4e,0x39,0xd3,0x51,0x61,0xe6,0x8b,0xf4,0xe2,0xfb,0xdf,0x71,0xc7,0x5b,0x21,0xf8,
	0x00,0x00,0x00,0x40,0x00,0x00,0x00,0x00,0x00,0x00,0x00,0x00,0x00,0x00,0x00,0x00,
	0x00,0x00,0x00,0x00,0x00,0x00,0x00,0x00,0x00,0x00,0x00,0x00,0x00,0x00,0x00,0x00,
	0x00,0x00,0x00,0x00,0x00,0x00,0x00,0x00,0x04,0x02,0x00,0x00,0x00,0x00,0x00,0x00,
	0x00,0x00,0x00,0x00,0x00,0x00,0x00,0x00,0x00,0x00,0x00,0x00,0x00,0x00,0x00,0x00,
	0x00,0x00,0x00,0x00,0x00,0x00,0x00,0x00,0x00,0x00,0x00,0x00,0x00,0x00,0x00,0x00,
	0x00,0x00,0x00,0x00,0x00,0x00,0x00,0x00,0x00,0x00,0x00,0x00,0x00,0x00,0x00,0x00,
	0x00,0x00,0x00,0x00,0x00,0x00,0x00,0x00,0x04,0x02,0x00,0x00,0x00,0x00,0x00,0x00,
	0x00,0x00,0x00,0x00,0x00,0x00,0x00,0x00,0x00,0x00,0x00,0x00,0x00,0x00,0x00,0x00,
	0x00,0x00,0x00,0x00,0x00,0x00,0x00,0x00,0x00,0x00,0x00,0x00,0x00,0x00,0x00,0x00,
	0x00,0x00,0x00,0x00,0x00,0x00,0x00,0x00,0x00,0x00,0x00,0x00,0x00,0x00,0x00,0x00,
	0x00,0x00,0x00,0x00,0x00,0x00,0x00,0x00,0x00,0x01,0x00,0x00,0x00,0x00,0x00,0x00,
	0x00,0x00,0x00,0x00,0x00,0x00,0x00,0x00,0x00,0x00,0x00,0x00,0x00,0x00,0x00,0x00,
	0x00,0x00,0x00,0x00,0x00,0x00,0x00,0x00,0x00,0x00,0x00,0x00,0x00,0x00,0x00,0x00,
	0x00,0x00,0x00,0x00,0x00,0x00,0x00,0x00,0x00,0x00,0x00,0x00,0x00,0x00,0x00,0x00,
	0x00,0x00,0x00,0x00,0x00,0x00,0x00,0x00,0x00,0x01,0x00,0x00,0x00,0x00,0x00,0x00,
	0x00,0x00,0x00,0x00,0x00,0x00,0x00,0x00,0x00,0x00,0x00,0x00,0x00,0x00,0x00,0x00,
	0x00,0x00,0x00,0x00,0x00,0x00,0x00,0x00,0x00,0x00,0x00,0x00,0x00,0x00,0x00,0x00,
	0x00,0x00,0x00,0x00,0x00,0x00,0x00,0x00,0x00,0x00,0x00,0x00,0x00,0x00,0x00,0x00,
	0x00,0x00,0x00,0x00,0x00,0x00,0x00,0x00,0x00,0x01,0x00,0x00,0x00,0x00,0x00,0x00,
	0x00,0x00,0x00,0x00,0x00,0x00,0x00,0x00,0x00,0x00,0x00,0x00,0x00,0x00,0x00,0x00,
	0x00,0x00,0x00,0x00,0x00,0x00,0x00,0x00,0x00,0x00,0x00,0x00,0x00,0x00,0x00,0x00,
	0x00,0x00,0x00,0x00,0x00,0x00,0x00,0x00,0x00,0x00,0x00,0x00,0x00,0x00,0x00,0x00,
	0x00,0x00,0x00,0x00,0x00,0x00,0x00,0x00,0x00,0x01,0x00,0x00,0x00,0x00,0x00,0x00,
	0x00,0x00,0x00,0x00,0x00,0x00,0x00,0x00,0x00,0x00,0x00,0x00,0x00,0x00,0x00,0x00,
	0x00,0x00,0x00,0x00,0x00,0x00,0x00,0x00,0x00,0x00,0x00,0x00,0x00,0x00,0x00,0x00,
	0x00,0x00,0x00,0x00,0x00,0x00,0x00,0x00,0x00,0x00,0x00,0x00,0x00,0x00,0x00,0x00,
	0x00,0x00,0x00,0x00,0x00,0x00,0x00,0x00,0x03,0x02,0x00,0x00,0x00,0x00,0x00,0x00,
	0x00,0x00,0x00,0x00,0x00,0x00,0x00,0x00,0x00,0x00,0x00,0x00,0x00,0x00,0x00,0x00,
	0x12,0x41,0x00,0x01,0x00,0x00,0x00,0x00,0x00,0x00,0x00,0x00,0x00,0x00,0x00,0x00,
	0x00,0x00,0x00,0x00,0x00,0x00,0x00,0x00,0x00,0x00,0x00,0x00,0x04,0x2f,0xe5,0xdc,
	0xdb,0xfe,0x2b,0x9d,0x4f,0xa6,0x88,0x2c,0xac,0x8f,0x1a,0x6f,0xa5,0x5f,0xec,0x7a,
	0xf9,0x9c,0xc2,0xe2,0x84,0xec,0x75,0x1c,0x6f,0xa9,0x1f,0xe4,0x2e,0xf1,0x16,0xf9,
	0x79,0x18,0xcb,0x3f,0xb2,0x9b,0xa7,0x23,0x41,0xd9,0x7d,0x08,0x4e,0x39,0xd3,0x51,
	0x61,0xe6,0x8b,0xf4,0xe2,0xfb,0xdf,0x71,0xc7,0x5b,0x21,0xf8,0x00,0x00,0x00,0x40,
	0x00,0x00,0x00,0x00,0x00,0x00,0x00,0x00,0x00,0x00,0x00,0x00,0x00,0x00,0x00,0x00,
	0x00,0x00,0x00,0x00,0x00,0x00,0x00,0x00,0x00,0x00,0x00,0x00,0x00,0x00,0x00,0x00,
	0x00,0x00,0x00,0x00,0x04,0x02,0x00,0x00,0x00,0x00,0x00,0x00,0x00,0x00,0x00,0x00,
	0x00,0x00,0x00,0x00,0x00,0x00,0x00,0x00,0x00,0x00,0x00,0x00,0x00,0x00,0x00,0x00,
	0x00,0x00,0x00,0x00,0x00,0x00,0x00,0x00,0x00,0x00,0x00,0x00,0x00,0x00,0x00,0x00,
	0x00,0x00,0x00,0x00,0x00,0x00,0x00,0x00,0x00,0x00,0x00,0x00,0x00,0x00,0x00,0x00,
	0x00,0x00,0x00,0x00,0x04,0x02,0x00,0x00,0x00,0x00,0x00,0x00,0x00,0x00,0x00,0x00,
	0x00,0x00,0x00,0x00,0x00,0x00,0x00,0x00,0x00,0x00,0x00,0x00,0x00,0x00,0x00,0x00,
	0x00,0x00,0x00,0x00,0x00,0x00,0x00,0x00,0x00,0x00,0x00,0x00,0x00,0x00,0x00,0x00,
	0x00,0x00,0x00,0x00,0x00,0x00,0x00,0x00,0x00,0x00,0x00,0x00,0x00,0x00,0x00,0x00,
	0x00,0x00,0x00,0x00,0x00,0x01,0x00,0x00,0x00,0x00,0x00,0x00,0x00,0x00,0x00,0x00,
	0x00,0x00,0x00,0x00,0x00,0x00,0x00,0x00,0x00,0x00,0x00,0x00,0x00,0x00,0x00,0x00,
	0x00,0x00,0x00,0x00,0x00,0x00,0x00,0x00,0x00,0x00,0x00,0x00,0x00,0x00,0x00,0x00,
	0x00,0x00,0x00,0x00,0x00,0x00,0x00,0x00,0x00,0x00,0x00,0x00,0x00,0x00,0x00,0x00,
	0x00,0x00,0x00,0x00,0x00,0x01,0x00,0x00,0x00,0x00,0x00,0x00,0x00,0x00,0x00,0x00,
	0x00,0x00,0x00,0x00,0x00,0x00,0x00,0x00,0x00,0x00,0x00,0x00,0x00,0x00,0x00,0x00,
	0x00,0x00,0x00,0x00,0x00,0x00,0x00,0x00,0x00,0x00,0x00,0x00,0x00,0x00,0x00,0x00,
	0x00,0x00,0x00,0x00,0x00,0x00,0x00,0x00,0x00,0x00,0x00,0x00,0x00,0x00,0x00,0x00,
	0x00,0x00,0x00,0x00,0x00,0x01,0x00,0x00,0x00,0x00,0x00,0x00,0x00,0x00,0x00,0x00,
	0x00,0x00,0x00,0x00,0x00,0x00,0x00,0x00,0x00,0x00,0x00,0x00,0x00,0x00,0x00,0x00,
	0x00,0x00,0x00,0x00,0x00,0x00,0x00,0x00,0x00,0x00,0x00,0x00,0x00,0x00,0x00,0x00,
	0x00,0x00,0x00,0x00,0x00,0x00,0x00,0x00,0x00,0x00,0x00,0x00,0x00,0x00,0x00,0x00,
	0x00,0x00,0x00,0x00,0x00,0x01,0x00,0x00,0x00,0x00,0x00,0x00,0x00,0x00,0x00,0x00,
	0x00,0x00,0x00,0x00,0x00,0x00,0x00,0x00,0x00,0x00,0x00,0x00,0x00,0x00,0x00,0x00,
	0x00,0x00,0x00,0x00,0x00,0x00,0x00,0x00,0x00,0x00,0x00,0x00,0x00,0x00,0x00,0x00,
	0x00,0x00,0x00,0x00,0x00,0x00,0x00,0x00,0x00,0x00,0x00,0x00,0x00,0x00,0x00,0x00,
	0x00,0x00,0x00,0x00,0x03,0x02,0x00,0x00,0x00,0x00,0x00,0x00,0x00,0x00,0x00,0x00,
	0x00,0x00,0x00,0x00,0x00,0x00,0x00,0x00,0x00,0x00,0x00,0x00,0x12,0x41,0x00,0x01,
	0x00,0x00,0x00,0x00,0x00,0x00,0x00,0x00,0x00,0x00,0x00,0x00,0x00,0x00,0x00,0x00,
	0x00,0x00,0x00,0x00,0x00,0x00,0x00,0x00,0x04,0x2f,0xe5,0xdc,0xdb,0xfe,0x2b,0x9d,
	0x4f,0xa6,0x88,0x2c,0xac,0x8f,0x1a,0x6f,0xa5,0x5f,0xec,0x7a,0xf9,0x9c,0xc2,0xe2,
	0x84,0xec,0x75,0x1c,0x6f,0xa9,0x1f,0xe4,0x2e,0xf1,0x16,0xf9,0x79,0x18,0xcb,0x3f,
	0xb2,0x9b,0xa7,0x23,0x41,0xd9,0x7d,0x08,0x4e,0x39,0xd3,0x51,0x61,0xe6,0x8b,0xf4,
	0xe2,0xfb,0xdf,0x71,0xc7,0x5b,0x21,0xf8,0x00,0x00,0x00,0x40,0x00,0x00,0x00,0x00,
	0x00,0x00,0x00,0x00,0x00,0x00,0x00,0x00,0x00,0x00,0x00,0x00,0x00,0x00,0x00,0x00,
	0x00,0x00,0x00,0x00,0x00,0x00,0x00,0x00,0x00,0x00,0x00,0x00,0x00,0x00,0x00,0x00,
	0x04,0x02,0x00,0x00,0x00,0x00,0x00,0x00,0x00,0x00,0x00,0x00,0x00,0x00,0x00,0x00,
	0x00,0x00,0x00,0x00,0x00,0x00,0x00,0x00,0x00,0x00,0x00,0x00,0x00,0x00,0x00,0x00,
	0x00,0x00,0x00,0x00,0x00,0x00,0x00,0x00,0x00,0x00,0x00,0x00,0x00,0x00,0x00,0x00,
	0x00,0x00,0x00,0x00,0x00,0x00,0x00,0x00,0x00,0x00,0x00,0x00,0x00,0x00,0x00,0x00,
	0x04,0x02,0x00,0x00,0x00,0x00,0x00,0x00,0x00,0x00,0x00,0x00,0x00,0x00,0x00,0x00,
	0x00,0x00,0x00,0x00,0x00,0x00,0x00,0x00,0x00,0x00,0x00,0x00,0x00,0x00,0x00,0x00,
	0x00,0x00,0x00,0x00,0x00,0x00,0x00,0x00,0x00,0x00,0x00,0x00,0x00,0x00,0x00,0x00,
	0x00,0x00,0x00,0x00,0x00,0x00,0x00,0x00,0x00,0x00,0x00,0x00,0x00,0x00,0x00,0x00,
	0x00,0x01,0x00,0x00,0x00,0x00,0x00,0x00,0x00,0x00,0x00,0x00,0x00,0x00,0x00,0x00,
	0x00,0x00,0x00,0x00,0x00,0x00,0x00,0x00,0x00,0x00,0x00,0x00,0x00,0x00,0x00,0x00,
	0x00,0x00,0x00,0x00,0x00,0x00,0x00,0x00,0x00,0x00,0x00,0x00,0x00,0x00,0x00,0x00,
	0x00,0x00,0x00,0x00,0x00,0x00,0x00,0x00,0x00,0x00,0x00,0x00,0x00,0x00,0x00,0x00,
	0x00,0x01,0x00,0x00,0x00,0x00,0x00,0x00,0x00,0x00,0x00,0x00,0x00,0x00,0x00,0x00,
	0x00,0x00,0x00,0x00,0x00,0x00,0x00,0x00,0x00,0x00,0x00,0x00,0x00,0x00,0x00,0x00,
	0x00,0x00,0x00,0x00,0x00,0x00,0x00,0x00,0x00,0x00,0x00,0x00,0x00,0x00,0x00,0x00,
	0x00,0x00,0x00,0x00,0x00,0x00,0x00,0x00,0x00,0x00,0x00,0x00,0x00,0x00,0x00,0x00,
	0x00,0x01,0x00,0x00,0x00,0x00,0x00,0x00,0x00,0x00,0x00,0x00,0x00,0x00,0x00,0x00,
	0x00,0x00,0x00,0x00,0x00,0x00,0x00,0x00,0x00,0x00,0x00,0x00,0x00,0x00,0x00,0x00,
	0x00,0x00,0x00,0x00,0x00,0x00,0x00,0x00,0x00,0x00,0x00,0x00,0x00,0x00,0x00,0x00,
	0x00,0x00,0x00,0x00,0x00,0x00,0x00,0x00,0x00,0x00,0x00,0x00,0x00,0x00,0x00,0x00,
	0x00,0x01,0x00,0x00,0x00,0x00,0x00,0x00,0x00,0x00,0x00,0x00,0x00,0x00,0x00,0x00,
	0x00,0x00,0x00,0x00,0x00,0x00,0x00,0x00,0x00,0x00,0x00,0x00,0x00,0x00,0x00,0x00,
	0x00,0x00,0x00,0x00,0x00,0x00,0x00,0x00,0x00,0x00,0x00,0x00,0x00,0x00,0x00,0x00,
	0x00,0x00,0x00,0x00,0x00,0x00,0x00,0x00,0x00,0x00,0x00,0x00,0x00,0x00,0x00,0x00,
	0x03,0x02,0x00,0x00,0x00,0x00,0x00,0x00,0x00,0x00,0x00,0x00,0x00,0x00,0x00,0x00,
	0x00,0x00,0x00,0x00,0x00,0x00,0x00,0x00,0x12,0x41,0x00,0x01,0x00,0x00,0x00,0x00,
	0x00,0x00,0x00,0x00,0x00,0x00,0x00,0x00,0x00,0x00,0x00,0x00,0x00,0x00,0x00,0x00,
	0x00,0x00,0x00,0x00,0x04,0x2f,0xe5,0xdc,0xdb,0xfe,0x2b,0x9d,0x4f,0xa6,0x88,0x2c,
	0xac,0x8f,0x1a,0x6f,0xa5,0x5f,0xec,0x7a,0xf9,0x9c,0xc2,0xe2,0x84,0xec,0x75,0x1c,
	0x6f,0xa9,0x1f,0xe4,0x2e,0xf1,0x16,0xf9,0x79,0x18,0xcb,0x3f,0xb2,0x9b,0xa7,0x23,
	0x41,0xd9,0x7d,0x08,0x4e,0x39,0xd3,0x51,0x61,0xe6,0x8b,0xf4,0xe2,0xfb,0xdf,0x71,
	0xc7,0x5b,0x21,0xf8,0x00,0x00,0x00,0x40,0x00,0x00,0x00,0x00,0x00,0x00,0x00,0x00,
	0x00,0x00,0x00,0x00,0x00,0x00,0x00,0x00,0x00,0x00,0x00,0x00,0x00,0x00,0x00,0x00,
	0x00,0x00,0x00,0x00,0x00,0x00,0x00,0x00,0x00,0x00,0x00,0x00,0x04,0x02,0x00,0x00,
	0x00,0x00,0x00,0x00,0x00,0x00,0x00,0x00,0x00,0x00,0x00,0x00,0x00,0x00,0x00,0x00,
	0x00,0x00,0x00,0x00,0x00,0x00,0x00,0x00,0x00,0x00,0x00,0x00,0x00,0x00,0x00,0x00,
	0x00,0x00,0x00,0x00,0x00,0x00,0x00,0x00,0x00,0x00,0x00,0x00,0x00,0x00,0x00,0x00,
	0x00,0x00,0x00,0x00,0x00,0x00,0x00,0x00,0x00,0x00,0x00,0x00,0x04,0x02,0x00,0x00,
	0x00,0x00,0x00,0x00,0x00,0x00,0x00,0x00,0x00,0x00,0x00,0x00,0x00,0x00,0x00,0x00,
	0x00,0x00,0x00,0x00,0x00,0x00,0x00,0x00,0x00,0x00,0x00,0x00,0x00,0x00,0x00,0x00,
	0x00,0x00,0x00,0x00,0x00,0x00,0x00,0x00,0x00,0x00,0x00,0x00,0x00,0x00,0x00,0x00,
	0x00,0x00,0x00,0x00,0x00,0x00,0x00,0x00,0x00,0x00,0x00,0x00,0x00,0x01,0x00,0x00,
	0x00,0x00,0x00,0x00,0x00,0x00,0x00,0x00,0x00,0x00,0x00,0x00,0x00,0x00,0x00,0x00,
	0x00,0x00,0x00,0x00,0x00,0x00,0x00,0x00,0x00,0x00,0x00,0x00,0x00,0x00,0x00,0x00,
	0x00,0x00,0x00,0x00,0x00,0x00,0x00,0x00,0x00,0x00,0x00,0x00,0x00,0x00,0x00,0x00,
	0x00,0x00,0x00,0x00,0x00,0x00,0x00,0x00,0x00,0x00,0x00,0x00,0x00,0x01,0x00,0x00,
	0x00,0x00,0x00,0x00,0x00,0x00,0x00,0x00,0x00,0x00,0x00,0x00,0x00,0x00,0x00,0x00,
	0x00,0x00,0x00,0x00,0x00,0x00,0x00,0x00,0x00,0x00,0x00,0x00,0x00,0x00,0x00,0x00,
	0x00,0x00,0x00,0x00,0x00,0x00,0x00,0x00,0x00,0x00,0x00,0x00,0x00,0x00,0x00,0x00,
	0x00,0x00,0x00,0x00,0x00,0x00,0x00,0x00,0x00,0x00,0x00,0x00,0x00,0x01,0x00,0x00,
	0x00,0x00,0x00,0x00,0x00,0x00,0x00,0x00,0x00,0x00,0x00,0x00,0x00,0x00,0x00,0x00,
	0x00,0x00,0x00,0x00,0x00,0x00,0x00,0x00,0x00,0x00,0x00,0x00,0x00,0x00,0x00,0x00,
	0x00,0x00,0x00,0x00,0x00,0x00,0x00,0x00,0x00,0x00,0x00,0x00,0x00,0x00,0x00,0x00,
	0x00,0x00,0x00,0x00,0x00,0x00,0x00,0x00,0x00,0x00,0x00,0x00,0x00,0x01,0x00,0x00,
	0x00,0x00,0x00,0x00,0x00,0x00,0x00,0x00,0x00,0x00,0x00,0x00,0x00,0x00,0x00,0x00,
	0x00,0x00,0x00,0x00,0x00,0x00,0x00,0x00,0x00,0x00,0x00,0x00,0x00,0x00,0x00,0x00,
	0x00,0x00,0x00,0x00,0x00,0x00,0x00,0x00,0x00,0x00,0x00,0x00,0x00,0x00,0x00,0x00,
	0x00,0x00,0x00,0x00,0x00,0x00,0x00,0x00,0x00,0x00,0x00,0x00,0x03,0x02,0x00,0x00,
	0x00,0x00,0x00,0x00,0x00,0x00,0x00,0x00,0x00,0x00,0x00,0x00,0x00,0x00,0x00,0x00,
	0x00,0x00,0x00,0x00,0x12,0x41,0x00,0x01,0x00,0x00,0x00,0x00,0x00,0x00,0x00,0x00,
	0x00,0x00,0x00,0x00,0x00,0x00,0x00,0x00,0x00,0x00,0x00,0x00,0x00,0x00,0x00,0x00,
	0x04,0x2f,0xe5,0xdc,0xdb,0xfe,0x2b,0x9d,0x4f,0xa6,0x88,0x2c,0xac,0x8f,0x1a,0x6f,
	0xa5,0x5f,0xec,0x7a,0xf9,0x9c,0xc2,0xe2,0x84,0xec,0x75,0x1c,0x6f,0xa9,0x1f,0xe4,
	0x2e,0xf1,0x16,0xf9,0x79,0x18,0xcb,0x3f,0xb2,0x9b,0xa7,0x23,0x41,0xd9,0x7d,0x08,
	0x4e,0x39,0xd3,0x51,0x61,0xe6,0x8b,0xf4,0xe2,0xfb,0xdf,0x71,0xc7,0x5b,0x21,0xf8,
	0x00,0x00,0x00,0x40,0x00,0x00,0x00,0x00,0x00,0x00,0x00,0x00,0x00,0x00,0x00,0x00,
	0x00,0x00,0x00,0x00,0x00,0x00,0x00,0x00,0x00,0x00,0x00,0x00,0x00,0x00,0x00,0x00,
	0x00,0x00,0x00,0x00,0x00,0x00,0x00,0x00,0x04,0x02,0x00,0x00,0x00,0x00,0x00,0x00,
	0x00,0x00,0x00,0x00,0x00,0x00,0x00,0x00,0x00,0x00,0x00,0x00,0x00,0x00,0x00,0x00,
	0x00,0x00,0x00,0x00,0x00,0x00,0x00,0x00,0x00,0x00,0x00,0x00,0x00,0x00,0x00,0x00,
	0x00,0x00,0x00,0x00,0x00,0x00,0x00,0x00,0x00,0x00,0x00,0x00,0x00,0x00,0x00,0x00,
	0x00,0x00,0x00,0x00,0x00,0x00,0x00,0x00,0x04,0x02,0x00,0x00,0x00,0x00,0x00,0x00,
	0x00,0x00,0x00,0x00,0x00,0x00,0x00,0x00,0x00,0x00,0x00,0x00,0x00,0x00,0x00,0x00,
	0x00,0x00,0x00,0x00,0x00,0x00,0x00,0x00,0x00,0x00,0x00,0x00,0x00,0x00,0x00,0x00,
	0x00,0x00,0x00,0x00,0x00,0x00,0x00,0x00,0x00,0x00,0x00,0x00,0x00,0x00,0x00,0x00,
	0x00,0x00,0x00,0x00,0x00,0x00,0x00,0x00,0x00,0x01,0x00,0x00,0x00,0x00,0x00,0x00,
	0x00,0x00,0x00,0x00,0x00,0x00,0x00,0x00,0x00,0x00,0x00,0x00,0x00,0x00,0x00,0x00,
	0x00,0x00,0x00,0x00,0x00,0x00,0x00,0x00,0x00,0x00,0x00,0x00,0x00,0x00,0x00,0x00,
	0x00,0x00,0x00,0x00,0x00,0x00,0x00,0x00,0x00,0x00,0x00,0x00,0x00,0x00,0x00,0x00,
	0x00,0x00,0x00,0x00,0x00,0x00,0x00,0x00,0x00,0x01,0x00,0x00,0x00,0x00,0x00,0x00,
	0x00,0x00,0x00,0x00,0x00,0x00,0x00,0x00,0x00,0x00,0x00,0x00,0x00,0x00,0x00,0x00,
	0x00,0x00,0x00,0x00,0x00,0x00,0x00,0x00,0x00,0x00,0x00,0x00,0x00,0x00,0x00,0x00,
	0x00,0x00,0x00,0x00,0x00,0x00,0x00,0x00,0x00,0x00,0x00,0x00,0x00,0x00,0x00,0x00,
	0x00,0x00,0x00,0x00,0x00,0x00,0x00,0x00,0x00,0x01,0x00,0x00,0x00,0x00,0x00,0x00,
	0x00,0x00,0x00,0x00,0x00,0x00,0x00,0x00,0x00,0x00,0x00,0x00,0x00,0x00,0x00,0x00,
	0x00,0x00,0x00,0x00,0x00,0x00,0x00,0x00,0x00,0x00,0x00,0x00,0x00,0x00,0x00,0x00,
	0x00,0x00,0x00,0x00,0x00,0x00,0x00,0x00,0x00,0x00,0x00,0x00,0x00,0x00,0x00,0x00,
	0x00,0x00,0x00,0x00,0x00,0x00,0x00,0x00,0x00,0x01,0x00,0x00,0x00,0x00,0x00,0x00,
	0x00,0x00,0x00,0x00,0x00,0x00,0x00,0x00,0x00,0x00,0x00,0x00,0x00,0x00,0x00,0x00,
	0x00,0x00,0x00,0x00,0x00,0x00,0x00,0x00,0x00,0x00,0x00,0x00,0x00,0x00,0x00,0x00,
	0x00,0x00,0x00,0x00,0x00,0x00,0x00,0x00,0x00,0x00,0x00,0x00,0x00,0x00,0x00,0x00,
	0x00,0x00,0x00,0x00,0x00,0x00,0x00,0x00,0x03,0x02,0x00,0x00,0x00,0x00,0x00,0x00,
	0x00,0x00,0x00,0x00,0x00,0x00,0x00,0x00,0x00,0x00,0x00,0x00,0x00,0x00,0x00,0x00,
	0x12,0x41,0x00,0x01,0x00,0x00,0x00,0x00,0x00,0x00,0x00,0x00,0x00,0x00,0x00,0x00,
	0x00,0x00,0x00,0x00,0x00,0x00,0x00,0x00,0x00,0x00,0x00,0x00,0x04,0x2f,0xe5,0xdc,
	0xdb,0xfe,0x2b,0x9d,0x4f,0xa6,0x88,0x2c,0xac,0x8f,0x1a,0x6f,0xa5,0x5f,0xec,0x7a,
	0xf9,0x9c,0xc2,0xe2,0x84,0xec,0x75,0x1c,0x6f,0xa9,0x1f,0xe4,0x2e,0xf1,0x16,0xf9,
	0x79,0x18,0xcb,0x3f,0xb2,0x9b,0xa7,0x23,0x41,0xd9,0x7d,0x08,0x4e,0x39,0xd3,0x51,
	0x61,0xe6,0x8b,0xf4,0xe2,0xfb,0xdf,0x71,0xc7,0x5b,0x21,0xf8,0x00,0x00,0x00,0x40,
	0x00,0x00,0x00,0x00,0x00,0x00,0x00,0x00,0x00,0x00,0x00,0x00,0x00,0x00,0x00,0x00,
	0x00,0x00,0x00,0x00,0x00,0x00,0x00,0x00,0x00,0x00,0x00,0x00,0x00,0x00,0x00,0x00,
	0x00,0x00,0x00,0x00,0x04,0x02,0x00,0x00,0x00,0x00,0x00,0x00,0x00,0x00,0x00,0x00,
	0x00,0x00,0x00,0x00,0x00,0x00,0x00,0x00,0x00,0x00,0x00,0x00,0x00,0x00,0x00,0x00,
	0x00,0x00,0x00,0x00,0x00,0x00,0x00,0x00,0x00,0x00,0x00,0x00,0x00,0x00,0x00,0x00,
	0x00,0x00,0x00,0x00,0x00,0x00,0x00,0x00,0x00,0x00,0x00,0x00,0x00,0x00,0x00,0x00,
	0x00,0x00,0x00,0x00,0x04,0x02,0x00,0x00,0x00,0x00,0x00,0x00,0x00,0x00,0x00,0x00,
	0x00,0x00,0x00,0x00,0x00,0x00,0x00,0x00,0x00,0x00,0x00,0x00,0x00,0x00,0x00,0x00,
	0x00,0x00,0x00,0x00,0x00,0x00,0x00,0x00,0x00,0x00,0x00,0x00,0x00,0x00,0x00,0x00,
	0x00,0x00,0x00,0x00,0x00,0x00,0x00,0x00,0x00,0x00,0x00,0x00,0x00,0x00,0x00,0x00,
	0x00,0x00,0x00,0x00,0x00,0x01,0x00,0x00,0x00,0x00,0x00,0x00,0x00,0x00,0x00,0x00,
	0x00,0x00,0x00,0x00,0x00,0x00,0x00,0x00,0x00,0x00,0x00,0x00,0x00,0x00,0x00,0x00,
	0x00,0x00,0x00,0x00,0x00,0x00,0x00,0x00,0x00,0x00,0x00,0x00,0x00,0x00,0x00,0x00,
	0x00,0x00,0x00,0x00,0x00,0x00,0x00,0x00,0x00,0x00,0x00,0x00,0x00,0x00,0x00,0x00,
	0x00,0x00,0x00,0x00,0x00,0x01,0x00,0x00,0x00,0x00,0x00,0x00,0x00,0x00,0x00,0x00,
	0x00,0x00,0x00,0x00,0x00,0x00,0x00,0x00,0x00,0x00,0x00,0x00,0x00,0x00,0x00,0x00,
	0x00,0x00,0x00,0x00,0x00,0x00,0x00,0x00,0x00,0x00,0x00,0x00,0x00,0x00,0x00,0x00,
	0x00,0x00,0x00,0x00,0x00,0x00,0x00,0x00,0x00,0x00,0x00,0x00,0x00,0x00,0x00,0x00,
	0x00,0x00,0x00,0x00,0x00,0x01,0x00,0x00,0x00,0x00,0x00,0x00,0x00,0x00,0x00,0x00,
	0x00,0x00,0x00,0x00,0x00,0x00,0x00,0x00,0x00,0x00,0x00,0x00,0x00,0x00,0x00,0x00,
	0x00,0x00,0x00,0x00,0x00,0x00,0x00,0x00,0x00,0x00,0x00,0x00,0x00,0x00,0x00,0x00,
	0x00,0x00,0x00,0x00,0x00,0x00,0x00,0x00,0x00,0x00,0x00,0x00,0x00,0x00,0x00,0x00,
	0x00,0x00,0x00,0x00,0x00,0x01,0x00,0x00,0x00,0x00,0x00,0x00,0x00,0x00,0x00,0x00,
	0x00,0x00,0x00,0x00,0x00,0x00,0x00,0x00,0x00,0x00,0x00,0x00,0x00,0x00,0x00,0x00,
	0x00,0x00,0x00,0x00,0x00,0x00,0x00,0x00,0x00,0x00,0x00,0x00,0x00,0x00,0x00,0x00,
	0x00,0x00,0x00,0x00,0x00,0x00,0x00,0x00,0x00,0x00,0x00,0x00,0x00,0x00,0x00,0x00,
	0x00,0x00,0x00,0x00,0x03,0x02,0x00,0x00,0x00,0x00,0x00,0x00,0x00,0x00,0x00,0x00,
	0x00,0x00,0x00,0x00,0x00,0x00,0x00,0x00,0x00,0x00,0x00,0x00,0x12,0x41,0x00,0x01,
	0x00,0x00,0x00,0x00,0x00,0x00,0x00,0x00,0x00,0x00,0x00,0x00,0x00,0x00,0x00,0x00,
	0x00,0x00,0x00,0x00,0x00,0x00,0x00,0x00,0x04,0x2f,0xe5,0xdc,0xdb,0xfe,0x2b,0x9d,
	0x4f,0xa6,0x88,0x2c,0xac,0x8f,0x1a,0x6f,0xa5,0x5f,0xec,0x7a,0xf9,0x9c,0xc2,0xe2,
	0x84,0xec,0x75,0x1c,0x6f,0xa9,0x1f,0xe4,0x2e,0xf1,0x16,0xf9,0x79,0x18,0xcb,0x3f,
	0xb2,0x9b,0xa7,0x23,0x41,0xd9,0x7d,0x08,0x4e,0x39,0xd3,0x51,0x61,0xe6,0x8b,0xf4,
	0xe2,0xfb,0xdf,0x71,0xc7,0x5b,0x21,0xf8,0x00,0x00,0x00,0x40,0x00,0x00,0x00,0x00,
	0x00,0x00,0x00,0x00,0x00,0x00,0x00,0x00,0x00,0x00,0x00,0x00,0x00,0x00,0x00,0x00,
	0x00,0x00,0x00,0x00,0x00,0x00,0x00,0x00,0x00,0x00,0x00,0x00,0x00,0x00,0x00,0x00,
	0x04,0x02,0x00,0x00,0x00,0x00,0x00,0x00,0x00,0x00,0x00,0x00,0x00,0x00,0x00,0x00,
	0x00,0x00,0x00,0x00,0x00,0x00,0x00,0x00,0x00,0x00,0x00,0x00,0x00,0x00,0x00,0x00,
	0x00,0x00,0x00,0x00,0x00,0x00,0x00,0x00,0x00,0x00,0x00,0x00,0x00,0x00,0x00,0x00,
	0x00,0x00,0x00,0x00,0x00,0x00,0x00,0x00,0x00,0x00,0x00,0x00,0x00,0x00,0x00,0x00,
	0x04,0x02,0x00,0x00,0x00,0x00,0x00,0x00,0x00,0x00,0x00,0x00,0x00,0x00,0x00,0x00,
	0x00,0x00,0x00,0x00,0x00,0x00,0x00,0x00,0x00,0x00,0x00,0x00,0x00,0x00,0x00,0x00,
	0x00,0x00,0x00,0x00,0x00,0x00,0x00,0x00,0x00,0x00,0x00,0x00,0x00,0x00,0x00,0x00,
	0x00,0x00,0x00,0x00,0x00,0x00,0x00,0x00,0x00,0x00,0x00,0x00,0x00,0x00,0x00,0x00,
	0x00,0x01,0x00,0x00,0x00,0x00,0x00,0x00,0x00,0x00,0x00,0x00,0x00,0x00,0x00,0x00,
	0x00,0x00,0x00,0x00,0x00,0x00,0x00,0x00,0x00,0x00,0x00,0x00,0x00,0x00,0x00,0x00,
	0x00,0x00,0x00,0x00,0x00,0x00,0x00,0x00,0x00,0x00,0x00,0x00,0x00,0x00,0x00,0x00,
	0x00,0x00,0x00,0x00,0x00,0x00,0x00,0x00,0x00,0x00,0x00,0x00,0x00,0x00,0x00,0x00,
	0x00,0x01,0x00,0x00,0x00,0x00,0x00,0x00,0x00,0x00,0x00,0x00,0x00,0x00,0x00,0x00,
	0x00,0x00,0x00,0x00,0x00,0x00,0x00,0x00,0x00,0x00,0x00,0x00,0x00,0x00,0x00,0x00,
	0x00,0x00,0x00,0x00,0x00,0x00,0x00,0x00,0x00,0x00,0x00,0x00,0x00,0x00,0x00,0x00,
	0x00,0x00,0x00,0x00,0x00,0x00,0x00,0x00,0x00,0x00,0x00,0x00,0x00,0x00,0x00,0x00,
	0x00,0x01,0x00,0x00,0x00,0x00,0x00,0x00,0x00,0x00,0x00,0x00,0x00,0x00,0x00,0x00,
	0x00,0x00,0x00,0x00,0x00,0x00,0x00,0x00,0x00,0x00,0x00,0x00,0x00,0x00,0x00,0x00,
	0x00,0x00,0x00,0x00,0x00,0x00,0x00,0x00,0x00,0x00,0x00,0x00,0x00,0x00,0x00,0x00,
	0x00,0x00,0x00,0x00,0x00,0x00,0x00,0x00,0x00,0x00,0x00,0x00,0x00,0x00,0x00,0x00,
	0x00,0x01,0x00,0x00,0x00,0x00,0x00,0x00,0x00,0x00,0x00,0x00,0x00,0x00,0x00,0x00,
	0x00,0x00,0x00,0x00,0x00,0x00,0x00,0x00,0x00,0x00,0x00,0x00,0x00,0x00,0x00,0x00,
	0x00,0x00,0x00,0x00,0x00,0x00,0x00,0x00,0x00,0x00,0x00,0x00,0x00,0x00,0x00,0x00,
	0x00,0x00,0x00,0x00,0x00,0x00,0x00,0x00,0x00,0x00,0x00,0x00,0x00,0x00,0x00,0x00,
	0x03,0x02,0x00,0x00,0x00,0x00,0x00,0x00,0x00,0x00,0x00,0x00,0x00,0x00,0x00,0x00,
	0x00,0x00,0x00,0x00,0x00,0x00,0x00,0x00,0x12,0x41,0x00,0x01,0x00,0x00,0x00,0x00,
	0x00,0x00,0x00,0x00,0x00,0x00,0x00,0x00,0x00,0x00,0x00,0x00,0x00,0x00,0x00,0x00,
	0x00,0x00,0x00,0x00,0x04,0x2f,0xe5,0xdc,0xdb,0xfe,0x2b,0x9d,0x4f,0xa6,0x88,0x2c,
	0xac,0x8f,0x1a,0x6f,0xa5,0x5f,0xec,0x7a,0xf9,0x9c,0xc2,0xe2,0x84,0xec,0x75,0x1c,
	0x6f,0xa9,0x1f,0xe4,0x2e,0xf1,0x16,0xf9,0x79,0x18,0xcb,0x3f,0xb2,0x9b,0xa7,0x23,
	0x41,0xd9,0x7d,0x08,0x4e,0x39,0xd3,0x51,0x61,0xe6,0x8b,0xf4,0xe2,0xfb,0xdf,0x71,
	0xc7,0x5b,0x21,0xf8,0x00,0x00,0x00,0x40,0x00,0x00,0x00,0x00,0x00,0x00,0x00,0x00,
	0x00,0x00,0x00,0x00,0x00,0x00,0x00,0x00,0x00,0x00,0x00,0x00,0x00,0x00,0x00,0x00,
	0x00,0x00,0x00,0x00,0x00,0x00,0x00,0x00,0x00,0x00,0x00,0x00,0x04,0x02,0x00,0x00,
	0x00,0x00,0x00,0x00,0x00,0x00,0x00,0x00,0x00,0x00,0x00,0x00,0x00,0x00,0x00,0x00,
	0x00,0x00,0x00,0x00,0x00,0x00,0x00,0x00,0x00,0x00,0x00,0x00,0x00,0x00,0x00,0x00,
	0x00,0x00,0x00,0x00,0x00,0x00,0x00,0x00,0x00,0x00,0x00,0x00,0x00,0x00,0x00,0x00,
	0x00,0x00,0x00,0x00,0x00,0x00,0x00,0x00,0x00,0x00,0x00,0x00,0x04,0x02,0x00,0x00,
	0x00,0x00,0x00,0x00,0x00,0x00,0x00,0x00,0x00,0x00,0x00,0x00,0x00,0x00,0x00,0x00,
	0x00,0x00,0x00,0x00,0x00,0x00,0x00,0x00,0x00,0x00,0x00,0x00,0x00,0x00,0x00,0x00,
	0x00,0x00,0x00,0x00,0x00,0x00,0x00,0x00,0x00,0x00,0x00,0x00,0x00,0x00,0x00,0x00,
	0x00,0x00,0x00,0x00,0x00,0x00,0x00,0x00,0x00,0x00,0x00,0x00,0x00,0x01,0x00,0x00,
	0x00,0x00,0x00,0x00,0x00,0x00,0x00,0x00,0x00,0x00,0x00,0x00,0x00,0x00,0x00,0x00,
	0x00,0x00,0x00,0x00,0x00,0x00,0x00,0x00,0x00,0x00,0x00,0x00,0x00,0x00,0x00,0x00,
	0x00,0x00,0x00,0x00,0x00,0x00,0x00,0x00,0x00,0x00,0x00,0x00,0x00,0x00,0x00,0x00,
	0x00,0x00,0x00,0x00,0x00,0x00,0x00,0x00,0x00,0x00,0x00,0x00,0x00,0x01,0x00,0x00,
	0x00,0x00,0x00,0x00,0x00,0x00,0x00,0x00,0x00,0x00,0x00,0x00,0x00,0x00,0x00,0x00,
	0x00,0x00,0x00,0x00,0x00,0x00,0x00,0x00,0x00,0x00,0x00,0x00,0x00,0x00,0x00,0x00,
	0x00,0x00,0x00,0x00,0x00,0x00,0x00,0x00,0x00,0x00,0x00,0x00,0x00,0x00,0x00,0x00,
	0x00,0x00,0x00,0x00,0x00,0x00,0x00,0x00,0x00,0x00,0x00,0x00,0x00,0x01,0x00,0x00,
	0x00,0x00,0x00,0x00,0x00,0x00,0x00,0x00,0x00,0x00,0x00,0x00,0x00,0x00,0x00,0x00,
	0x00,0x00,0x00,0x00,0x00,0x00,0x00,0x00,0x00,0x00,0x00,0x00,0x00,0x00,0x00,0x00,
	0x00,0x00,0x00,0x00,0x00,0x00,0x00,0x00,0x00,0x00,0x00,0x00,0x00,0x00,0x00,0x00,
	0x00,0x00,0x00,0x00,0x00,0x00,0x00,0x00,0x00,0x00,0x00,0x00,0x00,0x01,0x00,0x00,
	0x00,0x00,0x00,0x00,0x00,0x00,0x00,0x00,0x00,0x00,0x00,0x00,0x00,0x00,0x00,0x00,
	0x00,0x00,0x00,0x00,0x00,0x00,0x00,0x00,0x00,0x00,0x00,0x00,0x00,0x00,0x00,0x00,
	0x00,0x00,0x00,0x00,0x00,0x00,0x00,0x00,0x00,0x00,0x00,0x00,0x00,0x00,0x00,0x00,
	0x00,0x00,0x00,0x00,0x00,0x00,0x00,0x00,0x00,0x00,0x00,0x00,0x03,0x02,0x00,0x00,
	0x00,0x00,0x00,0x00,0x00,0x00,0x00,0x00,0x00,0x00,0x00,0x00,0x00,0x00,0x00,0x00,
	0x00,0x00,0x00,0x00,0x12,0x41,0x00,0x01,0x00,0x00,0x00,0x00,0x00,0x00,0x00,0x00,
	0x00,0x00,0x00,0x00,0x00,0x00,0x00,0x00,0x00,0x00,0x00,0x00,0x00,0x00,0x00,0x00,
	0x04,0x2f,0xe5,0xdc,0xdb,0xfe,0x2b,0x9d,0x4f,0xa6,0x88,0x2c,0xac,0x8f,0x1a,0x6f,
	0xa5,0x5f,0xec,0x7a,0xf9,0x9c,0xc2,0xe2,0x84,0xec,0x75,0x1c,0x6f,0xa9,0x1f,0xe4,
	0x2e,0xf1,0x16,0xf9,0x79,0x18,0xcb,0x3f,0xb2,0x9b,0xa7,0x23,0x41,0xd9,0x7d,0x08,
	0x4e,0x39,0xd3,0x51,0x61,0xe6,0x8b,0xf4,0xe2,0xfb,0xdf,0x71,0xc7,0x5b,0x21,0xf8,
	0x00,0x00,0x00,0x40,0x00,0x00,0x00,0x00,0x00,0x00,0x00,0x00,0x00,0x00,0x00,0x00,
	0x00,0x00,0x00,0x00,0x00,0x00,0x00,0x00,0x00,0x00,0x00,0x00,0x00,0x00,0x00,0x00,
	0x00,0x00,0x00,0x00,0x00,0x00,0x00,0x00,0x04,0x02,0x00,0x00,0x00,0x00,0x00,0x00,
	0x00,0x00,0x00,0x00,0x00,0x00,0x00,0x00,0x00,0x00,0x00,0x00,0x00,0x00,0x00,0x00,
	0x00,0x00,0x00,0x00,0x00,0x00,0x00,0x00,0x00,0x00,0x00,0x00,0x00,0x00,0x00,0x00,
	0x00,0x00,0x00,0x00,0x00,0x00,0x00,0x00,0x00,0x00,0x00,0x00,0x00,0x00,0x00,0x00,
	0x00,0x00,0x00,0x00,0x00,0x00,0x00,0x00,0x04,0x02,0x00,0x00,0x00,0x00,0x00,0x00,
	0x00,0x00,0x00,0x00,0x00,0x00,0x00,0x00,0x00,0x00,0x00,0x00,0x00,0x00,0x00,0x00,
	0x00,0x00,0x00,0x00,0x00,0x00,0x00,0x00,0x00,0x00,0x00,0x00,0x00,0x00,0x00,0x00,
	0x00,0x00,0x00,0x00,0x00,0x00,0x00,0x00,0x00,0x00,0x00,0x00,0x00,0x00,0x00,0x00,
	0x00,0x00,0x00,0x00,0x00,0x00,0x00,0x00,0x00,0x01,0x00,0x00,0x00,0x00,0x00,0x00,
	0x00,0x00,0x00,0x00,0x00,0x00,0x00,0x00,0x00,0x00,0x00,0x00,0x00,0x00,0x00,0x00,
	0x00,0x00,0x00,0x00,0x00,0x00,0x00,0x00,0x00,0x00,0x00,0x00,0x00,0x00,0x00,0x00,
	0x00,0x00,0x00,0x00,0x00,0x00,0x00,0x00,0x00,0x00,0x00,0x00,0x00,0x00,0x00,0x00,
	0x00,0x00,0x00,0x00,0x00,0x00,0x00,0x00,0x00,0x01,0x00,0x00,0x00,0x00,0x00,0x00,
	0x00,0x00,0x00,0x00,0x00,0x00,0x00,0x00,0x00,0x00,0x00,0x00,0x00,0x00,0x00,0x00,
	0x00,0x00,0x00,0x00,0x00,0x00,0x00,0x00,0x00,0x00,0x00,0x00,0x00,0x00,0x00,0x00,
	0x00,0x00,0x00,0x00,0x00,0x00,0x00,0x00,0x00,0x00,0x00,0x00,0x00,0x00,0x00,0x00,
	0x00,0x00,0x00,0x00,0x00,0x00,0x00,0x00,0x00,0x01,0x00,0x00,0x00,0x00,0x00,0x00,
	0x00,0x00,0x00,0x00,0x00,0x00,0x00,0x00,0x00,0x00,0x00,0x00,0x00,0x00,0x00,0x00,
	0x00,0x00,0x00,0x00,0x00,0x00,0x00,0x00,0x00,0x00,0x00,0x00,0x00,0x00,0x00,0x00,
	0x00,0x00,0x00,0x00,0x00,0x00,0x00,0x00,0x00,0x00,0x00,0x00,0x00,0x00,0x00,0x00,
	0x00,0x00,0x00,0x00,0x00,0x00,0x00,0x00,0x00,0x01,0x00,0x00,0x00,0x00,0x00,0x00,
	0x00,0x00,0x00,0x00,0x00,0x00,0x00,0x00,0x00,0x00,0x00,0x00,0x00,0x00,0x00,0x00,
	0x00,0x00,0x00,0x00,0x00,0x00,0x00,0x00,0x00,0x00,0x00,0x00,0x00,0x00,0x00,0x00,
	0x00,0x00,0x00,0x00,0x00,0x00,0x00,0x00,0x00,0x00,0x00,0x00,0x00,0x00,0x00,0x00,
	0x00,0x00,0x00,0x00,0x00,0x00,0x00,0x00,0x03,0x02,0x00,0x00,0x00,0x00,0x00,0x00,
	0x00,0x00,0x00,0x00,0x00,0x00,0x00,0x00,0x00,0x00,0x00,0x00,0x00,0x00,0x00,0x00,
	0x12,0x41,0x00,0x01,0x00,0x00,0x00,0x00,0x00,0x00,0x00,0x00,0x00,0x00,0x00,0x00,
	0x00,0x00,0x00,0x00,0x00,0x00,0x00,0x00,0x00,0x00,0x00,0x00,0x04,0x2f,0xe5,0xdc,
	0xdb,0xfe,0x2b,0x9d,0x4f,0xa6,0x88,0x2c,0xac,0x8f,0x1a,0x6f,0xa5,0x5f,0xec,0x7a,
	0xf9,0x9c,0xc2,0xe2,0x84,0xec,0x75,0x1c,0x6f,0xa9,0x1f,0xe4,0x2e,0xf1,0x16,0xf9,
	0x79,0x18,0xcb,0x3f,0xb2,0x9b,0xa7,0x23,0x41,0xd9,0x7d,0x08,0x4e,0x39,0xd3,0x51,
	0x61,0xe6,0x8b,0xf4,0xe2,0xfb,0xdf,0x71,0xc7,0x5b,0x21,0xf8,0x00,0x00,0x00,0x40,
	0x00,0x00,0x00,0x00,0x00,0x00,0x00,0x00,0x00,0x00,0x00,0x00,0x00,0x00,0x00,0x00,
	0x00,0x00,0x00,0x00,0x00,0x00,0x00,0x00,0x00,0x00,0x00,0x00,0x00,0x00,0x00,0x00,
	0x00,0x00,0x00,0x00,0x04,0x02,0x00,0x00,0x00,0x00,0x00,0x00,0x00,0x00,0x00,0x00,
	0x00,0x00,0x00,0x00,0x00,0x00,0x00,0x00,0x00,0x00,0x00,0x00,0x00,0x00,0x00,0x00,
	0x00,0x00,0x00,0x00,0x00,0x00,0x00,0x00,0x00,0x00,0x00,0x00,0x00,0x00,0x00,0x00,
	0x00,0x00,0x00,0x00,0x00,0x00,0x00,0x00,0x00,0x00,0x00,0x00,0x00,0x00,0x00,0x00,
	0x00,0x00,0x00,0x00,0x04,0x02,0x00,0x00,0x00,0x00,0x00,0x00,0x00,0x00,0x00,0x00,
	0x00,0x00,0x00,0x00,0x00,0x00,0x00,0x00,0x00,0x00,0x00,0x00,0x00,0x00,0x00,0x00,
	0x00,0x00,0x00,0x00,0x00,0x00,0x00,0x00,0x00,0x00,0x00,0x00,0x00,0x00,0x00,0x00,
	0x00,0x00,0x00,0x00,0x00,0x00,0x00,0x00,0x00,0x00,0x00,0x00,0x00,0x00,0x00,0x00,
	0x00,0x00,0x00,0x00,0x00,0x01,0x00,0x00,0x00,0x00,0x00,0x00,0x00,0x00,0x00,0x00,
	0x00,0x00,0x00,0x00,0x00,0x00,0x00,0x00,0x00,0x00,0x00,0x00,0x00,0x00,0x00,0x00,
	0x00,0x00,0x00,0x00,0x00,0x00,0x00,0x00,0x00,0x00,0x00,0x00,0x00,0x00,0x00,0x00,
	0x00,0x00,0x00,0x00,0x00,0x00,0x00,0x00,0x00,0x00,0x00,0x00,0x00,0x00,0x00,0x00,
	0x00,0x00,0x00,0x00,0x00,0x01,0x00,0x00,0x00,0x00,0x00,0x00,0x00,0x00,0x00,0x00,
	0x00,0x00,0x00,0x00,0x00,0x00,0x00,0x00,0x00,0x00,0x00,0x00,0x00,0x00,0x00,0x00,
	0x00,0x00,0x00,0x00,0x00,0x00,0x00,0x00,0x00,0x00,0x00,0x00,0x00,0x00,0x00,0x00,
	0x00,0x00,0x00,0x00,0x00,0x00,0x00,0x00,0x00,0x00,0x00,0x00,0x00,0x00,0x00,0x00,
	0x00,0x00,0x00,0x00,0x00,0x01,0x00,0x00,0x00,0x00,0x00,0x00,0x00,0x00,0x00,0x00,
	0x00,0x00,0x00,0x00,0x00,0x00,0x00,0x00,0x00,0x00,0x00,0x00,0x00,0x00,0x00,0x00,
	0x00,0x00,0x00,0x00,0x00,0x00,0x00,0x00,0x00,0x00,0x00,0x00,0x00,0x00,0x00,0x00,
	0x00,0x00,0x00,0x00,0x00,0x00,0x00,0x00,0x00,0x00,0x00,0x00,0x00,0x00,0x00,0x00,
	0x00,0x00,0x00,0x00,0x00,0x01,0x00,0x00,0x00,0x00,0x00,0x00,0x00,0x00,0x00,0x00,
	0x00,0x00,0x00,0x00,0x00,0x00,0x00,0x00,0x00,0x00,0x00,0x00,0x00,0x00,0x00,0x00,
	0x00,0x00,0x00,0x00,0x00,0x00,0x00,0x00,0x00,0x00,0x00,0x00,0x00,0x00,0x00,0x00,
	0x00,0x00,0x00,0x00,0x00,0x00,0x00,0x00,0x00,0x00,0x00,0x00,0x00,0x00,0x00,0x00,
	0x00,0x00,0x00,0x00,0x03,0x02,0x00,0x00,0x00,0x00,0x00,0x00,0x00,0x00,0x00,0x00,
	0x00,0x00,0x00,0x00,0x00,0x00,0x00,0x00,0x00,0x00,0x00,0x00,0x12,0x41,0x00,0x01,
	0x00,0x00,0x00,0x00,0x00,0x00,0x00,0x00,0x00,0x00,0x00,0x00,0x00,0x00,0x00,0x00,
	0x00,0x00,0x00,0x00,0x00,0x00,0x00,0x00,0x04,0x2f,0xe5,0xdc,0xdb,0xfe,0x2b,0x9d,
	0x4f,0xa6,0x88,0x2c,0xac,0x8f,0x1a,0x6f,0xa5,0x5f,0xec,0x7a,0xf9,0x9c,0xc2,0xe2,
	0x84,0xec,0x75,0x1c,0x6f,0xa9,0x1f,0xe4,0x2e,0xf1,0x16,0xf9,0x79,0x18,0xcb,0x3f,
	0xb2,0x9b,0xa7,0x23,0x41,0xd9,0x7d,0x08,0x4e,0x39,0xd3,0x51,0x61,0xe6,0x8b,0xf4,
	0xe2,0xfb,0xdf,0x71,0xc7,0x5b,0x21,0xf8,0x00,0x00,0x00,0x40,0x00,0x00,0x00,0x00,
	0x00,0x00,0x00,0x00,0x00,0x00,0x00,0x00,0x00,0x00,0x00,0x00,0x00,0x00,0x00,0x00,
	0x00,0x00,0x00,0x00,0x00,0x00,0x00,0x00,0x00,0x00,0x00,0x00,0x00,0x00,0x00,0x00,
	0x04,0x02,0x00,0x00,0x00,0x00,0x00,0x00,0x00,0x00,0x00,0x00,0x00,0x00,0x00,0x00,
	0x00,0x00,0x00,0x00,0x00,0x00,0x00,0x00,0x00,0x00,0x00,0x00,0x00,0x00,0x00,0x00,
	0x00,0x00,0x00,0x00,0x00,0x00,0x00,0x00,0x00,0x00,0x00,0x00,0x00,0x00,0x00,0x00,
	0x00,0x00,0x00,0x00,0x00,0x00,0x00,0x00,0x00,0x00,0x00,0x00,0x00,0x00,0x00,0x00,
	0x04,0x02,0x00,0x00,0x00,0x00,0x00,0x00,0x00,0x00,0x00,0x00,0x00,0x00,0x00,0x00,
	0x00,0x00,0x00,0x00,0x00,0x00,0x00,0x00,0x00,0x00,0x00,0x00,0x00,0x00,0x00,0x00,
	0x00,0x00,0x00,0x00,0x00,0x00,0x00,0x00,0x00,0x00,0x00,0x00,0x00,0x00,0x00,0x00,
	0x00,0x00,0x00,0x00,0x00,0x00,0x00,0x00,0x00,0x00,0x00,0x00,0x00,0x00,0x00,0x00,
	0x00,0x01,0x00,0x00,0x00,0x00,0x00,0x00,0x00,0x00,0x00,0x00,0x00,0x00,0x00,0x00,
	0x00,0x00,0x00,0x00,0x00,0x00,0x00,0x00,0x00,0x00,0x00,0x00,0x00,0x00,0x00,0x00,
	0x00,0x00,0x00,0x00,0x00,0x00,0x00,0x00,0x00,0x00,0x00,0x00,0x00,0x00,0x00,0x00,
	0x00,0x00,0x00,0x00,0x00,0x00,0x00,0x00,0x00,0x00,0x00,0x00,0x00,0x00,0x00,0x00,
	0x00,0x01,0x00,0x00,0x00,0x00,0x00,0x00,0x00,0x00,0x00,0x00,0x00,0x00,0x00,0x00,
	0x00,0x00,0x00,0x00,0x00,0x00,0x00,0x00,0x00,0x00,0x00,0x00,0x00,0x00,0x00,0x00,
	0x00,0x00,0x00,0x00,0x00,0x00,0x00,0x00,0x00,0x00,0x00,0x00,0x00,0x00,0x00,0x00,
	0x00,0x00,0x00,0x00,0x00,0x00,0x00,0x00,0x00,0x00,0x00,0x00,0x00,0x00,0x00,0x00,
	0x00,0x01,0x00,0x00,0x00,0x00,0x00,0x00,0x00,0x00,0x00,0x00,0x00,0x00,0x00,0x00,
	0x00,0x00,0x00,0x00,0x00,0x00,0x00,0x00,0x00,0x00,0x00,0x00,0x00,0x00,0x00,0x00,
	0x00,0x00,0x00,0x00,0x00,0x00,0x00,0x00,0x00,0x00,0x00,0x00,0x00,0x00,0x00,0x00,
	0x00,0x00,0x00,0x00,0x00,0x00,0x00,0x00,0x00,0x00,0x00,0x00,0x00,0x00,0x00,0x00,
	0x00,0x01,0x00,0x00,0x00,0x00,0x00,0x00,0x00,0x00,0x00,0x00,0x00,0x00,0x00,0x00,
	0x00,0x00,0x00,0x00,0x00,0x00,0x00,0x00,0x00,0x00,0x00,0x00,0x00,0x00,0x00,0x00,
	0x00,0x00,0x00,0x00,0x00,0x00,0x00,0x00,0x00,0x00,0x00,0x00,0x00,0x00,0x00,0x00,
	0x00,0x00,0x00,0x00,0x00,0x00,0x00,0x00,0x00,0x00,0x00,0x00,0x00,0x00,0x00,0x00,
	0x03,0x02,0x00,0x00,0x00,0x00,0x00,0x00,0x00,0x00,0x00,0x00,0x00,0x00,0x00,0x00,
	0x00,0x00,0x00,0x00,0x00,0x00,0x00,0x00,0x12,0x41,0x00,0x01,0x00,0x00,0x00,0x00,
	0x00,0x00,0x00,0x00,0x00,0x00,0x00,0x00,0x00,0x00,0x00,0x00,0x00,0x00,0x00,0x00,
	0x00,0x00,0x00,0x00,0x04,0x2f,0xe5,0xdc,0xdb,0xfe,0x2b,0x9d,0x4f,0xa6,0x88,0x2c,
	0xac,0x8f,0x1a,0x6f,0xa5,0x5f,0xec,0x7a,0xf9,0x9c,0xc2,0xe2,0x84,0xec,0x75,0x1c,
	0x6f,0xa9,0x1f,0xe4,0x2e,0xf1,0x16,0xf9,0x79,0x18,0xcb,0x3f,0xb2,0x9b,0xa7,0x23,
	0x41,0xd9,0x7d,0x08,0x4e,0x39,0xd3,0x51,0x61,0xe6,0x8b,0xf4,0xe2,0xfb,0xdf,0x71,
	0xc7,0x5b,0x21,0xf8,0x00,0x00,0x00,0x40,0x00,0x00,0x00,0x00,0x00,0x00,0x00,0x00,
	0x00,0x00,0x00,0x00,0x00,0x00,0x00,0x00,0x00,0x00,0x00,0x00,0x00,0x00,0x00,0x00,
	0x00,0x00,0x00,0x00,0x00,0x00,0x00,0x00,0x00,0x00,0x00,0x00,0x04,0x02,0x00,0x00,
	0x00,0x00,0x00,0x00,0x00,0x00,0x00,0x00,0x00,0x00,0x00,0x00,0x00,0x00,0x00,0x00,
	0x00,0x00,0x00,0x00,0x00,0x00,0x00,0x00,0x00,0x00,0x00,0x00,0x00,0x00,0x00,0x00,
	0x00,0x00,0x00,0x00,0x00,0x00,0x00,0x00,0x00,0x00,0x00,0x00,0x00,0x00,0x00,0x00,
	0x00,0x00,0x00,0x00,0x00,0x00,0x00,0x00,0x00,0x00,0x00,0x00,0x04,0x02,0x00,0x00,
	0x00,0x00,0x00,0x00,0x00,0x00,0x00,0x00,0x00,0x00,0x00,0x00,0x00,0x00,0x00,0x00,
	0x00,0x00,0x00,0x00,0x00,0x00,0x00,0x00,0x00,0x00,0x00,0x00,0x00,0x00,0x00,0x00,
	0x00,0x00,0x00,0x00,0x00,0x00,0x00,0x00,0x00,0x00,0x00,0x00,0x00,0x00,0x00,0x00,
	0x00,0x00,0x00,0x00,0x00,0x00,0x00,0x00,0x00,0x00,0x00,0x00,0x00,0x01,0x00,0x00,
	0x00,0x00,0x00,0x00,0x00,0x00,0x00,0x00,0x00,0x00,0x00,0x00,0x00,0x00,0x00,0x00,
	0x00,0x00,0x00,0x00,0x00,0x00,0x00,0x00,0x00,0x00,0x00,0x00,0x00,0x00,0x00,0x00,
	0x00,0x00,0x00,0x00,0x00,0x00,0x00,0x00,0x00,0x00,0x00,0x00,0x00,0x00,0x00,0x00,
	0x00,0x00,0x00,0x00,0x00,0x00,0x00,0x00,0x00,0x00,0x00,0x00,0x00,0x01,0x00,0x00,
	0x00,0x00,0x00,0x00,0x00,0x00,0x00,0x00,0x00,0x00,0x00,0x00,0x00,0x00,0x00,0x00,
	0x00,0x00,0x00,0x00,0x00,0x00,0x00,0x00,0x00,0x00,0x00,0x00,0x00,0x00,0x00,0x00,
	0x00,0x00,0x00,0x00,0x00,0x00,0x00,0x00,0x00,0x00,0x00,0x00,0x00,0x00,0x00,0x00,
	0x00,0x00,0x00,0x00,0x00,0x00,0x00,0x00,0x00,0x00,0x00,0x00,0x00,0x01,0x00,0x00,
	0x00,0x00,0x00,0x00,0x00,0x00,0x00,0x00,0x00,0x00,0x00,0x00,0x00,0x00,0x00,0x00,
	0x00,0x00,0x00,0x00,0x00,0x00,0x00,0x00,0x00,0x00,0x00,0x00,0x00,0x00,0x00,0x00,
	0x00,0x00,0x00,0x00,0x00,0x00,0x00,0x00,0x00,0x00,0x00,0x00,0x00,0x00,0x00,0x00,
	0x00,0x00,0x00,0x00,0x00,0x00,0x00,0x00,0x00,0x00,0x00,0x00,0x00,0x01,0x00,0x00,
	0x00,0x00,0x00,0x00,0x00,0x00,0x00,0x00,0x00,0x00,0x00,0x00,0x00,0x00,0x00,0x00,
	0x00,0x00,0x00,0x00,0x00,0x00,0x00,0x00,0x00,0x00,0x00,0x00,0x00,0x00,0x00,0x00,
	0x00,0x00,0x00,0x00,0x00,0x00,0x00,0x00,0x00,0x00,0x00,0x00,0x00,0x00,0x00,0x00,
	0x00,0x00,0x00,0x00,0x00,0x00,0x00,0x00,0x00,0x00,0x00,0x00,0x03,0x02,0x00,0x00,
	0x00,0x00,0x00,0x00,0x00,0x00,0x00,0x00,0x00,0x00,0x00,0x00,0x00,0x00,0x00,0x00,
	0x00,0x00,0x00,0x00,0x12,0x41,0x00,0x01,0x00,0x00,0x00,0x00,0x00,0x00,0x00,0x00,
	0x00,0x00,0x00,0x00,0x00,0x00,0x00,0x00,0x00,0x00,0x00,0x00,0x00,0x00,0x00,0x00,
	0x04,0x2f,0xe5,0xdc,0xdb,0xfe,0x2b,0x9d,0x4f,0xa6,0x88,0x2c,0xac,0x8f,0x1a,0x6f,
	0xa5,0x5f,0xec,0x7a,0xf9,0x9c,0xc2,0xe2,0x84,0xec,0x75,0x1c,0x6f,0xa9,0x1f,0xe4,
	0x2e,0xf1,0x16,0xf9,0x79,0x18,0xcb,0x3f,0xb2,0x9b,0xa7,0x23,0x41,0xd9,0x7d,0x08,
	0x4e,0x39,0xd3,0x51,0x61,0xe6,0x8b,0xf4,0xe2,0xfb,0xdf,0x71,0xc7,0x5b,0x21,0xf8,
	0x00,0x00,0x00,0x40,0x00,0x00,0x00,0x00,0x00,0x00,0x00,0x00,0x00,0x00,0x00,0x00,
	0x00,0x00,0x00,0x00,0x00,0x00,0x00,0x00,0x00,0x00,0x00,0x00,0x00,0x00,0x00,0x00,
	0x00,0x00,0x00,0x00,0x00,0x00,0x00,0x00,0x04,0x02,0x00,0x00,0x00,0x00,0x00,0x00,
	0x00,0x00,0x00,0x00,0x00,0x00,0x00,0x00,0x00,0x00,0x00,0x00,0x00,0x00,0x00,0x00,
	0x00,0x00,0x00,0x00,0x00,0x00,0x00,0x00,0x00,0x00,0x00,0x00,0x00,0x00,0x00,0x00,
	0x00,0x00,0x00,0x00,0x00,0x00,0x00,0x00,0x00,0x00,0x00,0x00,0x00,0x00,0x00,0x00,
	0x00,0x00,0x00,0x00,0x00,0x00,0x00,0x00,0x04,0x02,0x00,0x00,0x00,0x00,0x00,0x00,
	0x00,0x00,0x00,0x00,0x00,0x00,0x00,0x00,0x00,0x00,0x00,0x00,0x00,0x00,0x00,0x00,
	0x00,0x00,0x00,0x00,0x00,0x00,0x00,0x00,0x00,0x00,0x00,0x00,0x00,0x00,0x00,0x00,
	0x00,0x00,0x00,0x00,0x00,0x00,0x00,0x00,0x00,0x00,0x00,0x00,0x00,0x00,0x00,0x00,
	0x00,0x00,0x00,0x00,0x00,0x00,0x00,0x00,0x00,0x01,0x00,0x00,0x00,0x00,0x00,0x00,
	0x00,0x00,0x00,0x00,0x00,0x00,0x00,0x00,0x00,0x00,0x00,0x00,0x00,0x00,0x00,0x00,
	0x00,0x00,0x00,0x00,0x00,0x00,0x00,0x00,0x00,0x00,0x00,0x00,0x00,0x00,0x00,0x00,
	0x00,0x00,0x00,0x00,0x00,0x00,0x00,0x00,0x00,0x00,0x00,0x00,0x00,0x00,0x00,0x00,
	0x00,0x00,0x00,0x00,0x00,0x00,0x00,0x00,0x00,0x01,0x00,0x00,0x00,0x00,0x00,0x00,
	0x00,0x00,0x00,0x00,0x00,0x00,0x00,0x00,0x00,0x00,0x00,0x00,0x00,0x00,0x00,0x00,
	0x00,0x00,0x00,0x00,0x00,0x00,0x00,0x00,0x00,0x00,0x00,0x00,0x00,0x00,0x00,0x00,
	0x00,0x00,0x00,0x00,0x00,0x00,0x00,0x00,0x00,0x00,0x00,0x00,0x00,0x00,0x00,0x00,
	0x00,0x00,0x00,0x00,0x00,0x00,0x00,0x00,0x00,0x01,0x00,0x00,0x00,0x00,0x00,0x00,
	0x00,0x00,0x00,0x00,0x00,0x00,0x00,0x00,0x00,0x00,0x00,0x00,0x00,0x00,0x00,0x00,
	0x00,0x00,0x00,0x00,0x00,0x00,0x00,0x00,0x00,0x00,0x00,0x00,0x00,0x00,0x00,0x00,
	0x00,0x00,0x00,0x00,0x00,0x00,0x00,0x00,0x00,0x00,0x00,0x00,0x00,0x00,0x00,0x00,
	0x00,0x00,0x00,0x00,0x00,0x00,0x00,0x00,0x00,0x01,0x00,0x00,0x00,0x00,0x00,0x00,
	0x00,0x00,0x00,0x00,0x00,0x00,0x00,0x00,0x00,0x00,0x00,0x00,0x00,0x00,0x00,0x00,
	0x00,0x00,0x00,0x00,0x00,0x00,0x00,0x00,0x00,0x00,0x00,0x00,0x00,0x00,0x00,0x00,
	0x00,0x00,0x00,0x00,0x00,0x00,0x00,0x00,0x00,0x00,0x00,0x00,0x00,0x00,0x00,0x00,
	0x00,0x00,0x00,0x00,0x00,0x00,0x00,0x00,0x03,0x02,0x00,0x00,0x00,0x00,0x00,0x00,
	0x00,0x00,0x00,0x00,0x00,0x00,0x00,0x00,0x00,0x00,0x00,0x00,0x00,0x00,0x00,0x00,
	0x12,0x41,0x00,0x01,0x00,0x00,0x00,0x00,0x00,0x00,0x00,0x00,0x00,0x00,0x00,0x00,
	0x00,0x00,0x00,0x00,0x00,0x00,0x00,0x00,0x00,0x00,0x00,0x00,0x04,0x2f,0xe5,0xdc,
	0xdb,0xfe,0x2b,0x9d,0x4f,0xa6,0x88,0x2c,0xac,0x8f,0x1a,0x6f,0xa5,0x5f,0xec,0x7a,
	0xf9,0x9c,0xc2,0xe2,0x84,0xec,0x75,0x1c,0x6f,0xa9,0x1f,0xe4,0x2e,0xf1,0x16,0xf9,
	0x79,0x18,0xcb,0x3f,0xb2,0x9b,0xa7,0x23,0x41,0xd9,0x7d,0x08,0x4e,0x39,0xd3,0x51,
	0x61,0xe6,0x8b,0xf4,0xe2,0xfb,0xdf,0x71,0xc7,0x5b,0x21,0xf8,0x00,0x00,0x00,0x40,
	0x00,0x00,0x00,0x00,0x00,0x00,0x00,0x00,0x00,0x00,0x00,0x00,0x00,0x00,0x00,0x00,
	0x00,0x00,0x00,0x00,0x00,0x00,0x00,0x00,0x00,0x00,0x00,0x00,0x00,0x00,0x00,0x00,
	0x00,0x00,0x00,0x00,0x04,0x02,0x00,0x00,0x00,0x00,0x00,0x00,0x00,0x00,0x00,0x00,
	0x00,0x00,0x00,0x00,0x00,0x00,0x00,0x00,0x00,0x00,0x00,0x00,0x00,0x00,0x00,0x00,
	0x00,0x00,0x00,0x00,0x00,0x00,0x00,0x00,0x00,0x00,0x00,0x00,0x00,0x00,0x00,0x00,
	0x00,0x00,0x00,0x00,0x00,0x00,0x00,0x00,0x00,0x00,0x00,0x00,0x00,0x00,0x00,0x00,
	0x00,0x00,0x00,0x00,0x04,0x02,0x00,0x00,0x00,0x00,0x00,0x00,0x00,0x00,0x00,0x00,
	0x00,0x00,0x00,0x00,0x00,0x00,0x00,0x00,0x00,0x00,0x00,0x00,0x00,0x00,0x00,0x00,
	0x00,0x00,0x00,0x00,0x00,0x00,0x00,0x00,0x00,0x00,0x00,0x00,0x00,0x00,0x00,0x00,
	0x00,0x00,0x00,0x00,0x00,0x00,0x00,0x00,0x00,0x00,0x00,0x00,0x00,0x00,0x00,0x00,
	0x00,0x00,0x00,0x00,0x00,0x01,0x00,0x00,0x00,0x00,0x00,0x00,0x00,0x00,0x00,0x00,
	0x00,0x00,0x00,0x00,0x00,0x00,0x00,0x00,0x00,0x00,0x00,0x00,0x00,0x00,0x00,0x00,
	0x00,0x00,0x00,0x00,0x00,0x00,0x00,0x00,0x00,0x00,0x00,0x00,0x00,0x00,0x00,0x00,
	0x00,0x00,0x00,0x00,0x00,0x00,0x00,0x00,0x00,0x00,0x00,0x00,0x00,0x00,0x00,0x00,
	0x00,0x00,0x00,0x00,0x00,0x01,0x00,0x00,0x00,0x00,0x00,0x00,0x00,0x00,0x00,0x00,
	0x00,0x00,0x00,0x00,0x00,0x00,0x00,0x00,0x00,0x00,0x00,0x00,0x00,0x00,0x00,0x00,
	0x00,0x00,0x00,0x00,0x00,0x00,0x00,0x00,0x00,0x00,0x00,0x00,0x00,0x00,0x00,0x00,
	0x00,0x00,0x00,0x00,0x00,0x00,0x00,0x00,0x00,0x00,0x00,0x00,0x00,0x00,0x00,0x00,
	0x00,0x00,0x00,0x00,0x00,0x01,0x00,0x00,0x00,0x00,0x00,0x00,0x00,0x00,0x00,0x00,
	0x00,0x00,0x00,0x00,0x00,0x00,0x00,0x00,0x00,0x00,0x00,0x00,0x00,0x00,0x00,0x00,
	0x00,0x00,0x00,0x00,0x00,0x00,0x00,0x00,0x00,0x00,0x00,0x00,0x00,0x00,0x00,0x00,
	0x00,0x00,0x00,0x00,0x00,0x00,0x00,0x00,0x00,0x00,0x00,0x00,0x00,0x00,0x00,0x00,
	0x00,0x00,0x00,0x00,0x00,0x01,0x00,0x00,0x00,0x00,0x00,0x00,0x00,0x00,0x00,0x00,
	0x00,0x00,0x00,0x00,0x00,0x00,0x00,0x00,0x00,0x00,0x00,0x00,0x00,0x00,0x00,0x00,
	0x00,0x00,0x00,0x00,0x00,0x00,0x00,0x00,0x00,0x00,0x00,0x00,0x00,0x00,0x00,0x00,
	0x00,0x00,0x00,0x00,0x00,0x00,0x00,0x00,0x00,0x00,0x00,0x00,0x00,0x00,0x00,0x00,
	0x00,0x00,0x00,0x00,0x03,0x02,0x00,0x00,0x00,0x00,0x00,0x00,0x00,0x00,0x00,0x00,
	0x00,0x00,0x00,0x00,0x00,0x00,0x00,0x00,0x00,0x00,0x00,0x00,0x12,0x41,0x00,0x01,
	0x00,0x00,0x00,0x00,0x00,0x00,0x00,0x00,0x00,0x00,0x00,0x00,0x00,0x00,0x00,0x00,
	0x00,0x00,0x00,0x00,0x00,0x00,0x00,0x00,0x04,0x2f,0xe5,0xdc,0xdb,0xfe,0x2b,0x9d,
	0x4f,0xa6,0x88,0x2c,0xac,0x8f,0x1a,0x6f,0xa5,0x5f,0xec,0x7a,0xf9,0x9c,0xc2,0xe2,
	0x84,0xec,0x75,0x1c,0x6f,0xa9,0x1f,0xe4,0x2e,0xf1,0x16,0xf9,0x79,0x18,0xcb,0x3f,
	0xb2,0x9b,0xa7,0x23,0x41,0xd9,0x7d,0x08,0x4e,0x39,0xd3,0x51,0x61,0xe6,0x8b,0xf4,
	0xe2,0xfb,0xdf,0x71,0xc7,0x5b,0x21,0xf8,0x00,0x00,0x00,0x40,0x00,0x00,0x00,0x00,
	0x00,0x00,0x00,0x00,0x00,0x00,0x00,0x00,0x00,0x00,0x00,0x00,0x00,0x00,0x00,0x00,
	0x00,0x00,0x00,0x00,0x00,0x00,0x00,0x00,0x00,0x00,0x00,0x00,0x00,0x00,0x00,0x00,
	0x04,0x02,0x00,0x00,0x00,0x00,0x00,0x00,0x00,0x00,0x00,0x00,0x00,0x00,0x00,0x00,
	0x00,0x00,0x00,0x00,0x00,0x00,0x00,0x00,0x00,0x00,0x00,0x00,0x00,0x00,0x00,0x00,
	0x00,0x00,0x00,0x00,0x00,0x00,0x00,0x00,0x00,0x00,0x00,0x00,0x00,0x00,0x00,0x00,
	0x00,0x00,0x00,0x00,0x00,0x00,0x00,0x00,0x00,0x00,0x00,0x00,0x00,0x00,0x00,0x00,
	0x04,0x02,0x00,0x00,0x00,0x00,0x00,0x00,0x00,0x00,0x00,0x00,0x00,0x00,0x00,0x00,
	0x00,0x00,0x00,0x00,0x00,0x00,0x00,0x00,0x00,0x00,0x00,0x00,0x00,0x00,0x00,0x00,
	0x00,0x00,0x00,0x00,0x00,0x00,0x00,0x00,0x00,0x00,0x00,0x00,0x00,0x00,0x00,0x00,
	0x00,0x00,0x00,0x00,0x00,0x00,0x00,0x00,0x00,0x00,0x00,0x00,0x00,0x00,0x00,0x00,
	0x00,0x01,0x00,0x00,0x00,0x00,0x00,0x00,0x00,0x00,0x00,0x00,0x00,0x00,0x00,0x00,
	0x00,0x00,0x00,0x00,0x00,0x00,0x00,0x00,0x00,0x00,0x00,0x00,0x00,0x00,0x00,0x00,
	0x00,0x00,0x00,0x00,0x00,0x00,0x00,0x00,0x00,0x00,0x00,0x00,0x00,0x00,0x00,0x00,
	0x00,0x00,0x00,0x00,0x00,0x00,0x00,0x00,0x00,0x00,0x00,0x00,0x00,0x00,0x00,0x00,
	0x00,0x01,0x00,0x00,0x00,0x00,0x00,0x00,0x00,0x00,0x00,0x00,0x00,0x00,0x00,0x00,
	0x00,0x00,0x00,0x00,0x00,0x00,0x00,0x00,0x00,0x00,0x00,0x00,0x00,0x00,0x00,0x00,
	0x00,0x00,0x00,0x00,0x00,0x00,0x00,0x00,0x00,0x00,0x00,0x00,0x00,0x00,0x00,0x00,
	0x00,0x00,0x00,0x00,0x00,0x00,0x00,0x00,0x00,0x00,0x00,0x00,0x00,0x00,0x00,0x00,
	0x00,0x01,0x00,0x00,0x00,0x00,0x00,0x00,0x00,0x00,0x00,0x00,0x00,0x00,0x00,0x00,
	0x00,0x00,0x00,0x00,0x00,0x00,0x00,0x00,0x00,0x00,0x00,0x00,0x00,0x00,0x00,0x00,
	0x00,0x00,0x00,0x00,0x00,0x00,0x00,0x00,0x00,0x00,0x00,0x00,0x00,0x00,0x00,0x00,
	0x00,0x00,0x00,0x00,0x00,0x00,0x00,0x00,0x00,0x00,0x00,0x00,0x00,0x00,0x00,0x00,
	0x00,0x01,0x00,0x00,0x00,0x00,0x00,0x00,0x00,0x00,0x00,0x00,0x00,0x00,0x00,0x00,
	0x00,0x00,0x00,0x00,0x00,0x00,0x00,0x00,0x00,0x00,0x00,0x00,0x00,0x00,0x00,0x00,
	0x00,0x00,0x00,0x00,0x00,0x00,0x00,0x00,0x00,0x00,0x00,0x00,0x00,0x00,0x00,0x00,
	0x00,0x00,0x00,0x00,0x00,0x00,0x00,0x00,0x00,0x00,0x00,0x00,0x00,0x00,0x00,0x00,
	0x03,0x02,0x00,0x00,0x00,0x00,0x00,0x00,0x00,0x00,0x00,0x00,0x00,0x00,0x00,0x00,
	0x00,0x00,0x00,0x00,0x00,0x00,0x00,0x00,0x12,0x41,0x00,0x01,0x00,0x00,0x00,0x00,
	0x00,0x00,0x00,0x00,0x00,0x00,0x00,0x00,0x00,0x00,0x00,0x00,0x00,0x00,0x00,0x00,
	0x00,0x00,0x00,0x00,0x04,0x2f,0xe5,0xdc,0xdb,0xfe,0x2b,0x9d,0x4f,0xa6,0x88,0x2c,
	0xac,0x8f,0x1a,0x6f,0xa5,0x5f,0xec,0x7a,0xf9,0x9c,0xc2,0xe2,0x84,0xec,0x75,0x1c,
	0x6f,0xa9,0x1f,0xe4,0x2e,0xf1,0x16,0xf9,0x79,0x18,0xcb,0x3f,0xb2,0x9b,0xa7,0x23,
	0x41,0xd9,0x7d,0x08,0x4e,0x39,0xd3,0x51,0x61,0xe6,0x8b,0xf4,0xe2,0xfb,0xdf,0x71,
	0xc7,0x5b,0x21,0xf8,0x00,0x00,0x00,0x40,0x00,0x00,0x00,0x00,0x00,0x00,0x00,0x00,
	0x00,0x00,0x00,0x00,0x00,0x00,0x00,0x00,0x00,0x00,0x00,0x00,0x00,0x00,0x00,0x00,
	0x00,0x00,0x00,0x00,0x00,0x00,0x00,0x00,0x00,0x00,0x00,0x00,0x04,0x02,0x00,0x00,
	0x00,0x00,0x00,0x00,0x00,0x00,0x00,0x00,0x00,0x00,0x00,0x00,0x00,0x00,0x00,0x00,
	0x00,0x00,0x00,0x00,0x00,0x00,0x00,0x00,0x00,0x00,0x00,0x00,0x00,0x00,0x00,0x00,
	0x00,0x00,0x00,0x00,0x00,0x00,0x00,0x00,0x00,0x00,0x00,0x00,0x00,0x00,0x00,0x00,
	0x00,0x00,0x00,0x00,0x00,0x00,0x00,0x00,0x00,0x00,0x00,0x00,0x04,0x02,0x00,0x00,
	0x00,0x00,0x00,0x00,0x00,0x00,0x00,0x00,0x00,0x00,0x00,0x00,0x00,0x00,0x00,0x00,
	0x00,0x00,0x00,0x00,0x00,0x00,0x00,0x00,0x00,0x00,0x00,0x00,0x00,0x00,0x00,0x00,
	0x00,0x00,0x00,0x00,0x00,0x00,0x00,0x00,0x00,0x00,0x00,0x00,0x00,0x00,0x00,0x00,
	0x00,0x00,0x00,0x00,0x00,0x00,0x00,0x00,0x00,0x00,0x00,0x00,0x00,0x01,0x00,0x00,
	0x00,0x00,0x00,0x00,0x00,0x00,0x00,0x00,0x00,0x00,0x00,0x00,0x00,0x00,0x00,0x00,
	0x00,0x00,0x00,0x00,0x00,0x00,0x00,0x00,0x00,0x00,0x00,0x00,0x00,0x00,0x00,0x00,
	0x00,0x00,0x00,0x00,0x00,0x00,0x00,0x00,0x00,0x00,0x00,0x00,0x00,0x00,0x00,0x00,
	0x00,0x00,0x00,0x00,0x00,0x00,0x00,0x00,0x00,0x00,0x00,0x00,0x00,0x01,0x00,0x00,
	0x00,0x00,0x00,0x00,0x00,0x00,0x00,0x00,0x00,0x00,0x00,0x00,0x00,0x00,0x00,0x00,
	0x00,0x00,0x00,0x00,0x00,0x00,0x00,0x00,0x00,0x00,0x00,0x00,0x00,0x00,0x00,0x00,
	0x00,0x00,0x00,0x00,0x00,0x00,0x00,0x00,0x00,0x00,0x00,0x00,0x00,0x00,0x00,0x00,
	0x00,0x00,0x00,0x00,0x00,0x00,0x00,0x00,0x00,0x00,0x00,0x00,0x00,0x01,0x00,0x00,
	0x00,0x00,0x00,0x00,0x00,0x00,0x00,0x00,0x00,0x00,0x00,0x00,0x00,0x00,0x00,0x00,
	0x00,0x00,0x00,0x00,0x00,0x00,0x00,0x00,0x00,0x00,0x00,0x00,0x00,0x00,0x00,0x00,
	0x00,0x00,0x00,0x00,0x00,0x00,0x00,0x00,0x00,0x00,0x00,0x00,0x00,0x00,0x00,0x00,
	0x00,0x00,0x00,0x00,0x00,0x00,0x00,0x00,0x00,0x00,0x00,0x00,0x00,0x01,0x00,0x00,
	0x00,0x00,0x00,0x00,0x00,0x00,0x00,0x00,0x00,0x00,0x00,0x00,0x00,0x00,0x00,0x00,
	0x00,0x00,0x00,0x00,0x00,0x00,0x00,0x00,0x00,0x00,0x00,0x00,0x00,0x00,0x00,0x00,
	0x00,0x00,0x00,0x00,0x00,0x00,0x00,0x00,0x00,0x00,0x00,0x00,0x00,0x00,0x00,0x00,
	0x00,0x00,0x00,0x00,0x00,0x00,0x00,0x00,0x00,0x00,0x00,0x00,0x03,0x02,0x00,0x00,
	0x00,0x00,0x00,0x00,0x00,0x00,0x00,0x00,0x00,0x00,0x00,0x00,0x00,0x00,0x00,0x00,
	0x00,0x00,0x00,0x00,0x12,0x41,0x00,0x01,0x00,0x00,0x00,0x00,0x00,0x00,0x00,0x00,
	0x00,0x00,0x00,0x00,0x00,0x00,0x00,0x00,0x00,0x00,0x00,0x00,0x00,0x00,0x00,0x00,
	0x04,0x2f,0xe5,0xdc,0xdb,0xfe,0x2b,0x9d,0x4f,0xa6,0x88,0x2c,0xac,0x8f,0x1a,0x6f,
	0xa5,0x5f,0xec,0x7a,0xf9,0x9c,0xc2,0xe2,0x84,0xec,0x75,0x1c,0x6f,0xa9,0x1f,0xe4,
	0x2e,0xf1,0x16,0xf9,0x79,0x18,0xcb,0x3f,0xb2,0x9b,0xa7,0x23,0x41,0xd9,0x7d,0x08,
	0x4e,0x39,0xd3,0x51,0x61,0xe6,0x8b,0xf4,0xe2,0xfb,0xdf,0x71,0xc7,0x5b,0x21,0xf8,
	0x00,0x00,0x00,0x40,0x00,0x00,0x00,0x00,0x00,0x00,0x00,0x00,0x00,0x00,0x00,0x00,
	0x00,0x00,0x00,0x00,0x00,0x00,0x00,0x00,0x00,0x00,0x00,0x00,0x00,0x00,0x00,0x00,
	0x00,0x00,0x00,0x00,0x00,0x00,0x00,0x00,0x04,0x02,0x00,0x00,0x00,0x00,0x00,0x00,
	0x00,0x00,0x00,0x00,0x00,0x00,0x00,0x00,0x00,0x00,0x00,0x00,0x00,0x00,0x00,0x00,
	0x00,0x00,0x00,0x00,0x00,0x00,0x00,0x00,0x00,0x00,0x00,0x00,0x00,0x00,0x00,0x00,
	0x00,0x00,0x00,0x00,0x00,0x00,0x00,0x00,0x00,0x00,0x00,0x00,0x00,0x00,0x00,0x00,
	0x00,0x00,0x00,0x00,0x00,0x00,0x00,0x00,0x04,0x02,0x00,0x00,0x00,0x00,0x00,0x00,
	0x00,0x00,0x00,0x00,0x00,0x00,0x00,0x00,0x00,0x00,0x00,0x00,0x00,0x00,0x00,0x00,
	0x00,0x00,0x00,0x00,0x00,0x00,0x00,0x00,0x00,0x00,0x00,0x00,0x00,0x00,0x00,0x00,
	0x00,0x00,0x00,0x00,0x00,0x00,0x00,0x00,0x00,0x00,0x00,0x00,0x00,0x00,0x00,0x00,
	0x00,0x00,0x00,0x00,0x00,0x00,0x00,0x00,0x00,0x01,0x00,0x00,0x00,0x00,0x00,0x00,
	0x00,0x00,0x00,0x00,0x00,0x00,0x00,0x00,0x00,0x00,0x00,0x00,0x00,0x00,0x00,0x00,
	0x00,0x00,0x00,0x00,0x00,0x00,0x00,0x00,0x00,0x00,0x00,0x00,0x00,0x00,0x00,0x00,
	0x00,0x00,0x00,0x00,0x00,0x00,0x00,0x00,0x00,0x00,0x00,0x00,0x00,0x00,0x00,0x00,
	0x00,0x00,0x00,0x00,0x00,0x00,0x00,0x00,0x00,0x01,0x00,0x00,0x00,0x00,0x00,0x00,
	0x00,0x00,0x00,0x00,0x00,0x00,0x00,0x00,0x00,0x00,0x00,0x00,0x00,0x00,0x00,0x00,
	0x00,0x00,0x00,0x00,0x00,0x00,0x00,0x00,0x00,0x00,0x00,0x00,0x00,0x00,0x00,0x00,
	0x00,0x00,0x00,0x00,0x00,0x00,0x00,0x00,0x00,0x00,0x00,0x00,0x00,0x00,0x00,0x00,
	0x00,0x00,0x00,0x00,0x00,0x00,0x00,0x00,0x00,0x01,0x00,0x00,0x00,0x00,0x00,0x00,
	0x00,0x00,0x00,0x00,0x00,0x00,0x00,0x00,0x00,0x00,0x00,0x00,0x00,0x00,0x00,0x00,
	0x00,0x00,0x00,0x00,0x00,0x00,0x00,0x00,0x00,0x00,0x00,0x00,0x00,0x00,0x00,0x00,
	0x00,0x00,0x00,0x00,0x00,0x00,0x00,0x00,0x00,0x00,0x00,0x00,0x00,0x00,0x00,0x00,
	0x00,0x00,0x00,0x00,0x00,0x00,0x00,0x00,0x00,0x01,0x00,0x00,0x00,0x00,0x00,0x00,
	0x00,0x00,0x00,0x00,0x00,0x00,0x00,0x00,0x00,0x00,0x00,0x00,0x00,0x00,0x00,0x00,
	0x00,0x00,0x00,0x00,0x00,0x00,0x00,0x00,0x00,0x00,0x00,0x00,0x00,0x00,0x00,0x00,
	0x00,0x00,0x00,0x00,0x00,0x00,0x00,0x00,0x00,0x00,0x00,0x00,0x00,0x00,0x00,0x00,
	0x00,0x00,0x00,0x00,0x00,0x00,0x00,0x00,0x03,0x02,0x00,0x00,0x00,0x00,0x00,0x00,
	0x00,0x00,0x00,0x00,0x00,0x00,0x00,0x00,0x00,0x00,0x00,0x00,0x00,0x00,0x00,0x00,
	0x12,0x41,0x00,0x01,0x00,0x00,0x00,0x00,0x00,0x00,0x00,0x00,0x00,0x00,0x00,0x00,
	0x00,0x00,0x00,0x00,0x00,0x00,0x00,0x00,0x00,0x00,0x00,0x00,0x04,0x2f,0xe5,0xdc,
	0xdb,0xfe,0x2b,0x9d,0x4f,0xa6,0x88,0x2c,0xac,0x8f,0x1a,0x6f,0xa5,0x5f,0xec,0x7a,
	0xf9,0x9c,0xc2,0xe2,0x84,0xec,0x75,0x1c,0x6f,0xa9,0x1f,0xe4,0x2e,0xf1,0x16,0xf9,
	0x79,0x18,0xcb,0x3f,0xb2,0x9b,0xa7,0x23,0x41,0xd9,0x7d,0x08,0x4e,0x39,0xd3,0x51,
	0x61,0xe6,0x8b,0xf4,0xe2,0xfb,0xdf,0x71,0xc7,0x5b,0x21,0xf8,0x00,0x00,0x00,0x40,
	0x00,0x00,0x00,0x00,0x00,0x00,0x00,0x00,0x00,0x00,0x00,0x00,0x00,0x00,0x00,0x00,
	0x00,0x00,0x00,0x00,0x00,0x00,0x00,0x00,0x00,0x00,0x00,0x00,0x00,0x00,0x00,0x00,
	0x00,0x00,0x00,0x00,0x04,0x02,0x00,0x00,0x00,0x00,0x00,0x00,0x00,0x00,0x00,0x00,
	0x00,0x00,0x00,0x00,0x00,0x00,0x00,0x00,0x00,0x00,0x00,0x00,0x00,0x00,0x00,0x00,
	0x00,0x00,0x00,0x00,0x00,0x00,0x00,0x00,0x00,0x00,0x00,0x00,0x00,0x00,0x00,0x00,
	0x00,0x00,0x00,0x00,0x00,0x00,0x00,0x00,0x00,0x00,0x00,0x00,0x00,0x00,0x00,0x00,
	0x00,0x00,0x00,0x00,0x04,0x02,0x00,0x00,0x00,0x00,0x00,0x00,0x00,0x00,0x00,0x00,
	0x00,0x00,0x00,0x00,0x00,0x00,0x00,0x00,0x00,0x00,0x00,0x00,0x00,0x00,0x00,0x00,
	0x00,0x00,0x00,0x00,0x00,0x00,0x00,0x00,0x00,0x00,0x00,0x00,0x00,0x00,0x00,0x00,
	0x00,0x00,0x00,0x00,0x00,0x00,0x00,0x00,0x00,0x00,0x00,0x00,0x00,0x00,0x00,0x00,
	0x00,0x00,0x00,0x00,0x00,0x01,0x00,0x00,0x00,0x00,0x00,0x00,0x00,0x00,0x00,0x00,
	0x00,0x00,0x00,0x00,0x00,0x00,0x00,0x00,0x00,0x00,0x00,0x00,0x00,0x00,0x00,0x00,
	0x00,0x00,0x00,0x00,0x00,0x00,0x00,0x00,0x00,0x00,0x00,0x00,0x00,0x00,0x00,0x00,
	0x00,0x00,0x00,0x00,0x00,0x00,0x00,0x00,0x00,0x00,0x00,0x00,0x00,0x00,0x00,0x00,
	0x00,0x00,0x00,0x00,0x00,0x01,0x00,0x00,0x00,0x00,0x00,0x00,0x00,0x00,0x00,0x00,
	0x00,0x00,0x00,0x00,0x00,0x00,0x00,0x00,0x00,0x00,0x00,0x00,0x00,0x00,0x00,0x00,
	0x00,0x00,0x00,0x00,0x00,0x00,0x00,0x00,0x00,0x00,0x00,0x00,0x00,0x00,0x00,0x00,
	0x00,0x00,0x00,0x00,0x00,0x00,0x00,0x00,0x00,0x00,0x00,0x00,0x00,0x00,0x00,0x00,
	0x00,0x00,0x00,0x00,0x00,0x01,0x00,0x00,0x00,0x00,0x00,0x00,0x00,0x00,0x00,0x00,
	0x00,0x00,0x00,0x00,0x00,0x00,0x00,0x00,0x00,0x00,0x00,0x00,0x00,0x00,0x00,0x00,
	0x00,0x00,0x00,0x00,0x00,0x00,0x00,0x00,0x00,0x00,0x00,0x00,0x00,0x00,0x00,0x00,
	0x00,0x00,0x00,0x00,0x00,0x00,0x00,0x00,0x00,0x00,0x00,0x00,0x00,0x00,0x00,0x00,
	0x00,0x00,0x00,0x00,0x00,0x01,0x00,0x00,0x00,0x00,0x00,0x00,0x00,0x00,0x00,0x00,
	0x00,0x00,0x00,0x00,0x00,0x00,0x00,0x00,0x00,0x00,0x00,0x00,0x00,0x00,0x00,0x00,
	0x00,0x00,0x00,0x00,0x00,0x00,0x00,0x00,0x00,0x00,0x00,0x00,0x00,0x00,0x00,0x00,
	0x00,0x00,0x00,0x00,0x00,0x00,0x00,0x00,0x00,0x00,0x00,0x00,0x00,0x00,0x00,0x00,
	0x00,0x00,0x00,0x00,0x03,0x02,0x00,0x00,0x00,0x00,0x00,0x00,0x00,0x00,0x00,0x00,
	0x00,0x00,0x00,0x00,0x00,0x00,0x00,0x00,0x00,0x00,0x00,0x00,0x12,0x41,0x00,0x01,
	0x00,0x00,0x00,0x00,0x00,0x00,0x00,0x00,0x00,0x00,0x00,0x00,0x00,0x00,0x00,0x00,
	0x00,0x00,0x00,0x00,0x00,0x00,0x00,0x00,0x04,0x2f,0xe5,0xdc,0xdb,0xfe,0x2b,0x9d,
	0x4f,0xa6,0x88,0x2c,0xac,0x8f,0x1a,0x6f,0xa5,0x5f,0xec,0x7a,0xf9,0x9c,0xc2,0xe2,
	0x84,0xec,0x75,0x1c,0x6f,0xa9,0x1f,0xe4,0x2e,0xf1,0x16,0xf9,0x79,0x18,0xcb,0x3f,
	0xb2,0x9b,0xa7,0x23,0x41,0xd9,0x7d,0x08,0x4e,0x39,0xd3,0x51,0x61,0xe6,0x8b,0xf4,
	0xe2,0xfb,0xdf,0x71,0xc7,0x5b,0x21,0xf8,0x00,0x00,0x00,0x40,0x00,0x00,0x00,0x00,
	0x00,0x00,0x00,0x00,0x00,0x00,0x00,0x00,0x00,0x00,0x00,0x00,0x00,0x00,0x00,0x00,
	0x00,0x00,0x00,0x00,0x00,0x00,0x00,0x00,0x00,0x00,0x00,0x00,0x00,0x00,0x00,0x00,
	0x04,0x02,0x00,0x00,0x00,0x00,0x00,0x00,0x00,0x00,0x00,0x00,0x00,0x00,0x00,0x00,
	0x00,0x00,0x00,0x00,0x00,0x00,0x00,0x00,0x00,0x00,0x00,0x00,0x00,0x00,0x00,0x00,
	0x00,0x00,0x00,0x00,0x00,0x00,0x00,0x00,0x00,0x00,0x00,0x00,0x00,0x00,0x00,0x00,
	0x00,0x00,0x00,0x00,0x00,0x00,0x00,0x00,0x00,0x00,0x00,0x00,0x00,0x00,0x00,0x00,
	0x04,0x02,0x00,0x00,0x00,0x00,0x00,0x00,0x00,0x00,0x00,0x00,0x00,0x00,0x00,0x00,
	0x00,0x00,0x00,0x00,0x00,0x00,0x00,0x00,0x00,0x00,0x00,0x00,0x00,0x00,0x00,0x00,
	0x00,0x00,0x00,0x00,0x00,0x00,0x00,0x00,0x00,0x00,0x00,0x00,0x00,0x00,0x00,0x00,
	0x00,0x00,0x00,0x00,0x00,0x00,0x00,0x00,0x00,0x00,0x00,0x00,0x00,0x00,0x00,0x00,
	0x00,0x01,0x00,0x00,0x00,0x00,0x00,0x00,0x00,0x00,0x00,0x00,0x00,0x00,0x00,0x00,
	0x00,0x00,0x00,0x00,0x00,0x00,0x00,0x00,0x00,0x00,0x00,0x00,0x00,0x00,0x00,0x00,
	0x00,0x00,0x00,0x00,0x00,0x00,0x00,0x00,0x00,0x00,0x00,0x00,0x00,0x00,0x00,0x00,
	0x00,0x00,0x00,0x00,0x00,0x00,0x00,0x00,0x00,0x00,0x00,0x00,0x00,0x00,0x00,0x00,
	0x00,0x01,0x00,0x00,0x00,0x00,0x00,0x00,0x00,0x00,0x00,0x00,0x00,0x00,0x00,0x00,
	0x00,0x00,0x00,0x00,0x00,0x00,0x00,0x00,0x00,0x00,0x00,0x00,0x00,0x00,0x00,0x00,
	0x00,0x00,0x00,0x00,0x00,0x00,0x00,0x00,0x00,0x00,0x00,0x00,0x00,0x00,0x00,0x00,
	0x00,0x00,0x00,0x00,0x00,0x00,0x00,0x00,0x00,0x00,0x00,0x00,0x00,0x00,0x00,0x00,
	0x00,0x01,0x00,0x00,0x00,0x00,0x00,0x00,0x00,0x00,0x00,0x00,0x00,0x00,0x00,0x00,
	0x00,0x00,0x00,0x00,0x00,0x00,0x00,0x00,0x00,0x00,0x00,0x00,0x00,0x00,0x00,0x00,
	0x00,0x00,0x00,0x00,0x00,0x00,0x00,0x00,0x00,0x00,0x00,0x00,0x00,0x00,0x00,0x00,
	0x00,0x00,0x00,0x00,0x00,0x00,0x00,0x00,0x00,0x00,0x00,0x00,0x00,0x00,0x00,0x00,
	0x00,0x01,0x00,0x00,0x00,0x00,0x00,0x00,0x00,0x00,0x00,0x00,0x00,0x00,0x00,0x00,
	0x00,0x00,0x00,0x00,0x00,0x00,0x00,0x00,0x00,0x00,0x00,0x00,0x00,0x00,0x00,0x00,
	0x00,0x00,0x00,0x00,0x00,0x00,0x00,0x00,0x00,0x00,0x00,0x00,0x00,0x00,0x00,0x00,
	0x00,0x00,0x00,0x00,0x00,0x00,0x00,0x00,0x00,0x00,0x00,0x00,0x00,0x00,0x00,0x00,
	0x03,0x02,0x00,0x00,0x00,0x00,0x00,0x00,0x00,0x00,0x00,0x00,0x00,0x00,0x00,0x00,
	0x00,0x00,0x00,0x00,0x00,0x00,0x00,0x00,0x12,0x41,0x00,0x01,0x00,0x00,0x00,0x00,
	0x00,0x00,0x00,0x00,0x00,0x00,0x00,0x00,0x00,0x00,0x00,0x00,0x00,0x00,0x00,0x00,
	0x00,0x00,0x00,0x00,0x04,0x2f,0xe5,0xdc,0xdb,0xfe,0x2b,0x9d,0x4f,0xa6,0x88,0x2c,
	0xac,0x8f,0x1a,0x6f,0xa5,0x5f,0xec,0x7a,0xf9,0x9c,0xc2,0xe2,0x84,0xec,0x75,0x1c,
	0x6f,0xa9,0x1f,0xe4,0x2e,0xf1,0x16,0xf9,0x79,0x18,0xcb,0x3f,0xb2,0x9b,0xa7,0x23,
	0x41,0xd9,0x7d,0x08,0x4e,0x39,0xd3,0x51,0x61,0xe6,0x8b,0xf4,0xe2,0xfb,0xdf,0x71,
	0xc7,0x5b,0x21,0xf8,0x00,0x00,0x00,0x40,0x00,0x00,0x00,0x00,0x00,0x00,0x00,0x00,
	0x00,0x00,0x00,0x00,0x00,0x00,0x00,0x00,0x00,0x00,0x00,0x00,0x00,0x00,0x00,0x00,
	0x00,0x00,0x00,0x00,0x00,0x00,0x00,0x00,0x00,0x00,0x00,0x00,0x04,0x02,0x00,0x00,
	0x00,0x00,0x00,0x00,0x00,0x00,0x00,0x00,0x00,0x00,0x00,0x00,0x00,0x00,0x00,0x00,
	0x00,0x00,0x00,0x00,0x00,0x00,0x00,0x00,0x00,0x00,0x00,0x00,0x00,0x00,0x00,0x00,
	0x00,0x00,0x00,0x00,0x00,0x00,0x00,0x00,0x00,0x00,0x00,0x00,0x00,0x00,0x00,0x00,
	0x00,0x00,0x00,0x00,0x00,0x00,0x00,0x00,0x00,0x00,0x00,0x00,0x04,0x02,0x00,0x00,
	0x00,0x00,0x00,0x00,0x00,0x00,0x00,0x00,0x00,0x00,0x00,0x00,0x00,0x00,0x00,0x00,
	0x00,0x00,0x00,0x00,0x00,0x00,0x00,0x00,0x00,0x00,0x00,0x00,0x00,0x00,0x00,0x00,
	0x00,0x00,0x00,0x00,0x00,0x00,0x00,0x00,0x00,0x00,0x00,0x00,0x00,0x00,0x00,0x00,
	0x00,0x00,0x00,0x00,0x00,0x00,0x00,0x00,0x00,0x00,0x00,0x00,0x00,0x01,0x00,0x00,
	0x00,0x00,0x00,0x00,0x00,0x00,0x00,0x00,0x00,0x00,0x00,0x00,0x00,0x00,0x00,0x00,
	0x00,0x00,0x00,0x00,0x00,0x00,0x00,0x00,0x00,0x00,0x00,0x00,0x00,0x00,0x00,0x00,
	0x00,0x00,0x00,0x00,0x00,0x00,0x00,0x00,0x00,0x00,0x00,0x00,0x00,0x00,0x00,0x00,
	0x00,0x00,0x00,0x00,0x00,0x00,0x00,0x00,0x00,0x00,0x00,0x00,0x00,0x01,0x00,0x00,
	0x00,0x00,0x00,0x00,0x00,0x00,0x00,0x00,0x00,0x00,0x00,0x00,0x00,0x00,0x00,0x00,
	0x00,0x00,0x00,0x00,0x00,0x00,0x00,0x00,0x00,0x00,0x00,0x00,0x00,0x00,0x00,0x00,
	0x00,0x00,0x00,0x00,0x00,0x00,0x00,0x00,0x00,0x00,0x00,0x00,0x00,0x00,0x00,0x00,
	0x00,0x00,0x00,0x00,0x00,0x00,0x00,0x00,0x00,0x00,0x00,0x00,0x00,0x01,0x00,0x00,
	0x00,0x00,0x00,0x00,0x00,0x00,0x00,0x00,0x00,0x00,0x00,0x00,0x00,0x00,0x00,0x00,
	0x00,0x00,0x00,0x00,0x00,0x00,0x00,0x00,0x00,0x00,0x00,0x00,0x00,0x00,0x00,0x00,
	0x00,0x00,0x00,0x00,0x00,0x00,0x00,0x00,0x00,0x00,0x00,0x00,0x00,0x00,0x00,0x00,
	0x00,0x00,0x00,0x00,0x00,0x00,0x00,0x00,0x00,0x00,0x00,0x00,0x00,0x01,0x00,0x00,
	0x00,0x00,0x00,0x00,0x00,0x00,0x00,0x00,0x00,0x00,0x00,0x00,0x00,0x00,0x00,0x00,
	0x00,0x00,0x00,0x00,0x00,0x00,0x00,0x00,0x00,0x00,0x00,0x00,0x00,0x00,0x00,0x00,
	0x00,0x00,0x00,0x00,0x00,0x00,0x00,0x00,0x00,0x00,0x00,0x00,0x00,0x00,0x00,0x00,
	0x00,0x00,0x00,0x00,0x00,0x00,0x00,0x00,0x00,0x00,0x00,0x00,0x03,0x02,0x00,0x00,
	0x00,0x00,0x00,0x00,0x00,0x00,0x00,0x00,0x00,0x00,0x00,0x00,0x00,0x00,0x00,0x00,
	0x00,0x00,0x00,0x00,0x12,0x41,0x00,0x01,0x00,0x00,0x00,0x00,0x00,0x00,0x00,0x00,
	0x00,0x00,0x00,0x00,0x00,0x00,0x00,0x00,0x00,0x00,0x00,0x00,0x00,0x00,0x00,0x00,
	0x04,0x2f,0xe5,0xdc,0xdb,0xfe,0x2b,0x9d,0x4f,0xa6,0x88,0x2c,0xac,0x8f,0x1a,0x6f,
	0xa5,0x5f,0xec,0x7a,0xf9,0x9c,0xc2,0xe2,0x84,0xec,0x75,0x1c,0x6f,0xa9,0x1f,0xe4,
	0x2e,0xf1,0x16,0xf9,0x79,0x18,0xcb,0x3f,0xb2,0x9b,0xa7,0x23,0x41,0xd9,0x7d,0x08,
	0x4e,0x39,0xd3,0x51,0x61,0xe6,0x8b,0xf4,0xe2,0xfb,0xdf,0x71,0xc7,0x5b,0x21,0xf8,
	0x00,0x00,0x00,0x40,0x00,0x00,0x00,0x00,0x00,0x00,0x00,0x00,0x00,0x00,0x00,0x00,
	0x00,0x00,0x00,0x00,0x00,0x00,0x00,0x00,0x00,0x00,0x00,0x00,0x00,0x00,0x00,0x00,
	0x00,0x00,0x00,0x00,0x00,0x00,0x00,0x00,0x04,0x02,0x00,0x00,0x00,0x00,0x00,0x00,
	0x00,0x00,0x00,0x00,0x00,0x00,0x00,0x00,0x00,0x00,0x00,0x00,0x00,0x00,0x00,0x00,
	0x00,0x00,0x00,0x00,0x00,0x00,0x00,0x00,0x00,0x00,0x00,0x00,0x00,0x00,0x00,0x00,
	0x00,0x00,0x00,0x00,0x00,0x00,0x00,0x00,0x00,0x00,0x00,0x00,0x00,0x00,0x00,0x00,
	0x00,0x00,0x00,0x00,0x00,0x00,0x00,0x00,0x04,0x02,0x00,0x00,0x00,0x00,0x00,0x00,
	0x00,0x00,0x00,0x00,0x00,0x00,0x00,0x00,0x00,0x00,0x00,0x00,0x00,0x00,0x00,0x00,
	0x00,0x00,0x00,0x00,0x00,0x00,0x00,0x00,0x00,0x00,0x00,0x00,0x00,0x00,0x00,0x00,
	0x00,0x00,0x00,0x00,0x00,0x00,0x00,0x00,0x00,0x00,0x00,0x00,0x00,0x00,0x00,0x00,
	0x00,0x00,0x00,0x00,0x00,0x00,0x00,0x00,0x00,0x01,0x00,0x00,0x00,0x00,0x00,0x00,
	0x00,0x00,0x00,0x00,0x00,0x00,0x00,0x00,0x00,0x00,0x00,0x00,0x00,0x00,0x00,0x00,
	0x00,0x00,0x00,0x00,0x00,0x00,0x00,0x00,0x00,0x00,0x00,0x00,0x00,0x00,0x00,0x00,
	0x00,0x00,0x00,0x00,0x00,0x00,0x00,0x00,0x00,0x00,0x00,0x00,0x00,0x00,0x00,0x00,
	0x00,0x00,0x00,0x00,0x00,0x00,0x00,0x00,0x00,0x01,0x00,0x00,0x00,0x00,0x00,0x00,
	0x00,0x00,0x00,0x00,0x00,0x00,0x00,0x00,0x00,0x00,0x00,0x00,0x00,0x00,0x00,0x00,
	0x00,0x00,0x00,0x00,0x00,0x00,0x00,0x00,0x00,0x00,0x00,0x00,0x00,0x00,0x00,0x00,
	0x00,0x00,0x00,0x00,0x00,0x00,0x00,0x00,0x00,0x00,0x00,0x00,0x00,0x00,0x00,0x00,
	0x00,0x00,0x00,0x00,0x00,0x00,0x00,0x00,0x00,0x01,0x00,0x00,0x00,0x00,0x00,0x00,
	0x00,0x00,0x00,0x00,0x00,0x00,0x00,0x00,0x00,0x00,0x00,0x00,0x00,0x00,0x00,0x00,
	0x00,0x00,0x00,0x00,0x00,0x00,0x00,0x00,0x00,0x00,0x00,0x00,0x00,0x00,0x00,0x00,
	0x00,0x00,0x00,0x00,0x00,0x00,0x00,0x00,0x00,0x00,0x00,0x00,0x00,0x00,0x00,0x00,
	0x00,0x00,0x00,0x00,0x00,0x00,0x00,0x00,0x00,0x01,0x00,0x00,0x00,0x00,0x00,0x00,
	0x00,0x00,0x00,0x00,0x00,0x00,0x00,0x00,0x00,0x00,0x00,0x00,0x00,0x00,0x00,0x00,
	0x00,0x00,0x00,0x00,0x00,0x00,0x00,0x00,0x00,0x00,0x00,0x00,0x00,0x00,0x00,0x00,
	0x00,0x00,0x00,0x00,0x00,0x00,0x00,0x00,0x00,0x00,0x00,0x00,0x00,0x00,0x00,0x00,
	0x00,0x00,0x00,0x00,0x00,0x00,0x00,0x00,0x03,0x02,0x00,0x00,0x00,0x00,0x00,0x00,
	0x00,0x00,0x00,0x00,0x00,0x00,0x00,0x00,0x00,0x00,0x00,0x00,0x00,0x00,0x00,0x00,
	0x12,0x41,0x00,0x01,0x00,0x00,0x00,0x00,0x00,0x00,0x00,0x00,0x00,0x00,0x00,0x00,
	0x00,0x00,0x00,0x00,0x00,0x00,0x00,0x00,0x00,0x00,0x00,0x00,0x04,0x2f,0xe5,0xdc,
	0xdb,0xfe,0x2b,0x9d,0x4f,0xa6,0x88,0x2c,0xac,0x8f,0x1a,0x6f,0xa5,0x5f,0xec,0x7a,
	0xf9,0x9c,0xc2,0xe2,0x84,0xec,0x75,0x1c,0x6f,0xa9,0x1f,0xe4,0x2e,0xf1,0x16,0xf9,
	0x79,0x18,0xcb,0x3f,0xb2,0x9b,0xa7,0x23,0x41,0xd9,0x7d,0x08,0x4e,0x39,0xd3,0x51,
	0x61,0xe6,0x8b,0xf4,0xe2,0xfb,0xdf,0x71,0xc7,0x5b,0x21,0xf8,0x00,0x00,0x00,0x40,
	0x00,0x00,0x00,0x00,0x00,0x00,0x00,0x00,0x00,0x00,0x00,0x00,0x00,0x00,0x00,0x00,
	0x00,0x00,0x00,0x00,0x00,0x00,0x00,0x00,0x00,0x00,0x00,0x00,0x00,0x00,0x00,0x00,
	0x00,0x00,0x00,0x00,0x04,0x02,0x00,0x00,0x00,0x00,0x00,0x00,0x00,0x00,0x00,0x00,
	0x00,0x00,0x00,0x00,0x00,0x00,0x00,0x00,0x00,0x00,0x00,0x00,0x00,0x00,0x00,0x00,
	0x00,0x00,0x00,0x00,0x00,0x00,0x00,0x00,0x00,0x00,0x00,0x00,0x00,0x00,0x00,0x00,
	0x00,0x00,0x00,0x00,0x00,0x00,0x00,0x00,0x00,0x00,0x00,0x00,0x00,0x00,0x00,0x00,
	0x00,0x00,0x00,0x00,0x04,0x02,0x00,0x00,0x00,0x00,0x00,0x00,0x00,0x00,0x00,0x00,
	0x00,0x00,0x00,0x00,0x00,0x00,0x00,0x00,0x00,0x00,0x00,0x00,0x00,0x00,0x00,0x00,
	0x00,0x00,0x00,0x00,0x00,0x00,0x00,0x00,0x00,0x00,0x00,0x00,0x00,0x00,0x00,0x00,
	0x00,0x00,0x00,0x00,0x00,0x00,0x00,0x00,0x00,0x00,0x00,0x00,0x00,0x00,0x00,0x00,
	0x00,0x00,0x00,0x00,0x00,0x01,0x00,0x00,0x00,0x00,0x00,0x00,0x00,0x00,0x00,0x00,
	0x00,0x00,0x00,0x00,0x00,0x00,0x00,0x00,0x00,0x00,0x00,0x00,0x00,0x00,0x00,0x00,
	0x00,0x00,0x00,0x00,0x00,0x00,0x00,0x00,0x00,0x00,0x00,0x00,0x00,0x00,0x00,0x00,
	0x00,0x00,0x00,0x00,0x00,0x00,0x00,0x00,0x00,0x00,0x00,0x00,0x00,0x00,0x00,0x00,
	0x00,0x00,0x00,0x00,0x00,0x01,0x00,0x00,0x00,0x00,0x00,0x00,0x00,0x00,0x00,0x00,
	0x00,0x00,0x00,0x00,0x00,0x00,0x00,0x00,0x00,0x00,0x00,0x00,0x00,0x00,0x00,0x00,
	0x00,0x00,0x00,0x00,0x00,0x00,0x00,0x00,0x00,0x00,0x00,0x00,0x00,0x00,0x00,0x00,
	0x00,0x00,0x00,0x00,0x00,0x00,0x00,0x00,0x00,0x00,0x00,0x00,0x00,0x00,0x00,0x00,
	0x00,0x00,0x00,0x00,0x00,0x01,0x00,0x00,0x00,0x00,0x00,0x00,0x00,0x00,0x00,0x00,
	0x00,0x00,0x00,0x00,0x00,0x00,0x00,0x00,0x00,0x00,0x00,0x00,0x00,0x00,0x00,0x00,
	0x00,0x00,0x00,0x00,0x00,0x00,0x00,0x00,0x00,0x00,0x00,0x00,0x00,0x00,0x00,0x00,
	0x00,0x00,0x00,0x00,0x00,0x00,0x00,0x00,0x00,0x00,0x00,0x00,0x00,0x00,0x00,0x00,
	0x00,0x00,0x00,0x00,0x00,0x01,0x00,0x00,0x00,0x00,0x00,0x00,0x00,0x00,0x00,0x00,
	0x00,0x00,0x00,0x00,0x00,0x00,0x00,0x00,0x00,0x00,0x00,0x00,0x00,0x00,0x00,0x00,
	0x00,0x00,0x00,0x00,0x00,0x00,0x00,0x00,0x00,0x00,0x00,0x00,0x00,0x00,0x00,0x00,
	0x00,0x00,0x00,0x00,0x00,0x00,0x00,0x00,0x00,0x00,0x00,0x00,0x00,0x00,0x00,0x00,
	0x00,0x00,0x00,0x00,0x03,0x02,0x00,0x00,0x00,0x00,0x00,0x00,0x00,0x00,0x00,0x00,
	0x00,0x00,0x00,0x00,0x00,0x00,0x00,0x00,0x00,0x00,0x00,0x00,0x12,0x41,0x00,0x01,
	0x00,0x00,0x00,0x00,0x00,0x00,0x00,0x00,0x00,0x00,0x00,0x00,0x00,0x00,0x00,0x00,
	0x00,0x00,0x00,0x00,0x00,0x00,0x00,0x00,0x04,0x2f,0xe5,0xdc,0xdb,0xfe,0x2b,0x9d,
	0x4f,0xa6,0x88,0x2c,0xac,0x8f,0x1a,0x6f,0xa5,0x5f,0xec,0x7a,0xf9,0x9c,0xc2,0xe2,
	0x84,0xec,0x75,0x1c,0x6f,0xa9,0x1f,0xe4,0x2e,0xf1,0x16,0xf9,0x79,0x18,0xcb,0x3f,
	0xb2,0x9b,0xa7,0x23,0x41,0xd9,0x7d,0x08,0x4e,0x39,0xd3,0x51,0x61,0xe6,0x8b,0xf4,
	0xe2,0xfb,0xdf,0x71,0xc7,0x5b,0x21,0xf8,0x00,0x00,0x00,0x40,0x00,0x00,0x00,0x00,
	0x00,0x00,0x00,0x00,0x00,0x00,0x00,0x00,0x00,0x00,0x00,0x00,0x00,0x00,0x00,0x00,
	0x00,0x00,0x00,0x00,0x00,0x00,0x00,0x00,0x00,0x00,0x00,0x00,0x00,0x00,0x00,0x00,
	0x04,0x02,0x00,0x00,0x00,0x00,0x00,0x00,0x00,0x00,0x00,0x00,0x00,0x00,0x00,0x00,
	0x00,0x00,0x00,0x00,0x00,0x00,0x00,0x00,0x00,0x00,0x00,0x00,0x00,0x00,0x00,0x00,
	0x00,0x00,0x00,0x00,0x00,0x00,0x00,0x00,0x00,0x00,0x00,0x00,0x00,0x00,0x00,0x00,
	0x00,0x00,0x00,0x00,0x00,0x00,0x00,0x00,0x00,0x00,0x00,0x00,0x00,0x00,0x00,0x00,
	0x04,0x02,0x00,0x00,0x00,0x00,0x00,0x00,0x00,0x00,0x00,0x00,0x00,0x00,0x00,0x00,
	0x00,0x00,0x00,0x00,0x00,0x00,0x00,0x00,0x00,0x00,0x00,0x00,0x00,0x00,0x00,0x00,
	0x00,0x00,0x00,0x00,0x00,0x00,0x00,0x00,0x00,0x00,0x00,0x00,0x00,0x00,0x00,0x00,
	0x00,0x00,0x00,0x00,0x00,0x00,0x00,0x00,0x00,0x00,0x00,0x00,0x00,0x00,0x00,0x00,
	0x00,0x01,0x00,0x00,0x00,0x00,0x00,0x00,0x00,0x00,0x00,0x00,0x00,0x00,0x00,0x00,
	0x00,0x00,0x00,0x00,0x00,0x00,0x00,0x00,0x00,0x00,0x00,0x00,0x00,0x00,0x00,0x00,
	0x00,0x00,0x00,0x00,0x00,0x00,0x00,0x00,0x00,0x00,0x00,0x00,0x00,0x00,0x00,0x00,
	0x00,0x00,0x00,0x00,0x00,0x00,0x00,0x00,0x00,0x00,0x00,0x00,0x00,0x00,0x00,0x00,
	0x00,0x01,0x00,0x00,0x00,0x00,0x00,0x00,0x00,0x00,0x00,0x00,0x00,0x00,0x00,0x00,
	0x00,0x00,0x00,0x00,0x00,0x00,0x00,0x00,0x00,0x00,0x00,0x00,0x00,0x00,0x00,0x00,
	0x00,0x00,0x00,0x00,0x00,0x00,0x00,0x00,0x00,0x00,0x00,0x00,0x00,0x00,0x00,0x00,
	0x00,0x00,0x00,0x00,0x00,0x00,0x00,0x00,0x00,0x00,0x00,0x00,0x00,0x00,0x00,0x00,
	0x00,0x01,0x00,0x00,0x00,0x00,0x00,0x00,0x00,0x00,0x00,0x00,0x00,0x00,0x00,0x00,
	0x00,0x00,0x00,0x00,0x00,0x00,0x00,0x00,0x00,0x00,0x00,0x00,0x00,0x00,0x00,0x00,
	0x00,0x00,0x00,0x00,0x00,0x00,0x00,0x00,0x00,0x00,0x00,0x00,0x00,0x00,0x00,0x00,
	0x00,0x00,0x00,0x00,0x00,0x00,0x00,0x00,0x00,0x00,0x00,0x00,0x00,0x00,0x00,0x00,
	0x00,0x01,0x00,0x00,0x00,0x00,0x00,0x00,0x00,0x00,0x00,0x00,0x00,0x00,0x00,0x00,
	0x00,0x00,0x00,0x00,0x00,0x00,0x00,0x00,0x00,0x00,0x00,0x00,0x00,0x00,0x00,0x00,
	0x00,0x00,0x00,0x00,0x00,0x00,0x00,0x00,0x00,0x00,0x00,0x00,0x00,0x00,0x00,0x00,
	0x00,0x00,0x00,0x00,0x00,0x00,0x00,0x00,0x00,0x00,0x00,0x00,0x00,0x00,0x00,0x00,
	0x03,0x02,0x00,0x00,0x00,0x00,0x00,0x00,0x00,0x00,0x00,0x00,0x00,0x00,0x00,0x00,
	0x00,0x00,0x00,0x00,0x00,0x00,0x00,0x00,0x12,0x41,0x00,0x01,0x00,0x00,0x00,0x00,
	0x00,0x00,0x00,0x00,0x00,0x00,0x00,0x00,0x00,0x00,0x00,0x00,0x00,0x00,0x00,0x00,
	0x00,0x00,0x00,0x00,0x04,0x2f,0xe5,0xdc,0xdb,0xfe,0x2b,0x9d,0x4f,0xa6,0x88,0x2c,
	0xac,0x8f,0x1a,0x6f,0xa5,0x5f,0xec,0x7a,0xf9,0x9c,0xc2,0xe2,0x84,0xec,0x75,0x1c,
	0x6f,0xa9,0x1f,0xe4,0x2e,0xf1,0x16,0xf9,0x79,0x18,0xcb,0x3f,0xb2,0x9b,0xa7,0x23,
	0x41,0xd9,0x7d,0x08,0x4e,0x39,0xd3,0x51,0x61,0xe6,0x8b,0xf4,0xe2,0xfb,0xdf,0x71,
	0xc7,0x5b,0x21,0xf8,0x00,0x00,0x00,0x40,0x00,0x00,0x00,0x00,0x00,0x00,0x00,0x00,
	0x00,0x00,0x00,0x00,0x00,0x00,0x00,0x00,0x00,0x00,0x00,0x00,0x00,0x00,0x00,0x00,
	0x00,0x00,0x00,0x00,0x00,0x00,0x00,0x00,0x00,0x00,0x00,0x00,0x04,0x02,0x00,0x00,
	0x00,0x00,0x00,0x00,0x00,0x00,0x00,0x00,0x00,0x00,0x00,0x00,0x00,0x00,0x00,0x00,
	0x00,0x00,0x00,0x00,0x00,0x00,0x00,0x00,0x00,0x00,0x00,0x00,0x00,0x00,0x00,0x00,
	0x00,0x00,0x00,0x00,0x00,0x00,0x00,0x00,0x00,0x00,0x00,0x00,0x00,0x00,0x00,0x00,
	0x00,0x00,0x00,0x00,0x00,0x00,0x00,0x00,0x00,0x00,0x00,0x00,0x04,0x02,0x00,0x00,
	0x00,0x00,0x00,0x00,0x00,0x00,0x00,0x00,0x00,0x00,0x00,0x00,0x00,0x00,0x00,0x00,
	0x00,0x00,0x00,0x00,0x00,0x00,0x00,0x00,0x00,0x00,0x00,0x00,0x00,0x00,0x00,0x00,
	0x00,0x00,0x00,0x00,0x00,0x00,0x00,0x00,0x00,0x00,0x00,0x00,0x00,0x00,0x00,0x00,
	0x00,0x00,0x00,0x00,0x00,0x00,0x00,0x00,0x00,0x00,0x00,0x00,0x00,0x01,0x00,0x00,
	0x00,0x00,0x00,0x00,0x00,0x00,0x00,0x00,0x00,0x00,0x00,0x00,0x00,0x00,0x00,0x00,
	0x00,0x00,0x00,0x00,0x00,0x00,0x00,0x00,0x00,0x00,0x00,0x00,0x00,0x00,0x00,0x00,
	0x00,0x00,0x00,0x00,0x00,0x00,0x00,0x00,0x00,0x00,0x00,0x00,0x00,0x00,0x00,0x00,
	0x00,0x00,0x00,0x00,0x00,0x00,0x00,0x00,0x00,0x00,0x00,0x00,0x00,0x01,0x00,0x00,
	0x00,0x00,0x00,0x00,0x00,0x00,0x00,0x00,0x00,0x00,0x00,0x00,0x00,0x00,0x00,0x00,
	0x00,0x00,0x00,0x00,0x00,0x00,0x00,0x00,0x00,0x00,0x00,0x00,0x00,0x00,0x00,0x00,
	0x00,0x00,0x00,0x00,0x00,0x00,0x00,0x00,0x00,0x00,0x00,0x00,0x00,0x00,0x00,0x00,
	0x00,0x00,0x00,0x00,0x00,0x00,0x00,0x00,0x00,0x00,0x00,0x00,0x00,0x01,0x00,0x00,
	0x00,0x00,0x00,0x00,0x00,0x00,0x00,0x00,0x00,0x00,0x00,0x00,0x00,0x00,0x00,0x00,
	0x00,0x00,0x00,0x00,0x00,0x00,0x00,0x00,0x00,0x00,0x00,0x00,0x00,0x00,0x00,0x00,
	0x00,0x00,0x00,0x00,0x00,0x00,0x00,0x00,0x00,0x00,0x00,0x00,0x00,0x00,0x00,0x00,
	0x00,0x00,0x00,0x00,0x00,0x00,0x00,0x00,0x00,0x00,0x00,0x00,0x00,0x01,0x00,0x00,
	0x00,0x00,0x00,0x00,0x00,0x00,0x00,0x00,0x00,0x00,0x00,0x00,0x00,0x00,0x00,0x00,
	0x00,0x00,0x00,0x00,0x00,0x00,0x00,0x00,0x00,0x00,0x00,0x00,0x00,0x00,0x00,0x00,
	0x00,0x00,0x00,0x00,0x00,0x00,0x00,0x00,0x00,0x00,0x00,0x00,0x00,0x00,0x00,0x00,
	0x00,0x00,0x00,0x00,0x00,0x00,0x00,0x00,0x00,0x00,0x00,0x00,0x03,0x02,0x00,0x00,
	0x00,0x00,0x00,0x00,0x00,0x00,0x00,0x00,0x00,0x00,0x00,0x00,0x00,0x00,0x00,0x00,
	0x00,0x00,0x00,0x00,0x12,0x41,0x00,0x01,0x00,0x00,0x00,0x00,0x00,0x00,0x00,0x00,
	0x00,0x00,0x00,0x00,0x00,0x00,0x00,0x00,0x00,0x00,0x00,0x00,0x00,0x00,0x00,0x00,
	0x04,0x2f,0xe5,0xdc,0xdb,0xfe,0x2b,0x9d,0x4f,0xa6,0x88,0x2c,0xac,0x8f,0x1a,0x6f,
	0xa5,0x5f,0xec,0x7a,0xf9,0x9c,0xc2,0xe2,0x84,0xec,0x75,0x1c,0x6f,0xa9,0x1f,0xe4,
	0x2e,0xf1,0x16,0xf9,0x79,0x18,0xcb,0x3f,0xb2,0x9b,0xa7,0x23,0x41,0xd9,0x7d,0x08,
	0x4e,0x39,0xd3,0x51,0x61,0xe6,0x8b,0xf4,0xe2,0xfb,0xdf,0x71,0xc7,0x5b,0x21,0xf8,
	0x00,0x00,0x00,0x40,0x00,0x00,0x00,0x00,0x00,0x00,0x00,0x00,0x00,0x00,0x00,0x00,
	0x00,0x00,0x00,0x00,0x00,0x00,0x00,0x00,0x00,0x00,0x00,0x00,0x00,0x00,0x00,0x00,
	0x00,0x00,0x00,0x00,0x00,0x00,0x00,0x00,0x04,0x02,0x00,0x00,0x00,0x00,0x00,0x00,
	0x00,0x00,0x00,0x00,0x00,0x00,0x00,0x00,0x00,0x00,0x00,0x00,0x00,0x00,0x00,0x00,
	0x00,0x00,0x00,0x00,0x00,0x00,0x00,0x00,0x00,0x00,0x00,0x00,0x00,0x00,0x00,0x00,
	0x00,0x00,0x00,0x00,0x00,0x00,0x00,0x00,0x00,0x00,0x00,0x00,0x00,0x00,0x00,0x00,
	0x00,0x00,0x00,0x00,0x00,0x00,0x00,0x00,0x04,0x02,0x00,0x00,0x00,0x00,0x00,0x00,
	0x00,0x00,0x00,0x00,0x00,0x00,0x00,0x00,0x00,0x00,0x00,0x00,0x00,0x00,0x00,0x00,
	0x00,0x00,0x00,0x00,0x00,0x00,0x00,0x00,0x00,0x00,0x00,0x00,0x00,0x00,0x00,0x00,
	0x00,0x00,0x00,0x00,0x00,0x00,0x00,0x00,0x00,0x00,0x00,0x00,0x00,0x00,0x00,0x00,
	0x00,0x00,0x00,0x00,0x00,0x00,0x00,0x00,0x00,0x01,0x00,0x00,0x00,0x00,0x00,0x00,
	0x00,0x00,0x00,0x00,0x00,0x00,0x00,0x00,0x00,0x00,0x00,0x00,0x00,0x00,0x00,0x00,
	0x00,0x00,0x00,0x00,0x00,0x00,0x00,0x00,0x00,0x00,0x00,0x00,0x00,0x00,0x00,0x00,
	0x00,0x00,0x00,0x00,0x00,0x00,0x00,0x00,0x00,0x00,0x00,0x00,0x00,0x00,0x00,0x00,
	0x00,0x00,0x00,0x00,0x00,0x00,0x00,0x00,0x00,0x01,0x00,0x00,0x00,0x00,0x00,0x00,
	0x00,0x00,0x00,0x00,0x00,0x00,0x00,0x00,0x00,0x00,0x00,0x00,0x00,0x00,0x00,0x00,
	0x00,0x00,0x00,0x00,0x00,0x00,0x00,0x00,0x00,0x00,0x00,0x00,0x00,0x00,0x00,0x00,
	0x00,0x00,0x00,0x00,0x00,0x00,0x00,0x00,0x00,0x00,0x00,0x00,0x00,0x00,0x00,0x00,
	0x00,0x00,0x00,0x00,0x00,0x00,0x00,0x00,0x00,0x01,0x00,0x00,0x00,0x00,0x00,0x00,
	0x00,0x00,0x00,0x00,0x00,0x00,0x00,0x00,0x00,0x00,0x00,0x00,0x00,0x00,0x00,0x00,
	0x00,0x00,0x00,0x00,0x00,0x00,0x00,0x00,0x00,0x00,0x00,0x00,0x00,0x00,0x00,0x00,
	0x00,0x00,0x00,0x00,0x00,0x00,0x00,0x00,0x00,0x00,0x00,0x00,0x00,0x00,0x00,0x00,
	0x00,0x00,0x00,0x00,0x00,0x00,0x00,0x00,0x00,0x01,0x00,0x00,0x00,0x00,0x00,0x00,
	0x00,0x00,0x00,0x00,0x00,0x00,0x00,0x00,0x00,0x00,0x00,0x00,0x00,0x00,0x00,0x00,
	0x00,0x00,0x00,0x00,0x00,0x00,0x00,0x00,0x00,0x00,0x00,0x00,0x00,0x00,0x00,0x00,
	0x00,0x00,0x00,0x00,0x00,0x00,0x00,0x00,0x00,0x00,0x00,0x00,0x00,0x00,0x00,0x00,
	0x00,0x00,0x00,0x00,0x00,0x00,0x00,0x00,0x03,0x02,0x00,0x00,0x00,0x00,0x00,0x00,
	0x00,0x00,0x00,0x00,0x00,0x00,0x00,0x00,0x00,0x00,0x00,0x00,0x00,0x00,0x00,0x00,
	0x12,0x41,0x00,0x01,0x00,0x00,0x00,0x00,0x00,0x00,0x00,0x00,0x00,0x00,0x00,0x00,
	0x00,0x00,0x00,0x00,0x00,0x00,0x00,0x00,0x00,0x00,0x00,0x00,0x04,0x2f,0xe5,0xdc,
	0xdb,0xfe,0x2b,0x9d,0x4f,0xa6,0x88,0x2c,0xac,0x8f,0x1a,0x6f,0xa5,0x5f,0xec,0x7a,
	0xf9,0x9c,0xc2,0xe2,0x84,0xec,0x75,0x1c,0x6f,0xa9,0x1f,0xe4,0x2e,0xf1,0x16,0xf9,
	0x79,0x18,0xcb,0x3f,0xb2,0x9b,0xa7,0x23,0x41,0xd9,0x7d,0x08,0x4e,0x39,0xd3,0x51,
	0x61,0xe6,0x8b,0xf4,0xe2,0xfb,0xdf,0x71,0xc7,0x5b,0x21,0xf8,0x00,0x00,0x00,0x40,
	0x00,0x00,0x00,0x00,0x00,0x00,0x00,0x00,0x00,0x00,0x00,0x00,0x00,0x00,0x00,0x00,
	0x00,0x00,0x00,0x00,0x00,0x00,0x00,0x00,0x00,0x00,0x00,0x00,0x00,0x00,0x00,0x00,
	0x00,0x00,0x00,0x00,0x04,0x02,0x00,0x00,0x00,0x00,0x00,0x00,0x00,0x00,0x00,0x00,
	0x00,0x00,0x00,0x00,0x00,0x00,0x00,0x00,0x00,0x00,0x00,0x00,0x00,0x00,0x00,0x00,
	0x00,0x00,0x00,0x00,0x00,0x00,0x00,0x00,0x00,0x00,0x00,0x00,0x00,0x00,0x00,0x00,
	0x00,0x00,0x00,0x00,0x00,0x00,0x00,0x00,0x00,0x00,0x00,0x00,0x00,0x00,0x00,0x00,
	0x00,0x00,0x00,0x00,0x04,0x02,0x00,0x00,0x00,0x00,0x00,0x00,0x00,0x00,0x00,0x00,
	0x00,0x00,0x00,0x00,0x00,0x00,0x00,0x00,0x00,0x00,0x00,0x00,0x00,0x00,0x00,0x00,
	0x00,0x00,0x00,0x00,0x00,0x00,0x00,0x00,0x00,0x00,0x00,0x00,0x00,0x00,0x00,0x00,
	0x00,0x00,0x00,0x00,0x00,0x00,0x00,0x00,0x00,0x00,0x00,0x00,0x00,0x00,0x00,0x00,
	0x00,0x00,0x00,0x00,0x00,0x01,0x00,0x00,0x00,0x00,0x00,0x00,0x00,0x00,0x00,0x00,
	0x00,0x00,0x00,0x00,0x00,0x00,0x00,0x00,0x00,0x00,0x00,0x00,0x00,0x00,0x00,0x00,
	0x00,0x00,0x00,0x00,0x00,0x00,0x00,0x00,0x00,0x00,0x00,0x00,0x00,0x00,0x00,0x00,
	0x00,0x00,0x00,0x00,0x00,0x00,0x00,0x00,0x00,0x00,0x00,0x00,0x00,0x00,0x00,0x00,
	0x00,0x00,0x00,0x00,0x00,0x01,0x00,0x00,0x00,0x00,0x00,0x00,0x00,0x00,0x00,0x00,
	0x00,0x00,0x00,0x00,0x00,0x00,0x00,0x00,0x00,0x00,0x00,0x00,0x00,0x00,0x00,0x00,
	0x00,0x00,0x00,0x00,0x00,0x00,0x00,0x00,0x00,0x00,0x00,0x00,0x00,0x00,0x00,0x00,
	0x00,0x00,0x00,0x00,0x00,0x00,0x00,0x00,0x00,0x00,0x00,0x00,0x00,0x00,0x00,0x00,
	0x00,0x00,0x00,0x00,0x00,0x01,0x00,0x00,0x00,0x00,0x00,0x00,0x00,0x00,0x00,0x00,
	0x00,0x00,0x00,0x00,0x00,0x00,0x00,0x00,0x00,0x00,0x00,0x00,0x00,0x00,0x00,0x00,
	0x00,0x00,0x00,0x00,0x00,0x00,0x00,0x00,0x00,0x00,0x00,0x00,0x00,0x00,0x00,0x00,
	0x00,0x00,0x00,0x00,0x00,0x00,0x00,0x00,0x00,0x00,0x00,0x00,0x00,0x00,0x00,0x00,
	0x00,0x00,0x00,0x00,0x00,0x01,0x00,0x00,0x00,0x00,0x00,0x00,0x00,0x00,0x00,0x00,
	0x00,0x00,0x00,0x00,0x00,0x00,0x00,0x00,0x00,0x00,0x00,0x00,0x00,0x00,0x00,0x00,
	0x00,0x00,0x00,0x00,0x00,0x00,0x00,0x00,0x00,0x00,0x00,0x00,0x00,0x00,0x00,0x00,
	0x00,0x00,0x00,0x00,0x00,0x00,0x00,0x00,0x00,0x00,0x00,0x00,0x00,0x00,0x00,0x00,
	0x00,0x00,0x00,0x00,0x03,0x02,0x00,0x00,0x00,0x00,0x00,0x00,0x00,0x00,0x00,0x00,
	0x00,0x00,0x00,0x00,0x00,0x00,0x00,0x00,0x00,0x00,0x00,0x00,0x12,0x41,0x00,0x01,
	0x00,0x00,0x00,0x00,0x00,0x00,0x00,0x00,0x00,0x00,0x00,0x00,0x00,0x00,0x00,0x00,
	0x00,0x00,0x00,0x00,0x00,0x00,0x00,0x00,0x04,0x2f,0xe5,0xdc,0xdb,0xfe,0x2b,0x9d,
	0x4f,0xa6,0x88,0x2c,0xac,0x8f,0x1a,0x6f,0xa5,0x5f,0xec,0x7a,0xf9,0x9c,0xc2,0xe2,
	0x84,0xec,0x75,0x1c,0x6f,0xa9,0x1f,0xe4,0x2e,0xf1,0x16,0xf9,0x79,0x18,0xcb,0x3f,
	0xb2,0x9b,0xa7,0x23,0x41,0xd9,0x7d,0x08,0x4e,0x39,0xd3,0x51,0x61,0xe6,0x8b,0xf4,
	0xe2,0xfb,0xdf,0x71,0xc7,0x5b,0x21,0xf8,0x00,0x00,0x00,0x40,0x00,0x00,0x00,0x00,
	0x00,0x00,0x00,0x00,0x00,0x00,0x00,0x00,0x00,0x00,0x00,0x00,0x00,0x00,0x00,0x00,
	0x00,0x00,0x00,0x00,0x00,0x00,0x00,0x00,0x00,0x00,0x00,0x00,0x00,0x00,0x00,0x00,
	0x04,0x02,0x00,0x00,0x00,0x00,0x00,0x00,0x00,0x00,0x00,0x00,0x00,0x00,0x00,0x00,
	0x00,0x00,0x00,0x00,0x00,0x00,0x00,0x00,0x00,0x00,0x00,0x00,0x00,0x00,0x00,0x00,
	0x00,0x00,0x00,0x00,0x00,0x00,0x00,0x00,0x00,0x00,0x00,0x00,0x00,0x00,0x00,0x00,
	0x00,0x00,0x00,0x00,0x00,0x00,0x00,0x00,0x00,0x00,0x00,0x00,0x00,0x00,0x00,0x00,
	0x04,0x02,0x00,0x00,0x00,0x00,0x00,0x00,0x00,0x00,0x00,0x00,0x00,0x00,0x00,0x00,
	0x00,0x00,0x00,0x00,0x00,0x00,0x00,0x00,0x00,0x00,0x00,0x00,0x00,0x00,0x00,0x00,
	0x00,0x00,0x00,0x00,0x00,0x00,0x00,0x00,0x00,0x00,0x00,0x00,0x00,0x00,0x00,0x00,
	0x00,0x00,0x00,0x00,0x00,0x00,0x00,0x00,0x00,0x00,0x00,0x00,0x00,0x00,0x00,0x00,
	0x00,0x01,0x00,0x00,0x00,0x00,0x00,0x00,0x00,0x00,0x00,0x00,0x00,0x00,0x00,0x00,
	0x00,0x00,0x00,0x00,0x00,0x00,0x00,0x00,0x00,0x00,0x00,0x00,0x00,0x00,0x00,0x00,
	0x00,0x00,0x00,0x00,0x00,0x00,0x00,0x00,0x00,0x00,0x00,0x00,0x00,0x00,0x00,0x00,
	0x00,0x00,0x00,0x00,0x00,0x00,0x00,0x00,0x00,0x00,0x00,0x00,0x00,0x00,0x00,0x00,
	0x00,0x01,0x00,0x00,0x00,0x00,0x00,0x00,0x00,0x00,0x00,0x00,0x00,0x00,0x00,0x00,
	0x00,0x00,0x00,0x00,0x00,0x00,0x00,0x00,0x00,0x00,0x00,0x00,0x00,0x00,0x00,0x00,
	0x00,0x00,0x00,0x00,0x00,0x00,0x00,0x00,0x00,0x00,0x00,0x00,0x00,0x00,0x00,0x00,
	0x00,0x00,0x00,0x00,0x00,0x00,0x00,0x00,0x00,0x00,0x00,0x00,0x00,0x00,0x00,0x00,
	0x00,0x01,0x00,0x00,0x00,0x00,0x00,0x00,0x00,0x00,0x00,0x00,0x00,0x00,0x00,0x00,
	0x00,0x00,0x00,0x00,0x00,0x00,0x00,0x00,0x00,0x00,0x00,0x00,0x00,0x00,0x00,0x00,
	0x00,0x00,0x00,0x00,0x00,0x00,0x00,0x00,0x00,0x00,0x00,0x00,0x00,0x00,0x00,0x00,
	0x00,0x00,0x00,0x00,0x00,0x00,0x00,0x00,0x00,0x00,0x00,0x00,0x00,0x00,0x00,0x00,
	0x00,0x01,0x00,0x00,0x00,0x00,0x00,0x00,0x00,0x00,0x00,0x00,0x00,0x00,0x00,0x00,
	0x00,0x00,0x00,0x00,0x00,0x00,0x00,0x00,0x00,0x00,0x00,0x00,0x00,0x00,0x00,0x00,
	0x00,0x00,0x00,0x00,0x00,0x00,0x00,0x00,0x00,0x00,0x00,0x00,0x00,0x00,0x00,0x00,
	0x00,0x00,0x00,0x00,0x00,0x00,0x00,0x00,0x00,0x00,0x00,0x00,0x00,0x00,0x00,0x00,
	0x03,0x02,0x00,0x00,0x00,0x00,0x00,0x00,0x00,0x00,0x00,0x00,0x00,0x00,0x00,0x00,
	0x00,0x00,0x00,0x00,0x00,0x00,0x00,0x00,0x12,0x41,0x00,0x01,0x00,0x00,0x00,0x00,
	0x00,0x00,0x00,0x00,0x00,0x00,0x00,0x00,0x00,0x00,0x00,0x00,0x00,0x00,0x00,0x00,
	0x00,0x00,0x00,0x00,0x04,0x2f,0xe5,0xdc,0xdb,0xfe,0x2b,0x9d,0x4f,0xa6,0x88,0x2c,
	0xac,0x8f,0x1a,0x6f,0xa5,0x5f,0xec,0x7a,0xf9,0x9c,0xc2,0xe2,0x84,0xec,0x75,0x1c,
	0x6f,0xa9,0x1f,0xe4,0x2e,0xf1,0x16,0xf9,0x79,0x18,0xcb,0x3f,0xb2,0x9b,0xa7,0x23,
	0x41,0xd9,0x7d,0x08,0x4e,0x39,0xd3,0x51,0x61,0xe6,0x8b,0xf4,0xe2,0xfb,0xdf,0x71,
	0xc7,0x5b,0x21,0xf8,0x00,0x00,0x00,0x40,0x00,0x00,0x00,0x00,0x00,0x00,0x00,0x00,
	0x00,0x00,0x00,0x00,0x00,0x00,0x00,0x00,0x00,0x00,0x00,0x00,0x00,0x00,0x00,0x00,
	0x00,0x00,0x00,0x00,0x00,0x00,0x00,0x00,0x00,0x00,0x00,0x00,0x04,0x02,0x00,0x00,
	0x00,0x00,0x00,0x00,0x00,0x00,0x00,0x00,0x00,0x00,0x00,0x00,0x00,0x00,0x00,0x00,
	0x00,0x00,0x00,0x00,0x00,0x00,0x00,0x00,0x00,0x00,0x00,0x00,0x00,0x00,0x00,0x00,
	0x00,0x00,0x00,0x00,0x00,0x00,0x00,0x00,0x00,0x00,0x00,0x00,0x00,0x00,0x00,0x00,
	0x00,0x00,0x00,0x00,0x00,0x00,0x00,0x00,0x00,0x00,0x00,0x00,0x04,0x02,0x00,0x00,
	0x00,0x00,0x00,0x00,0x00,0x00,0x00,0x00,0x00,0x00,0x00,0x00,0x00,0x00,0x00,0x00,
	0x00,0x00,0x00,0x00,0x00,0x00,0x00,0x00,0x00,0x00,0x00,0x00,0x00,0x00,0x00,0x00,
	0x00,0x00,0x00,0x00,0x00,0x00,0x00,0x00,0x00,0x00,0x00,0x00,0x00,0x00,0x00,0x00,
	0x00,0x00,0x00,0x00,0x00,0x00,0x00,0x00,0x00,0x00,0x00,0x00,0x00,0x01,0x00,0x00,
	0x00,0x00,0x00,0x00,0x00,0x00,0x00,0x00,0x00,0x00,0x00,0x00,0x00,0x00,0x00,0x00,
	0x00,0x00,0x00,0x00,0x00,0x00,0x00,0x00,0x00,0x00,0x00,0x00,0x00,0x00,0x00,0x00,
	0x00,0x00,0x00,0x00,0x00,0x00,0x00,0x00,0x00,0x00,0x00,0x00,0x00,0x00,0x00,0x00,
	0x00,0x00,0x00,0x00,0x00,0x00,0x00,0x00,0x00,0x00,0x00,0x00,0x00,0x01,0x00,0x00,
	0x00,0x00,0x00,0x00,0x00,0x00,0x00,0x00,0x00,0x00,0x00,0x00,0x00,0x00,0x00,0x00,
	0x00,0x00,0x00,0x00,0x00,0x00,0x00,0x00,0x00,0x00,0x00,0x00,0x00,0x00,0x00,0x00,
	0x00,0x00,0x00,0x00,0x00,0x00,0x00,0x00,0x00,0x00,0x00,0x00,0x00,0x00,0x00,0x00,
	0x00,0x00,0x00,0x00,0x00,0x00,0x00,0x00,0x00,0x00,0x00,0x00,0x00,0x01,0x00,0x00,
	0x00,0x00,0x00,0x00,0x00,0x00,0x00,0x00,0x00,0x00,0x00,0x00,0x00,0x00,0x00,0x00,
	0x00,0x00,0x00,0x00,0x00,0x00,0x00,0x00,0x00,0x00,0x00,0x00,0x00,0x00,0x00,0x00,
	0x00,0x00,0x00,0x00,0x00,0x00,0x00,0x00,0x00,0x00,0x00,0x00,0x00,0x00,0x00,0x00,
	0x00,0x00,0x00,0x00,0x00,0x00,0x00,0x00,0x00,0x00,0x00,0x00,0x00,0x01,0x00,0x00,
	0x00,0x00,0x00,0x00,0x00,0x00,0x00,0x00,0x00,0x00,0x00,0x00,0x00,0x00,0x00,0x00,
	0x00,0x00,0x00,0x00,0x00,0x00,0x00,0x00,0x00,0x00,0x00,0x00,0x00,0x00,0x00,0x00,
	0x00,0x00,0x00,0x00,0x00,0x00,0x00,0x00,0x00,0x00,0x00,0x00,0x00,0x00,0x00,0x00,
	0x00,0x00,0x00,0x00,0x00,0x00,0x00,0x00,0x00,0x00,0x00,0x00,0x03,0x02,0x00,0x00,
	0x00,0x00,0x00,0x00,0x00,0x00,0x00,0x00,0x00,0x00,0x00,0x00,0x00,0x00,0x00,0x00,
	0x00,0x00,0x00,0x00,0x12,0x41,0x00,0x01,0x00,0x00,0x00,0x00,0x00,0x00,0x00,0x00,
	0x00,0x00,0x00,0x00,0x00,0x00,0x00,0x00,0x00,0x00,0x00,0x00,0x00,0x00,0x00,0x00,
	0x04,0x2f,0xe5,0xdc,0xdb,0xfe,0x2b,0x9d,0x4f,0xa6,0x88,0x2c,0xac,0x8f,0x1a,0x6f,
	0xa5,0x5f,0xec,0x7a,0xf9,0x9c,0xc2,0xe2,0x84,0xec,0x75,0x1c,0x6f,0xa9,0x1f,0xe4,
	0x2e,0xf1,0x16,0xf9,0x79,0x18,0xcb,0x3f,0xb2,0x9b,0xa7,0x23,0x41,0xd9,0x7d,0x08,
	0x4e,0x39,0xd3,0x51,0x61,0xe6,0x8b,0xf4,0xe2,0xfb,0xdf,0x71,0xc7,0x5b,0x21,0xf8,
	0x00,0x00,0x00,0x40,0x00,0x00,0x00,0x00,0x00,0x00,0x00,0x00,0x00,0x00,0x00,0x00,
	0x00,0x00,0x00,0x00,0x00,0x00,0x00,0x00,0x00,0x00,0x00,0x00,0x00,0x00,0x00,0x00,
	0x00,0x00,0x00,0x00,0x00,0x00,0x00,0x00,0x04,0x02,0x00,0x00,0x00,0x00,0x00,0x00,
	0x00,0x00,0x00,0x00,0x00,0x00,0x00,0x00,0x00,0x00,0x00,0x00,0x00,0x00,0x00,0x00,
	0x00,0x00,0x00,0x00,0x00,0x00,0x00,0x00,0x00,0x00,0x00,0x00,0x00,0x00,0x00,0x00,
	0x00,0x00,0x00,0x00,0x00,0x00,0x00,0x00,0x00,0x00,0x00,0x00,0x00,0x00,0x00,0x00,
	0x00,0x00,0x00,0x00,0x00,0x00,0x00,0x00,0x04,0x02,0x00,0x00,0x00,0x00,0x00,0x00,
	0x00,0x00,0x00,0x00,0x00,0x00,0x00,0x00,0x00,0x00,0x00,0x00,0x00,0x00,0x00,0x00,
	0x00,0x00,0x00,0x00,0x00,0x00,0x00,0x00,0x00,0x00,0x00,0x00,0x00,0x00,0x00,0x00,
	0x00,0x00,0x00,0x00,0x00,0x00,0x00,0x00,0x00,0x00,0x00,0x00,0x00,0x00,0x00,0x00,
	0x00,0x00,0x00,0x00,0x00,0x00,0x00,0x00,0x00,0x01,0x00,0x00,0x00,0x00,0x00,0x00,
	0x00,0x00,0x00,0x00,0x00,0x00,0x00,0x00,0x00,0x00,0x00,0x00,0x00,0x00,0x00,0x00,
	0x00,0x00,0x00,0x00,0x00,0x00,0x00,0x00,0x00,0x00,0x00,0x00,0x00,0x00,0x00,0x00,
	0x00,0x00,0x00,0x00,0x00,0x00,0x00,0x00,0x00,0x00,0x00,0x00,0x00,0x00,0x00,0x00,
	0x00,0x00,0x00,0x00,0x00,0x00,0x00,0x00,0x00,0x01,0x00,0x00,0x00,0x00,0x00,0x00,
	0x00,0x00,0x00,0x00,0x00,0x00,0x00,0x00,0x00,0x00,0x00,0x00,0x00,0x00,0x00,0x00,
	0x00,0x00,0x00,0x00,0x00,0x00,0x00,0x00,0x00,0x00,0x00,0x00,0x00,0x00,0x00,0x00,
	0x00,0x00,0x00,0x00,0x00,0x00,0x00,0x00,0x00,0x00,0x00,0x00,0x00,0x00,0x00,0x00,
	0x00,0x00,0x00,0x00,0x00,0x00,0x00,0x00,0x00,0x01,0x00,0x00,0x00,0x00,0x00,0x00,
	0x00,0x00,0x00,0x00,0x00,0x00,0x00,0x00,0x00,0x00,0x00,0x00,0x00,0x00,0x00,0x00,
	0x00,0x00,0x00,0x00,0x00,0x00,0x00,0x00,0x00,0x00,0x00,0x00,0x00,0x00,0x00,0x00,
	0x00,0x00,0x00,0x00,0x00,0x00,0x00,0x00,0x00,0x00,0x00,0x00,0x00,0x00,0x00,0x00,
	0x00,0x00,0x00,0x00,0x00,0x00,0x00,0x00,0x00,0x01,0x00,0x00,0x00,0x00,0x00,0x00,
	0x00,0x00,0x00,0x00,0x00,0x00,0x00,0x00,0x00,0x00,0x00,0x00,0x00,0x00,0x00,0x00,
	0x00,0x00,0x00,0x00,0x00,0x00,0x00,0x00,0x00,0x00,0x00,0x00,0x00,0x00,0x00,0x00,
	0x00,0x00,0x00,0x00,0x00,0x00,0x00,0x00,0x00,0x00,0x00,0x00,0x00,0x00,0x00,0x00,
	0x00,0x00,0x00,0x00,0x00,0x00,0x00,0x00,0x03,0x02,0x00,0x00,0x00,0x00,0x00,0x00,
	0x00,0x00,0x00,0x00,0x00,0x00,0x00,0x00,0x00,0x00,0x00,0x00,0x00,0x00,0x00,0x00,
	0x12,0x41,0x00,0x01,0x00,0x00,0x00,0x00,0x00,0x00,0x00,0x00,0x00,0x00,0x00,0x00,
	0x00,0x00,0x00,0x00,0x00,0x00,0x00,0x00,0x00,0x00,0x00,0x00,0x04,0x2f,0xe5,0xdc,
	0xdb,0xfe,0x2b,0x9d,0x4f,0xa6,0x88,0x2c,0xac,0x8f,0x1a,0x6f,0xa5,0x5f,0xec,0x7a,
	0xf9,0x9c,0xc2,0xe2,0x84,0xec,0x75,0x1c,0x6f,0xa9,0x1f,0xe4,0x2e,0xf1,0x16,0xf9,
	0x79,0x18,0xcb,0x3f,0xb2,0x9b,0xa7,0x23,0x41,0xd9,0x7d,0x08,0x4e,0x39,0xd3,0x51,
	0x61,0xe6,0x8b,0xf4,0xe2,0xfb,0xdf,0x71,0xc7,0x5b,0x21,0xf8,0x00,0x00,0x00,0x40,
	0x00,0x00,0x00,0x00,0x00,0x00,0x00,0x00,0x00,0x00,0x00,0x00,0x00,0x00,0x00,0x00,
	0x00,0x00,0x00,0x00,0x00,0x00,0x00,0x00,0x00,0x00,0x00,0x00,0x00,0x00,0x00,0x00,
	0x00,0x00,0x00,0x00,0x04,0x02,0x00,0x00,0x00,0x00,0x00,0x00,0x00,0x00,0x00,0x00,
	0x00,0x00,0x00,0x00,0x00,0x00,0x00,0x00,0x00,0x00,0x00,0x00,0x00,0x00,0x00,0x00,
	0x00,0x00,0x00,0x00,0x00,0x00,0x00,0x00,0x00,0x00,0x00,0x00,0x00,0x00,0x00,0x00,
	0x00,0x00,0x00,0x00,0x00,0x00,0x00,0x00,0x00,0x00,0x00,0x00,0x00,0x00,0x00,0x00,
	0x00,0x00,0x00,0x00,0x04,0x02,0x00,0x00,0x00,0x00,0x00,0x00,0x00,0x00,0x00,0x00,
	0x00,0x00,0x00,0x00,0x00,0x00,0x00,0x00,0x00,0x00,0x00,0x00,0x00,0x00,0x00,0x00,
	0x00,0x00,0x00,0x00,0x00,0x00,0x00,0x00,0x00,0x00,0x00,0x00,0x00,0x00,0x00,0x00,
	0x00,0x00,0x00,0x00,0x00,0x00,0x00,0x00,0x00,0x00,0x00,0x00,0x00,0x00,0x00,0x00,
	0x00,0x00,0x00,0x00,0x00,0x01,0x00,0x00,0x00,0x00,0x00,0x00,0x00,0x00,0x00,0x00,
	0x00,0x00,0x00,0x00,0x00,0x00,0x00,0x00,0x00,0x00,0x00,0x00,0x00,0x00,0x00,0x00,
	0x00,0x00,0x00,0x00,0x00,0x00,0x00,0x00,0x00,0x00,0x00,0x00,0x00,0x00,0x00,0x00,
	0x00,0x00,0x00,0x00,0x00,0x00,0x00,0x00,0x00,0x00,0x00,0x00,0x00,0x00,0x00,0x00,
	0x00,0x00,0x00,0x00,0x00,0x01,0x00,0x00,0x00,0x00,0x00,0x00,0x00,0x00,0x00,0x00,
	0x00,0x00,0x00,0x00,0x00,0x00,0x00,0x00,0x00,0x00,0x00,0x00,0x00,0x00,0x00,0x00,
	0x00,0x00,0x00,0x00,0x00,0x00,0x00,0x00,0x00,0x00,0x00,0x00,0x00,0x00,0x00,0x00,
	0x00,0x00,0x00,0x00,0x00,0x00,0x00,0x00,0x00,0x00,0x00,0x00,0x00,0x00,0x00,0x00,
	0x00,0x00,0x00,0x00,0x00,0x01,0x00,0x00,0x00,0x00,0x00,0x00,0x00,0x00,0x00,0x00,
	0x00,0x00,0x00,0x00,0x00,0x00,0x00,0x00,0x00,0x00,0x00,0x00,0x00,0x00,0x00,0x00,
	0x00,0x00,0x00,0x00,0x00,0x00,0x00,0x00,0x00,0x00,0x00,0x00,0x00,0x00,0x00,0x00,
	0x00,0x00,0x00,0x00,0x00,0x00,0x00,0x00,0x00,0x00,0x00,0x00,0x00,0x00,0x00,0x00,
	0x00,0x00,0x00,0x00,0x00,0x01,0x00,0x00,0x00,0x00,0x00,0x00,0x00,0x00,0x00,0x00,
	0x00,0x00,0x00,0x00,0x00,0x00,0x00,0x00,0x00,0x00,0x00,0x00,0x00,0x00,0x00,0x00,
	0x00,0x00,0x00,0x00,0x00,0x00,0x00,0x00,0x00,0x00,0x00,0x00,0x00,0x00,0x00,0x00,
	0x00,0x00,0x00,0x00,0x00,0x00,0x00,0x00,0x00,0x00,0x00,0x00,0x00,0x00,0x00,0x00,
	0x00,0x00,0x00,0x00,0x03,0x02,0x00,0x00,0x00,0x00,0x00,0x00,0x00,0x00,0x00,0x00,
	0x00,0x00,0x00,0x00,0x00,0x00,0x00,0x00,0x00,0x00,0x00,0x00,0x12,0x41,0x00,0x01,
	0x00,0x00,0x00,0x00,0x00,0x00,0x00,0x00,0x00,0x00,0x00,0x00,0x00,0x00,0x00,0x00,
	0x00,0x00,0x00,0x00,0x00,0x00,0x00,0x00,0x04,0x2f,0xe5,0xdc,0xdb,0xfe,0x2b,0x9d,
	0x4f,0xa6,0x88,0x2c,0xac,0x8f,0x1a,0x6f,0xa5,0x5f,0xec,0x7a,0xf9,0x9c,0xc2,0xe2,
	0x84,0xec,0x75,0x1c,0x6f,0xa9,0x1f,0xe4,0x2e,0xf1,0x16,0xf9,0x79,0x18,0xcb,0x3f,
	0xb2,0x9b,0xa7,0x23,0x41,0xd9,0x7d,0x08,0x4e,0x39,0xd3,0x51,0x61,0xe6,0x8b,0xf4,
	0xe2,0xfb,0xdf,0x71,0xc7,0x5b,0x21,0xf8,0x00,0x00,0x00,0x40,0x00,0x00,0x00,0x00,
	0x00,0x00,0x00,0x00,0x00,0x00,0x00,0x00,0x00,0x00,0x00,0x00,0x00,0x00,0x00,0x00,
	0x00,0x00,0x00,0x00,0x00,0x00,0x00,0x00,0x00,0x00,0x00,0x00,0x00,0x00,0x00,0x00,
	0x04,0x02,0x00,0x00,0x00,0x00,0x00,0x00,0x00,0x00,0x00,0x00,0x00,0x00,0x00,0x00,
	0x00,0x00,0x00,0x00,0x00,0x00,0x00,0x00,0x00,0x00,0x00,0x00,0x00,0x00,0x00,0x00,
	0x00,0x00,0x00,0x00,0x00,0x00,0x00,0x00,0x00,0x00,0x00,0x00,0x00,0x00,0x00,0x00,
	0x00,0x00,0x00,0x00,0x00,0x00,0x00,0x00,0x00,0x00,0x00,0x00,0x00,0x00,0x00,0x00,
	0x04,0x02,0x00,0x00,0x00,0x00,0x00,0x00,0x00,0x00,0x00,0x00,0x00,0x00,0x00,0x00,
	0x00,0x00,0x00,0x00,0x00,0x00,0x00,0x00,0x00,0x00,0x00,0x00,0x00,0x00,0x00,0x00,
	0x00,0x00,0x00,0x00,0x00,0x00,0x00,0x00,0x00,0x00,0x00,0x00,0x00,0x00,0x00,0x00,
	0x00,0x00,0x00,0x00,0x00,0x00,0x00,0x00,0x00,0x00,0x00,0x00,0x00,0x00,0x00,0x00,
	0x00,0x01,0x00,0x00,0x00,0x00,0x00,0x00,0x00,0x00,0x00,0x00,0x00,0x00,0x00,0x00,
	0x00,0x00,0x00,0x00,0x00,0x00,0x00,0x00,0x00,0x00,0x00,0x00,0x00,0x00,0x00,0x00,
	0x00,0x00,0x00,0x00,0x00,0x00,0x00,0x00,0x00,0x00,0x00,0x00,0x00,0x00,0x00,0x00,
	0x00,0x00,0x00,0x00,0x00,0x00,0x00,0x00,0x00,0x00,0x00,0x00,0x00,0x00,0x00,0x00,
	0x00,0x01,0x00,0x00,0x00,0x00,0x00,0x00,0x00,0x00,0x00,0x00,0x00,0x00,0x00,0x00,
	0x00,0x00,0x00,0x00,0x00,0x00,0x00,0x00,0x00,0x00,0x00,0x00,0x00,0x00,0x00,0x00,
	0x00,0x00,0x00,0x00,0x00,0x00,0x00,0x00,0x00,0x00,0x00,0x00,0x00,0x00,0x00,0x00,
	0x00,0x00,0x00,0x00,0x00,0x00,0x00,0x00,0x00,0x00,0x00,0x00,0x00,0x00,0x00,0x00,
	0x00,0x01,0x00,0x00,0x00,0x00,0x00,0x00,0x00,0x00,0x00,0x00,0x00,0x00,0x00,0x00,
	0x00,0x00,0x00,0x00,0x00,0x00,0x00,0x00,0x00,0x00,0x00,0x00,0x00,0x00,0x00,0x00,
	0x00,0x00,0x00,0x00,0x00,0x00,0x00,0x00,0x00,0x00,0x00,0x00,0x00,0x00,0x00,0x00,
	0x00,0x00,0x00,0x00,0x00,0x00,0x00,0x00,0x00,0x00,0x00,0x00,0x00,0x00,0x00,0x00,
	0x00,0x01,0x00,0x00,0x00,0x00,0x00,0x00,0x00,0x00,0x00,0x00,0x00,0x00,0x00,0x00,
	0x00,0x00,0x00,0x00,0x00,0x00,0x00,0x00,0x00,0x00,0x00,0x00,0x00,0x00,0x00,0x00,
	0x00,0x00,0x00,0x00,0x00,0x00,0x00,0x00,0x00,0x00,0x00,0x00,0x00,0x00,0x00,0x00,
	0x00,0x00,0x00,0x00,0x00,0x00,0x00,0x00,0x00,0x00,0x00,0x00,0x00,0x00,0x00,0x00,
	0x03,0x02,0x00,0x00,0x00,0x00,0x00,0x00,0x00,0x00,0x00,0x00,0x00,0x00,0x00,0x00,
	0x00,0x00,0x00,0x00,0x00,0x00,0x00,0x00,0x12,0x41,0x00,0x01,0x00,0x00,0x00,0x00,
	0x00,0x00,0x00,0x00,0x00,0x00,0x00,0x00,0x00,0x00,0x00,0x00,0x00,0x00,0x00,0x00,
	0x00,0x00,0x00,0x00,0x04,0x2f,0xe5,0xdc,0xdb,0xfe,0x2b,0x9d,0x4f,0xa6,0x88,0x2c,
	0xac,0x8f,0x1a,0x6f,0xa5,0x5f,0xec,0x7a,0xf9,0x9c,0xc2,0xe2,0x84,0xec,0x75,0x1c,
	0x6f,0xa9,0x1f,0xe4,0x2e,0xf1,0x16,0xf9,0x79,0x18,0xcb,0x3f,0xb2,0x9b,0xa7,0x23,
	0x41,0xd9,0x7d,0x08,0x4e,0x39,0xd3,0x51,0x61,0xe6,0x8b,0xf4,0xe2,0xfb,0xdf,0x71,
	0xc7,0x5b,0x21,0xf8,0x00,0x00,0x00,0x40,0x00,0x00,0x00,0x00,0x00,0x00,0x00,0x00,
	0x00,0x00,0x00,0x00,0x00,0x00,0x00,0x00,0x00,0x00,0x00,0x00,0x00,0x00,0x00,0x00,
	0x00,0x00,0x00,0x00,0x00,0x00,0x00,0x00,0x00,0x00,0x00,0x00,0x04,0x02,0x00,0x00,
	0x00,0x00,0x00,0x00,0x00,0x00,0x00,0x00,0x00,0x00,0x00,0x00,0x00,0x00,0x00,0x00,
	0x00,0x00,0x00,0x00,0x00,0x00,0x00,0x00,0x00,0x00,0x00,0x00,0x00,0x00,0x00,0x00,
	0x00,0x00,0x00,0x00,0x00,0x00,0x00,0x00,0x00,0x00,0x00,0x00,0x00,0x00,0x00,0x00,
	0x00,0x00,0x00,0x00,0x00,0x00,0x00,0x00,0x00,0x00,0x00,0x00,0x04,0x02,0x00,0x00,
	0x00,0x00,0x00,0x00,0x00,0x00,0x00,0x00,0x00,0x00,0x00,0x00,0x00,0x00,0x00,0x00,
	0x00,0x00,0x00,0x00,0x00,0x00,0x00,0x00,0x00,0x00,0x00,0x00,0x00,0x00,0x00,0x00,
	0x00,0x00,0x00,0x00,0x00,0x00,0x00,0x00,0x00,0x00,0x00,0x00,0x00,0x00,0x00,0x00,
	0x00,0x00,0x00,0x00,0x00,0x00,0x00,0x00,0x00,0x00,0x00,0x00,0x00,0x01,0x00,0x00,
	0x00,0x00,0x00,0x00,0x00,0x00,0x00,0x00,0x00,0x00,0x00,0x00,0x00,0x00,0x00,0x00,
	0x00,0x00,0x00,0x00,0x00,0x00,0x00,0x00,0x00,0x00,0x00,0x00,0x00,0x00,0x00,0x00,
	0x00,0x00,0x00,0x00,0x00,0x00,0x00,0x00,0x00,0x00,0x00,0x00,0x00,0x00,0x00,0x00,
	0x00,0x00,0x00,0x00,0x00,0x00,0x00,0x00,0x00,0x00,0x00,0x00,0x00,0x01,0x00,0x00,
	0x00,0x00,0x00,0x00,0x00,0x00,0x00,0x00,0x00,0x00,0x00,0x00,0x00,0x00,0x00,0x00,
	0x00,0x00,0x00,0x00,0x00,0x00,0x00,0x00,0x00,0x00,0x00,0x00,0x00,0x00,0x00,0x00,
	0x00,0x00,0x00,0x00,0x00,0x00,0x00,0x00,0x00,0x00,0x00,0x00,0x00,0x00,0x00,0x00,
	0x00,0x00,0x00,0x00,0x00,0x00,0x00,0x00,0x00,0x00,0x00,0x00,0x00,0x01,0x00,0x00,
	0x00,0x00,0x00,0x00,0x00,0x00,0x00,0x00,0x00,0x00,0x00,0x00,0x00,0x00,0x00,0x00,
	0x00,0x00,0x00,0x00,0x00,0x00,0x00,0x00,0x00,0x00,0x00,0x00,0x00,0x00,0x00,0x00,
	0x00,0x00,0x00,0x00,0x00,0x00,0x00,0x00,0x00,0x00,0x00,0x00,0x00,0x00,0x00,0x00,
	0x00,0x00,0x00,0x00,0x00,0x00,0x00,0x00,0x00,0x00,0x00,0x00,0x00,0x01,0x00,0x00,
	0x00,0x00,0x00,0x00,0x00,0x00,0x00,0x00,0x00,0x00,0x00,0x00,0x00,0x00,0x00,0x00,
	0x00,0x00,0x00,0x00,0x00,0x00,0x00,0x00,0x00,0x00,0x00,0x00,0x00,0x00,0x00,0x00,
	0x00,0x00,0x00,0x00,0x00,0x00,0x00,0x00,0x00,0x00,0x00,0x00,0x00,0x00,0x00,0x00,
	0x00,0x00,0x00,0x00,0x00,0x00,0x00,0x00,0x00,0x00,0x00,0x00,0x03,0x02,0x00,0x00,
	0x00,0x00,0x00,0x00,0x00,0x00,0x00,0x00,0x00,0x00,0x00,0x00,0x00,0x00,0x00,0x00,
	0x00,0x00,0x00,0x00,0x12,0x41,0x00,0x01,0x00,0x00,0x00,0x00,0x00,0x00,0x00,0x00,
	0x00,0x00,0x00,0x00,0x00,0x00,0x00,0x00,0x00,0x00,0x00,0x00,0x00,0x00,0x00,0x00,
	0x04,0x2f,0xe5,0xdc,0xdb,0xfe,0x2b,0x9d,0x4f,0xa6,0x88,0x2c,0xac,0x8f,0x1a,0x6f,
	0xa5,0x5f,0xec,0x7a,0xf9,0x9c,0xc2,0xe2,0x84,0xec,0x75,0x1c,0x6f,0xa9,0x1f,0xe4,
	0x2e,0xf1,0x16,0xf9,0x79,0x18,0xcb,0x3f,0xb2,0x9b,0xa7,0x23,0x41,0xd9,0x7d,0x08,
	0x4e,0x39,0xd3,0x51,0x61,0xe6,0x8b,0xf4,0xe2,0xfb,0xdf,0x71,0xc7,0x5b,0x21,0xf8,
	0x00,0x00,0x00,0x40,0x00,0x00,0x00,0x00,0x00,0x00,0x00,0x00,0x00,0x00,0x00,0x00,
	0x00,0x00,0x00,0x00,0x00,0x00,0x00,0x00,0x00,0x00,0x00,0x00,0x00,0x00,0x00,0x00,
	0x00,0x00,0x00,0x00,0x00,0x00,0x00,0x00,0x04,0x02,0x00,0x00,0x00,0x00,0x00,0x00,
	0x00,0x00,0x00,0x00,0x00,0x00,0x00,0x00,0x00,0x00,0x00,0x00,0x00,0x00,0x00,0x00,
	0x00,0x00,0x00,0x00,0x00,0x00,0x00,0x00,0x00,0x00,0x00,0x00,0x00,0x00,0x00,0x00,
	0x00,0x00,0x00,0x00,0x00,0x00,0x00,0x00,0x00,0x00,0x00,0x00,0x00,0x00,0x00,0x00,
	0x00,0x00,0x00,0x00,0x00,0x00,0x00,0x00,0x04,0x02,0x00,0x00,0x00,0x00,0x00,0x00,
	0x00,0x00,0x00,0x00,0x00,0x00,0x00,0x00,0x00,0x00,0x00,0x00,0x00,0x00,0x00,0x00,
	0x00,0x00,0x00,0x00,0x00,0x00,0x00,0x00,0x00,0x00,0x00,0x00,0x00,0x00,0x00,0x00,
	0x00,0x00,0x00,0x00,0x00,0x00,0x00,0x00,0x00,0x00,0x00,0x00,0x00,0x00,0x00,0x00,
	0x00,0x00,0x00,0x00,0x00,0x00,0x00,0x00,0x00,0x01,0x00,0x00,0x00,0x00,0x00,0x00,
	0x00,0x00,0x00,0x00,0x00,0x00,0x00,0x00,0x00,0x00,0x00,0x00,0x00,0x00,0x00,0x00,
	0x00,0x00,0x00,0x00,0x00,0x00,0x00,0x00,0x00,0x00,0x00,0x00,0x00,0x00,0x00,0x00,
	0x00,0x00,0x00,0x00,0x00,0x00,0x00,0x00,0x00,0x00,0x00,0x00,0x00,0x00,0x00,0x00,
	0x00,0x00,0x00,0x00,0x00,0x00,0x00,0x00,0x00,0x01,0x00,0x00,0x00,0x00,0x00,0x00,
	0x00,0x00,0x00,0x00,0x00,0x00,0x00,0x00,0x00,0x00,0x00,0x00,0x00,0x00,0x00,0x00,
	0x00,0x00,0x00,0x00,0x00,0x00,0x00,0x00,0x00,0x00,0x00,0x00,0x00,0x00,0x00,0x00,
	0x00,0x00,0x00,0x00,0x00,0x00,0x00,0x00,0x00,0x00,0x00,0x00,0x00,0x00,0x00,0x00,
	0x00,0x00,0x00,0x00,0x00,0x00,0x00,0x00,0x00,0x01,0x00,0x00,0x00,0x00,0x00,0x00,
	0x00,0x00,0x00,0x00,0x00,0x00,0x00,0x00,0x00,0x00,0x00,0x00,0x00,0x00,0x00,0x00,
	0x00,0x00,0x00,0x00,0x00,0x00,0x00,0x00,0x00,0x00,0x00,0x00,0x00,0x00,0x00,0x00,
	0x00,0x00,0x00,0x00,0x00,0x00,0x00,0x00,0x00,0x00,0x00,0x00,0x00,0x00,0x00,0x00,
	0x00,0x00,0x00,0x00,0x00,0x00,0x00,0x00,0x00,0x01,0x00,0x00,0x00,0x00,0x00,0x00,
	0x00,0x00,0x00,0x00,0x00,0x00,0x00,0x00,0x00,0x00,0x00,0x00,0x00,0x00,0x00,0x00,
	0x00,0x00,0x00,0x00,0x00,0x00,0x00,0x00,0x00,0x00,0x00,0x00,0x00,0x00,0x00,0x00,
	0x00,0x00,0x00,0x00,0x00,0x00,0x00,0x00,0x00,0x00,0x00,0x00,0x00,0x00,0x00,0x00,
	0x00,0x00,0x00,0x00,0x00,0x00,0x00,0x00,0x03,0x02,0x00,0x00,0x00,0x00,0x00,0x00,
	0x00,0x00,0x00,0x00,0x00,0x00,0x00,0x00,0x00,0x00,0x00,0x00,0x00,0x00,0x00,0x00,
	0x12,0x41,0x00,0x01,0x00,0x00,0x00,0x00,0x00,0x00,0x00,0x00,0x00,0x00,0x00,0x00,
	0x00,0x00,0x00,0x00,0x00,0x00,0x00,0x00,0x00,0x00,0x00,0x00,0x04,0x2f,0xe5,0xdc,
	0xdb,0xfe,0x2b,0x9d,0x4f,0xa6,0x88,0x2c,0xac,0x8f,0x1a,0x6f,0xa5,0x5f,0xec,0x7a,
	0xf9,0x9c,0xc2,0xe2,0x84,0xec,0x75,0x1c,0x6f,0xa9,0x1f,0xe4,0x2e,0xf1,0x16,0xf9,
	0x79,0x18,0xcb,0x3f,0xb2,0x9b,0xa7,0x23,0x41,0xd9,0x7d,0x08,0x4e,0x39,0xd3,0x51,
	0x61,0xe6,0x8b,0xf4,0xe2,0xfb,0xdf,0x71,0xc7,0x5b,0x21,0xf8,0x00,0x00,0x00,0x40,
	0x00,0x00,0x00,0x00,0x00,0x00,0x00,0x00,0x00,0x00,0x00,0x00,0x00,0x00,0x00,0x00,
	0x00,0x00,0x00,0x00,0x00,0x00,0x00,0x00,0x00,0x00,0x00,0x00,0x00,0x00,0x00,0x00,
	0x00,0x00,0x00,0x00,0x04,0x02,0x00,0x00,0x00,0x00,0x00,0x00,0x00,0x00,0x00,0x00,
	0x00,0x00,0x00,0x00,0x00,0x00,0x00,0x00,0x00,0x00,0x00,0x00,0x00,0x00,0x00,0x00,
	0x00,0x00,0x00,0x00,0x00,0x00,0x00,0x00,0x00,0x00,0x00,0x00,0x00,0x00,0x00,0x00,
	0x00,0x00,0x00,0x00,0x00,0x00,0x00,0x00,0x00,0x00,0x00,0x00,0x00,0x00,0x00,0x00,
	0x00,0x00,0x00,0x00,0x04,0x02,0x00,0x00,0x00,0x00,0x00,0x00,0x00,0x00,0x00,0x00,
	0x00,0x00,0x00,0x00,0x00,0x00,0x00,0x00,0x00,0x00,0x00,0x00,0x00,0x00,0x00,0x00,
	0x00,0x00,0x00,0x00,0x00,0x00,0x00,0x00,0x00,0x00,0x00,0x00,0x00,0x00,0x00,0x00,
	0x00,0x00,0x00,0x00,0x00,0x00,0x00,0x00,0x00,0x00,0x00,0x00,0x00,0x00,0x00,0x00,
	0x00,0x00,0x00,0x00,0x00,0x01,0x00,0x00,0x00,0x00,0x00,0x00,0x00,0x00,0x00,0x00,
	0x00,0x00,0x00,0x00,0x00,0x00,0x00,0x00,0x00,0x00,0x00,0x00,0x00,0x00,0x00,0x00,
	0x00,0x00,0x00,0x00,0x00,0x00,0x00,0x00,0x00,0x00,0x00,0x00,0x00,0x00,0x00,0x00,
	0x00,0x00,0x00,0x00,0x00,0x00,0x00,0x00,0x00,0x00,0x00,0x00,0x00,0x00,0x00,0x00,
	0x00,0x00,0x00,0x00,0x00,0x01,0x00,0x00,0x00,0x00,0x00,0x00,0x00,0x00,0x00,0x00,
	0x00,0x00,0x00,0x00,0x00,0x00,0x00,0x00,0x00,0x00,0x00,0x00,0x00,0x00,0x00,0x00,
	0x00,0x00,0x00,0x00,0x00,0x00,0x00,0x00,0x00,0x00,0x00,0x00,0x00,0x00,0x00,0x00,
	0x00,0x00,0x00,0x00,0x00,0x00,0x00,0x00,0x00,0x00,0x00,0x00,0x00,0x00,0x00,0x00,
	0x00,0x00,0x00,0x00,0x00,0x01,0x00,0x00,0x00,0x00,0x00,0x00,0x00,0x00,0x00,0x00,
	0x00,0x00,0x00,0x00,0x00,0x00,0x00,0x00,0x00,0x00,0x00,0x00,0x00,0x00,0x00,0x00,
	0x00,0x00,0x00,0x00,0x00,0x00,0x00,0x00,0x00,0x00,0x00,0x00,0x00,0x00,0x00,0x00,
	0x00,0x00,0x00,0x00,0x00,0x00,0x00,0x00,0x00,0x00,0x00,0x00,0x00,0x00,0x00,0x00,
	0x00,0x00,0x00,0x00,0x00,0x01,0x00,0x00,0x00,0x00,0x00,0x00,0x00,0x00,0x00,0x00,
	0x00,0x00,0x00,0x00,0x00,0x00,0x00,0x00,0x00,0x00,0x00,0x00,0x00,0x00,0x00,0x00,
	0x00,0x00,0x00,0x00,0x00,0x00,0x00,0x00,0x00,0x00,0x00,0x00,0x00,0x00,0x00,0x00,
	0x00,0x00,0x00,0x00,0x00,0x00,0x00,0x00,0x00,0x00,0x00,0x00,0x00,0x00,0x00,0x00,
	0x00,0x00,0x00,0x00,0x03,0x02,0x00,0x00,0x00,0x00,0x00,0x00,0x00,0x00,0x00,0x00,
	0x00,0x00,0x00,0x00,0x00,0x00,0x00,0x00,0x00,0x00,0x00,0x00,0x12,0x41,0x00,0x01,
	0x00,0x00,0x00,0x00,0x00,0x00,0x00,0x00,0x00,0x00,0x00,0x00,0x00,0x00,0x00,0x00,
	0x00,0x00,0x00,0x00,0x00,0x00,0x00,0x00,0x04,0x2f,0xe5,0xdc,0xdb,0xfe,0x2b,0x9d,
	0x4f,0xa6,0x88,0x2c,0xac,0x8f,0x1a,0x6f,0xa5,0x5f,0xec,0x7a,0xf9,0x9c,0xc2,0xe2,
	0x84,0xec,0x75,0x1c,0x6f,0xa9,0x1f,0xe4,0x2e,0xf1,0x16,0xf9,0x79,0x18,0xcb,0x3f,
	0xb2,0x9b,0xa7,0x23,0x41,0xd9,0x7d,0x08,0x4e,0x39,0xd3,0x51,0x61,0xe6,0x8b,0xf4,
	0xe2,0xfb,0xdf,0x71,0xc7,0x5b,0x21,0xf8,0x00,0x00,0x00,0x40,0x00,0x00,0x00,0x00,
	0x00,0x00,0x00,0x00,0x00,0x00,0x00,0x00,0x00,0x00,0x00,0x00,0x00,0x00,0x00,0x00,
	0x00,0x00,0x00,0x00,0x00,0x00,0x00,0x00,0x00,0x00,0x00,0x00,0x00,0x00,0x00,0x00,
	0x04,0x02,0x00,0x00,0x00,0x00,0x00,0x00,0x00,0x00,0x00,0x00,0x00,0x00,0x00,0x00,
	0x00,0x00,0x00,0x00,0x00,0x00,0x00,0x00,0x00,0x00,0x00,0x00,0x00,0x00,0x00,0x00,
	0x00,0x00,0x00,0x00,0x00,0x00,0x00,0x00,0x00,0x00,0x00,0x00,0x00,0x00,0x00,0x00,
	0x00,0x00,0x00,0x00,0x00,0x00,0x00,0x00,0x00,0x00,0x00,0x00,0x00,0x00,0x00,0x00,
	0x04,0x02,0x00,0x00,0x00,0x00,0x00,0x00,0x00,0x00,0x00,0x00,0x00,0x00,0x00,0x00,
	0x00,0x00,0x00,0x00,0x00,0x00,0x00,0x00,0x00,0x00,0x00,0x00,0x00,0x00,0x00,0x00,
	0x00,0x00,0x00,0x00,0x00,0x00,0x00,0x00,0x00,0x00,0x00,0x00,0x00,0x00,0x00,0x00,
	0x00,0x00,0x00,0x00,0x00,0x00,0x00,0x00,0x00,0x00,0x00,0x00,0x00,0x00,0x00,0x00,
	0x00,0x01,0x00,0x00,0x00,0x00,0x00,0x00,0x00,0x00,0x00,0x00,0x00,0x00,0x00,0x00,
	0x00,0x00,0x00,0x00,0x00,0x00,0x00,0x00,0x00,0x00,0x00,0x00,0x00,0x00,0x00,0x00,
	0x00,0x00,0x00,0x00,0x00,0x00,0x00,0x00,0x00,0x00,0x00,0x00,0x00,0x00,0x00,0x00,
	0x00,0x00,0x00,0x00,0x00,0x00,0x00,0x00,0x00,0x00,0x00,0x00,0x00,0x00,0x00,0x00,
	0x00,0x01,0x00,0x00,0x00,0x00,0x00,0x00,0x00,0x00,0x00,0x00,0x00,0x00,0x00,0x00,
	0x00,0x00,0x00,0x00,0x00,0x00,0x00,0x00,0x00,0x00,0x00,0x00,0x00,0x00,0x00,0x00,
	0x00,0x00,0x00,0x00,0x00,0x00,0x00,0x00,0x00,0x00,0x00,0x00,0x00,0x00,0x00,0x00,
	0x00,0x00,0x00,0x00,0x00,0x00,0x00,0x00,0x00,0x00,0x00,0x00,0x00,0x00,0x00,0x00,
	0x00,0x01,0x00,0x00,0x00,0x00,0x00,0x00,0x00,0x00,0x00,0x00,0x00,0x00,0x00,0x00,
	0x00,0x00,0x00,0x00,0x00,0x00,0x00,0x00,0x00,0x00,0x00,0x00,0x00,0x00,0x00,0x00,
	0x00,0x00,0x00,0x00,0x00,0x00,0x00,0x00,0x00,0x00,0x00,0x00,0x00,0x00,0x00,0x00,
	0x00,0x00,0x00,0x00,0x00,0x00,0x00,0x00,0x00,0x00,0x00,0x00,0x00,0x00,0x00,0x00,
	0x00,0x01,0x00,0x00,0x00,0x00,0x00,0x00,0x00,0x00,0x00,0x00,0x00,0x00,0x00,0x00,
	0x00,0x00,0x00,0x00,0x00,0x00,0x00,0x00,0x00,0x00,0x00,0x00,0x00,0x00,0x00,0x00,
	0x00,0x00,0x00,0x00,0x00,0x00,0x00,0x00,0x00,0x00,0x00,0x00,0x00,0x00,0x00,0x00,
	0x00,0x00,0x00,0x00,0x00,0x00,0x00,0x00,0x00,0x00,0x00,0x00,0x00,0x00,0x00,0x00,
	0x03,0x02,0x00,0x00,0x00,0x00,0x00,0x00,0x00,0x00,0x00,0x00,0x00,0x00,0x00,0x00,
	0x00,0x00,0x00,0x00,0x00,0x00,0x00,0x00,0x12,0x41,0x00,0x01,0x00,0x00,0x00,0x00,
	0x00,0x00,0x00,0x00,0x00,0x00,0x00,0x00,0x00,0x00,0x00,0x00,0x00,0x00,0x00,0x00,
	0x00,0x00,0x00,0x00,0x04,0x2f,0xe5,0xdc,0xdb,0xfe,0x2b,0x9d,0x4f,0xa6,0x88,0x2c,
	0xac,0x8f,0x1a,0x6f,0xa5,0x5f,0xec,0x7a,0xf9,0x9c,0xc2,0xe2,0x84,0xec,0x75,0x1c,
	0x6f,0xa9,0x1f,0xe4,0x2e,0xf1,0x16,0xf9,0x79,0x18,0xcb,0x3f,0xb2,0x9b,0xa7,0x23,
	0x41,0xd9,0x7d,0x08,0x4e,0x39,0xd3,0x51,0x61,0xe6,0x8b,0xf4,0xe2,0xfb,0xdf,0x71,
	0xc7,0x5b,0x21,0xf8,0x00,0x00,0x00,0x40,0x00,0x00,0x00,0x00,0x00,0x00,0x00,0x00,
	0x00,0x00,0x00,0x00,0x00,0x00,0x00,0x00,0x00,0x00,0x00,0x00,0x00,0x00,0x00,0x00,
	0x00,0x00,0x00,0x00,0x00,0x00,0x00,0x00,0x00,0x00,0x00,0x00,0x04,0x02,0x00,0x00,
	0x00,0x00,0x00,0x00,0x00,0x00,0x00,0x00,0x00,0x00,0x00,0x00,0x00,0x00,0x00,0x00,
	0x00,0x00,0x00,0x00,0x00,0x00,0x00,0x00,0x00,0x00,0x00,0x00,0x00,0x00,0x00,0x00,
	0x00,0x00,0x00,0x00,0x00,0x00,0x00,0x00,0x00,0x00,0x00,0x00,0x00,0x00,0x00,0x00,
	0x00,0x00,0x00,0x00,0x00,0x00,0x00,0x00,0x00,0x00,0x00,0x00,0x04,0x02,0x00,0x00,
	0x00,0x00,0x00,0x00,0x00,0x00,0x00,0x00,0x00,0x00,0x00,0x00,0x00,0x00,0x00,0x00,
	0x00,0x00,0x00,0x00,0x00,0x00,0x00,0x00,0x00,0x00,0x00,0x00,0x00,0x00,0x00,0x00,
	0x00,0x00,0x00,0x00,0x00,0x00,0x00,0x00,0x00,0x00,0x00,0x00,0x00,0x00,0x00,0x00,
	0x00,0x00,0x00,0x00,0x00,0x00,0x00,0x00,0x00,0x00,0x00,0x00,0x00,0x01,0x00,0x00,
	0x00,0x00,0x00,0x00,0x00,0x00,0x00,0x00,0x00,0x00,0x00,0x00,0x00,0x00,0x00,0x00,
	0x00,0x00,0x00,0x00,0x00,0x00,0x00,0x00,0x00,0x00,0x00,0x00,0x00,0x00,0x00,0x00,
	0x00,0x00,0x00,0x00,0x00,0x00,0x00,0x00,0x00,0x00,0x00,0x00,0x00,0x00,0x00,0x00,
	0x00,0x00,0x00,0x00,0x00,0x00,0x00,0x00,0x00,0x00,0x00,0x00,0x00,0x01,0x00,0x00,
	0x00,0x00,0x00,0x00,0x00,0x00,0x00,0x00,0x00,0x00,0x00,0x00,0x00,0x00,0x00,0x00,
	0x00,0x00,0x00,0x00,0x00,0x00,0x00,0x00,0x00,0x00,0x00,0x00,0x00,0x00,0x00,0x00,
	0x00,0x00,0x00,0x00,0x00,0x00,0x00,0x00,0x00,0x00,0x00,0x00,0x00,0x00,0x00,0x00,
	0x00,0x00,0x00,0x00,0x00,0x00,0x00,0x00,0x00,0x00,0x00,0x00,0x00,0x01,0x00,0x00,
	0x00,0x00,0x00,0x00,0x00,0x00,0x00,0x00,0x00,0x00,0x00,0x00,0x00,0x00,0x00,0x00,
	0x00,0x00,0x00,0x00,0x00,0x00,0x00,0x00,0x00,0x00,0x00,0x00,0x00,0x00,0x00,0x00,
	0x00,0x00,0x00,0x00,0x00,0x00,0x00,0x00,0x00,0x00,0x00,0x00,0x00,0x00,0x00,0x00,
	0x00,0x00,0x00,0x00,0x00,0x00,0x00,0x00,0x00,0x00,0x00,0x00,0x00,0x01,0x00,0x00,
	0x00,0x00,0x00,0x00,0x00,0x00,0x00,0x00,0x00,0x00,0x00,0x00,0x00,0x00,0x00,0x00,
	0x00,0x00,0x00,0x00,0x00,0x00,0x00,0x00,0x00,0x00,0x00,0x00,0x00,0x00,0x00,0x00,
	0x00,0x00,0x00,0x00,0x00,0x00,0x00,0x00,0x00,0x00,0x00,0x00,0x00,0x00,0x00,0x00,
	0x00,0x00,0x00,0x00,0x00,0x00,0x00,0x00,0x00,0x00,0x00,0x00,0x03,0x02,0x00,0x00,
	0x00,0x00,0x00,0x00,0x00,0x00,0x00,0x00,0x00,0x00,0x00,0x00,0x00,0x00,0x00,0x00,
	0x00,0x00,0x00,0x00,0x12,0x41,0x00,0x01,0x00,0x00,0x00,0x00,0x00,0x00,0x00,0x00,
	0x00,0x00,0x00,0x00,0x00,0x00,0x00,0x00,0x00,0x00,0x00,0x00,0x00,0x00,0x00,0x00,
	0x04,0x2f,0xe5,0xdc,0xdb,0xfe,0x2b,0x9d,0x4f,0xa6,0x88,0x2c,0xac,0x8f,0x1a,0x6f,
	0xa5,0x5f,0xec,0x7a,0xf9,0x9c,0xc2,0xe2,0x84,0xec,0x75,0x1c,0x6f,0xa9,0x1f,0xe4,
	0x2e,0xf1,0x16,0xf9,0x79,0x18,0xcb,0x3f,0xb2,0x9b,0xa7,0x23,0x41,0xd9,0x7d,0x08,
	0x4e,0x39,0xd3,0x51,0x61,0xe6,0x8b,0xf4,0xe2,0xfb,0xdf,0x71,0xc7,0x5b,0x21,0xf8,
	0x00,0x00,0x00,0x40,0x00,0x00,0x00,0x00,0x00,0x00,0x00,0x00,0x00,0x00,0x00,0x00,
	0x00,0x00,0x00,0x00,0x00,0x00,0x00,0x00,0x00,0x00,0x00,0x00,0x00,0x00,0x00,0x00,
	0x00,0x00,0x00,0x00,0x00,0x00,0x00,0x00,0x04,0x02,0x00,0x00,0x00,0x00,0x00,0x00,
	0x00,0x00,0x00,0x00,0x00,0x00,0x00,0x00,0x00,0x00,0x00,0x00,0x00,0x00,0x00,0x00,
	0x00,0x00,0x00,0x00,0x00,0x00,0x00,0x00,0x00,0x00,0x00,0x00,0x00,0x00,0x00,0x00,
	0x00,0x00,0x00,0x00,0x00,0x00,0x00,0x00,0x00,0x00,0x00,0x00,0x00,0x00,0x00,0x00,
	0x00,0x00,0x00,0x00,0x00,0x00,0x00,0x00,0x04,0x02,0x00,0x00,0x00,0x00,0x00,0x00,
	0x00,0x00,0x00,0x00,0x00,0x00,0x00,0x00,0x00,0x00,0x00,0x00,0x00,0x00,0x00,0x00,
	0x00,0x00,0x00,0x00,0x00,0x00,0x00,0x00,0x00,0x00,0x00,0x00,0x00,0x00,0x00,0x00,
	0x00,0x00,0x00,0x00,0x00,0x00,0x00,0x00,0x00,0x00,0x00,0x00,0x00,0x00,0x00,0x00,
	0x00,0x00,0x00,0x00,0x00,0x00,0x00,0x00,0x00,0x01,0x00,0x00,0x00,0x00,0x00,0x00,
	0x00,0x00,0x00,0x00,0x00,0x00,0x00,0x00,0x00,0x00,0x00,0x00,0x00,0x00,0x00,0x00,
	0x00,0x00,0x00,0x00,0x00,0x00,0x00,0x00,0x00,0x00,0x00,0x00,0x00,0x00,0x00,0x00,
	0x00,0x00,0x00,0x00,0x00,0x00,0x00,0x00,0x00,0x00,0x00,0x00,0x00,0x00,0x00,0x00,
	0x00,0x00,0x00,0x00,0x00,0x00,0x00,0x00,0x00,0x01,0x00,0x00,0x00,0x00,0x00,0x00,
	0x00,0x00,0x00,0x00,0x00,0x00,0x00,0x00,0x00,0x00,0x00,0x00,0x00,0x00,0x00,0x00,
	0x00,0x00,0x00,0x00,0x00,0x00,0x00,0x00,0x00,0x00,0x00,0x00,0x00,0x00,0x00,0x00,
	0x00,0x00,0x00,0x00,0x00,0x00,0x00,0x00,0x00,0x00,0x00,0x00,0x00,0x00,0x00,0x00,
	0x00,0x00,0x00,0x00,0x00,0x00,0x00,0x00,0x00,0x01,0x00,0x00,0x00,0x00,0x00,0x00,
	0x00,0x00,0x00,0x00,0x00,0x00,0x00,0x00,0x00,0x00,0x00,0x00,0x00,0x00,0x00,0x00,
	0x00,0x00,0x00,0x00,0x00,0x00,0x00,0x00,0x00,0x00,0x00,0x00,0x00,0x00,0x00,0x00,
	0x00,0x00,0x00,0x00,0x00,0x00,0x00,0x00,0x00,0x00,0x00,0x00,0x00,0x00,0x00,0x00,
	0x00,0x00,0x00,0x00,0x00,0x00,0x00,0x00,0x00,0x01,0x00,0x00,0x00,0x00,0x00,0x00,
	0x00,0x00,0x00,0x00,0x00,0x00,0x00,0x00,0x00,0x00,0x00,0x00,0x00,0x00,0x00,0x00,
	0x00,0x00,0x00,0x00,0x00,0x00,0x00,0x00,0x00,0x00,0x00,0x00,0x00,0x00,0x00,0x00,
	0x00,0x00,0x00,0x00,0x00,0x00,0x00,0x00,0x00,0x00,0x00,0x00,0x00,0x00,0x00,0x00,
	0x00,0x00,0x00,0x00,0x00,0x00,0x00,0x00,0x03,0x02,0x00,0x00,0x00,0x00,0x00,0x00,
	0x00,0x00,0x00,0x00,0x00,0x00,0x00,0x00,0x00,0x00,0x00,0x00,0x00,0x00,0x00,0x00,
	0x12,0x41,0x00,0x01,0x00,0x00,0x00,0x00,0x00,0x00,0x00,0x00,0x00,0x00,0x00,0x00,
	0x00,0x00,0x00,0x00,0x00,0x00,0x00,0x00,0x00,0x00,0x00,0x00,0x04,0x2f,0xe5,0xdc,
	0xdb,0xfe,0x2b,0x9d,0x4f,0xa6,0x88,0x2c,0xac,0x8f,0x1a,0x6f,0xa5,0x5f,0xec,0x7a,
	0xf9,0x9c,0xc2,0xe2,0x84,0xec,0x75,0x1c,0x6f,0xa9,0x1f,0xe4,0x2e,0xf1,0x16,0xf9,
	0x79,0x18,0xcb,0x3f,0xb2,0x9b,0xa7,0x23,0x41,0xd9,0x7d,0x08,0x4e,0x39,0xd3,0x51,
	0x61,0xe6,0x8b,0xf4,0xe2,0xfb,0xdf,0x71,0xc7,0x5b,0x21,0xf8,0x00,0x00,0x00,0x40,
	0x00,0x00,0x00,0x00,0x00,0x00,0x00,0x00,0x00,0x00,0x00,0x00,0x00,0x00,0x00,0x00,
	0x00,0x00,0x00,0x00,0x00,0x00,0x00,0x00,0x00,0x00,0x00,0x00,0x00,0x00,0x00,0x00,
	0x00,0x00,0x00,0x00,0x04,0x02,0x00,0x00,0x00,0x00,0x00,0x00,0x00,0x00,0x00,0x00,
	0x00,0x00,0x00,0x00,0x00,0x00,0x00,0x00,0x00,0x00,0x00,0x00,0x00,0x00,0x00,0x00,
	0x00,0x00,0x00,0x00,0x00,0x00,0x00,0x00,0x00,0x00,0x00,0x00,0x00,0x00,0x00,0x00,
	0x00,0x00,0x00,0x00,0x00,0x00,0x00,0x00,0x00,0x00,0x00,0x00,0x00,0x00,0x00,0x00,
	0x00,0x00,0x00,0x00,0x04,0x02,0x00,0x00,0x00,0x00,0x00,0x00,0x00,0x00,0x00,0x00,
	0x00,0x00,0x00,0x00,0x00,0x00,0x00,0x00,0x00,0x00,0x00,0x00,0x00,0x00,0x00,0x00,
	0x00,0x00,0x00,0x00,0x00,0x00,0x00,0x00,0x00,0x00,0x00,0x00,0x00,0x00,0x00,0x00,
	0x00,0x00,0x00,0x00,0x00,0x00,0x00,0x00,0x00,0x00,0x00,0x00,0x00,0x00,0x00,0x00,
	0x00,0x00,0x00,0x00,0x00,0x01,0x00,0x00,0x00,0x00,0x00,0x00,0x00,0x00,0x00,0x00,
	0x00,0x00,0x00,0x00,0x00,0x00,0x00,0x00,0x00,0x00,0x00,0x00,0x00,0x00,0x00,0x00,
	0x00,0x00,0x00,0x00,0x00,0x00,0x00,0x00,0x00,0x00,0x00,0x00,0x00,0x00,0x00,0x00,
	0x00,0x00,0x00,0x00,0x00,0x00,0x00,0x00,0x00,0x00,0x00,0x00,0x00,0x00,0x00,0x00,
	0x00,0x00,0x00,0x00,0x00,0x01,0x00,0x00,0x00,0x00,0x00,0x00,0x00,0x00,0x00,0x00,
	0x00,0x00,0x00,0x00,0x00,0x00,0x00,0x00,0x00,0x00,0x00,0x00,0x00,0x00,0x00,0x00,
	0x00,0x00,0x00,0x00,0x00,0x00,0x00,0x00,0x00,0x00,0x00,0x00,0x00,0x00,0x00,0x00,
	0x00,0x00,0x00,0x00,0x00,0x00,0x00,0x00,0x00,0x00,0x00,0x00,0x00,0x00,0x00,0x00,
	0x00,0x00,0x00,0x00,0x00,0x01,0x00,0x00,0x00,0x00,0x00,0x00,0x00,0x00,0x00,0x00,
	0x00,0x00,0x00,0x00,0x00,0x00,0x00,0x00,0x00,0x00,0x00,0x00,0x00,0x00,0x00,0x00,
	0x00,0x00,0x00,0x00,0x00,0x00,0x00,0x00,0x00,0x00,0x00,0x00,0x00,0x00,0x00,0x00,
	0x00,0x00,0x00,0x00,0x00,0x00,0x00,0x00,0x00,0x00,0x00,0x00,0x00,0x00,0x00,0x00,
	0x00,0x00,0x00,0x00,0x00,0x01,0x00,0x00,0x00,0x00,0x00,0x00,0x00,0x00,0x00,0x00,
	0x00,0x00,0x00,0x00,0x00,0x00,0x00,0x00,0x00,0x00,0x00,0x00,0x00,0x00,0x00,0x00,
	0x00,0x00,0x00,0x00,0x00,0x00,0x00,0x00,0x00,0x00,0x00,0x00,0x00,0x00,0x00,0x00,
	0x00,0x00,0x00,0x00,0x00,0x00,0x00,0x00,0x00,0x00,0x00,0x00,0x00,0x00,0x00,0x00,
	0x00,0x00,0x00,0x00,0x03,0x02,0x00,0x00,0x00,0x00,0x00,0x00,0x00,0x00,0x00,0x00,
	0x00,0x00,0x00,0x00,0x00,0x00,0x00,0x00,0x00,0x00,0x00,0x00,0x12,0x41,0x00,0x01,
	0x00,0x00,0x00,0x00,0x00,0x00,0x00,0x00,0x00,0x00,0x00,0x00,0x00,0x00,0x00,0x00,
	0x00,0x00,0x00,0x00,0x00,0x00,0x00,0x00,0x04,0x2f,0xe5,0xdc,0xdb,0xfe,0x2b,0x9d,
	0x4f,0xa6,0x88,0x2c,0xac,0x8f,0x1a,0x6f,0xa5,0x5f,0xec,0x7a,0xf9,0x9c,0xc2,0xe2,
	0x84,0xec,0x75,0x1c,0x6f,0xa9,0x1f,0xe4,0x2e,0xf1,0x16,0xf9,0x79,0x18,0xcb,0x3f,
	0xb2,0x9b,0xa7,0x23,0x41,0xd9,0x7d,0x08,0x4e,0x39,0xd3,0x51,0x61,0xe6,0x8b,0xf4,
	0xe2,0xfb,0xdf,0x71,0xc7,0x5b,0x21,0xf8,0x00,0x00,0x00,0x40,0x00,0x00,0x00,0x00,
	0x00,0x00,0x00,0x00,0x00,0x00,0x00,0x00,0x00,0x00,0x00,0x00,0x00,0x00,0x00,0x00,
	0x00,0x00,0x00,0x00,0x00,0x00,0x00,0x00,0x00,0x00,0x00,0x00,0x00,0x00,0x00,0x00,
	0x04,0x02,0x00,0x00,0x00,0x00,0x00,0x00,0x00,0x00,0x00,0x00,0x00,0x00,0x00,0x00,
	0x00,0x00,0x00,0x00,0x00,0x00,0x00,0x00,0x00,0x00,0x00,0x00,0x00,0x00,0x00,0x00,
	0x00,0x00,0x00,0x00,0x00,0x00,0x00,0x00,0x00,0x00,0x00,0x00,0x00,0x00,0x00,0x00,
	0x00,0x00,0x00,0x00,0x00,0x00,0x00,0x00,0x00,0x00,0x00,0x00,0x00,0x00,0x00,0x00,
	0x04,0x02,0x00,0x00,0x00,0x00,0x00,0x00,0x00,0x00,0x00,0x00,0x00,0x00,0x00,0x00,
	0x00,0x00,0x00,0x00,0x00,0x00,0x00,0x00,0x00,0x00,0x00,0x00,0x00,0x00,0x00,0x00,
	0x00,0x00,0x00,0x00,0x00,0x00,0x00,0x00,0x00,0x00,0x00,0x00,0x00,0x00,0x00,0x00,
	0x00,0x00,0x00,0x00,0x00,0x00,0x00,0x00,0x00,0x00,0x00,0x00,0x00,0x00,0x00,0x00,
	0x00,0x01,0x00,0x00,0x00,0x00,0x00,0x00,0x00,0x00,0x00,0x00,0x00,0x00,0x00,0x00,
	0x00,0x00,0x00,0x00,0x00,0x00,0x00,0x00,0x00,0x00,0x00,0x00,0x00,0x00,0x00,0x00,
	0x00,0x00,0x00,0x00,0x00,0x00,0x00,0x00,0x00,0x00,0x00,0x00,0x00,0x00,0x00,0x00,
	0x00,0x00,0x00,0x00,0x00,0x00,0x00,0x00,0x00,0x00,0x00,0x00,0x00,0x00,0x00,0x00,
	0x00,0x01,0x00,0x00,0x00,0x00,0x00,0x00,0x00,0x00,0x00,0x00,0x00,0x00,0x00,0x00,
	0x00,0x00,0x00,0x00,0x00,0x00,0x00,0x00,0x00,0x00,0x00,0x00,0x00,0x00,0x00,0x00,
	0x00,0x00,0x00,0x00,0x00,0x00,0x00,0x00,0x00,0x00,0x00,0x00,0x00,0x00,0x00,0x00,
	0x00,0x00,0x00,0x00,0x00,0x00,0x00,0x00,0x00,0x00,0x00,0x00,0x00,0x00,0x00,0x00,
	0x00,0x01,0x00,0x00,0x00,0x00,0x00,0x00,0x00,0x00,0x00,0x00,0x00,0x00,0x00,0x00,
	0x00,0x00,0x00,0x00,0x00,0x00,0x00,0x00,0x00,0x00,0x00,0x00,0x00,0x00,0x00,0x00,
	0x00,0x00,0x00,0x00,0x00,0x00,0x00,0x00,0x00,0x00,0x00,0x00,0x00,0x00,0x00,0x00,
	0x00,0x00,0x00,0x00,0x00,0x00,0x00,0x00,0x00,0x00,0x00,0x00,0x00,0x00,0x00,0x00,
	0x00,0x01,0x00,0x00,0x00,0x00,0x00,0x00,0x00,0x00,0x00,0x00,0x00,0x00,0x00,0x00,
	0x00,0x00,0x00,0x00,0x00,0x00,0x00,0x00,0x00,0x00,0x00,0x00,0x00,0x00,0x00,0x00,
	0x00,0x00,0x00,0x00,0x00,0x00,0x00,0x00,0x00,0x00,0x00,0x00,0x00,0x00,0x00,0x00,
	0x00,0x00,0x00,0x00,0x00,0x00,0x00,0x00,0x00,0x00,0x00,0x00,0x00,0x00,0x00,0x00,
	0x03,0x02,0x00,0x00,0x00,0x00,0x00,0x00,0x00,0x00,0x00,0x00,0x00,0x00,0x00,0x00,
	0x00,0x00,0x00,0x00,0x00,0x00,0x00,0x00,0x12,0x41,0x00,0x01,0x00,0x00,0x00,0x00,
	0x00,0x00,0x00,0x00,0x00,0x00,0x00,0x00,0x00,0x00,0x00,0x00,0x00,0x00,0x00,0x00,
	0x00,0x00,0x00,0x00,0x04,0x2f,0xe5,0xdc,0xdb,0xfe,0x2b,0x9d,0x4f,0xa6,0x88,0x2c,
	0xac,0x8f,0x1a,0x6f,0xa5,0x5f,0xec,0x7a,0xf9,0x9c,0xc2,0xe2,0x84,0xec,0x75,0x1c,
	0x6f,0xa9,0x1f,0xe4,0x2e,0xf1,0x16,0xf9,0x79,0x18,0xcb,0x3f,0xb2,0x9b,0xa7,0x23,
	0x41,0xd9,0x7d,0x08,0x4e,0x39,0xd3,0x51,0x61,0xe6,0x8b,0xf4,0xe2,0xfb,0xdf,0x71,
	0xc7,0x5b,0x21,0xf8,0x00,0x00,0x00,0x40,0x00,0x00,0x00,0x00,0x00,0x00,0x00,0x00,
	0x00,0x00,0x00,0x00,0x00,0x00,0x00,0x00,0x00,0x00,0x00,0x00,0x00,0x00,0x00,0x00,
	0x00,0x00,0x00,0x00,0x00,0x00,0x00,0x00,0x00,0x00,0x00,0x00,0x04,0x02,0x00,0x00,
	0x00,0x00,0x00,0x00,0x00,0x00,0x00,0x00,0x00,0x00,0x00,0x00,0x00,0x00,0x00,0x00,
	0x00,0x00,0x00,0x00,0x00,0x00,0x00,0x00,0x00,0x00,0x00,0x00,0x00,0x00,0x00,0x00,
	0x00,0x00,0x00,0x00,0x00,0x00,0x00,0x00,0x00,0x00,0x00,0x00,0x00,0x00,0x00,0x00,
	0x00,0x00,0x00,0x00,0x00,0x00,0x00,0x00,0x00,0x00,0x00,0x00,0x04,0x02,0x00,0x00,
	0x00,0x00,0x00,0x00,0x00,0x00,0x00,0x00,0x00,0x00,0x00,0x00,0x00,0x00,0x00,0x00,
	0x00,0x00,0x00,0x00,0x00,0x00,0x00,0x00,0x00,0x00,0x00,0x00,0x00,0x00,0x00,0x00,
	0x00,0x00,0x00,0x00,0x00,0x00,0x00,0x00,0x00,0x00,0x00,0x00,0x00,0x00,0x00,0x00,
	0x00,0x00,0x00,0x00,0x00,0x00,0x00,0x00,0x00,0x00,0x00,0x00,0x00,0x01,0x00,0x00,
	0x00,0x00,0x00,0x00,0x00,0x00,0x00,0x00,0x00,0x00,0x00,0x00,0x00,0x00,0x00,0x00,
	0x00,0x00,0x00,0x00,0x00,0x00,0x00,0x00,0x00,0x00,0x00,0x00,0x00,0x00,0x00,0x00,
	0x00,0x00,0x00,0x00,0x00,0x00,0x00,0x00,0x00,0x00,0x00,0x00,0x00,0x00,0x00,0x00,
	0x00,0x00,0x00,0x00,0x00,0x00,0x00,0x00,0x00,0x00,0x00,0x00,0x00,0x01,0x00,0x00,
	0x00,0x00,0x00,0x00,0x00,0x00,0x00,0x00,0x00,0x00,0x00,0x00,0x00,0x00,0x00,0x00,
	0x00,0x00,0x00,0x00,0x00,0x00,0x00,0x00,0x00,0x00,0x00,0x00,0x00,0x00,0x00,0x00,
	0x00,0x00,0x00,0x00,0x00,0x00,0x00,0x00,0x00,0x00,0x00,0x00,0x00,0x00,0x00,0x00,
	0x00,0x00,0x00,0x00,0x00,0x00,0x00,0x00,0x00,0x00,0x00,0x00,0x00,0x01,0x00,0x00,
	0x00,0x00,0x00,0x00,0x00,0x00,0x00,0x00,0x00,0x00,0x00,0x00,0x00,0x00,0x00,0x00,
	0x00,0x00,0x00,0x00,0x00,0x00,0x00,0x00,0x00,0x00,0x00,0x00,0x00,0x00,0x00,0x00,
	0x00,0x00,0x00,0x00,0x00,0x00,0x00,0x00,0x00,0x00,0x00,0x00,0x00,0x00,0x00,0x00,
	0x00,0x00,0x00,0x00,0x00,0x00,0x00,0x00,0x00,0x00,0x00,0x00,0x00,0x01,0x00,0x00,
	0x00,0x00,0x00,0x00,0x00,0x00,0x00,0x00,0x00,0x00,0x00,0x00,0x00,0x00,0x00,0x00,
	0x00,0x00,0x00,0x00,0x00,0x00,0x00,0x00,0x00,0x00,0x00,0x00,0x00,0x00,0x00,0x00,
	0x00,0x00,0x00,0x00,0x00,0x00,0x00,0x00,0x00,0x00,0x00,0x00,0x00,0x00,0x00,0x00,
	0x00,0x00,0x00,0x00,0x00,0x00,0x00,0x00,0x00,0x00,0x00,0x00,0x03,0x02,0x00,0x00,
	0x00,0x00,0x00,0x00,0x00,0x00,0x00,0x00,0x00,0x00,0x00,0x00,0x00,0x00,0x00,0x00,
	0x00,0x00,0x00,0x00,0x12,0x41,0x00,0x01,0x00,0x00,0x00,0x00,0x00,0x00,0x00,0x00,
	0x00,0x00,0x00,0x00,0x00,0x00,0x00,0x00,0x00,0x00,0x00,0x00,0x00,0x00,0x00,0x00,
	0x04,0x2f,0xe5,0xdc,0xdb,0xfe,0x2b,0x9d,0x4f,0xa6,0x88,0x2c,0xac,0x8f,0x1a,0x6f,
	0xa5,0x5f,0xec,0x7a,0xf9,0x9c,0xc2,0xe2,0x84,0xec,0x75,0x1c,0x6f,0xa9,0x1f,0xe4,
	0x2e,0xf1,0x16,0xf9,0x79,0x18,0xcb,0x3f,0xb2,0x9b,0xa7,0x23,0x41,0xd9,0x7d,0x08,
	0x4e,0x39,0xd3,0x51,0x61,0xe6,0x8b,0xf4,0xe2,0xfb,0xdf,0x71,0xc7,0x5b,0x21,0xf8,
	0x00,0x00,0x00,0x40,0x00,0x00,0x00,0x00,0x00,0x00,0x00,0x00,0x00,0x00,0x00,0x00,
	0x00,0x00,0x00,0x00,0x00,0x00,0x00,0x00,0x00,0x00,0x00,0x00,0x00,0x00,0x00,0x00,
	0x00,0x00,0x00,0x00,0x00,0x00,0x00,0x00,0x04,0x02,0x00,0x00,0x00,0x00,0x00,0x00,
	0x00,0x00,0x00,0x00,0x00,0x00,0x00,0x00,0x00,0x00,0x00,0x00,0x00,0x00,0x00,0x00,
	0x00,0x00,0x00,0x00,0x00,0x00,0x00,0x00,0x00,0x00,0x00,0x00,0x00,0x00,0x00,0x00,
	0x00,0x00,0x00,0x00,0x00,0x00,0x00,0x00,0x00,0x00,0x00,0x00,0x00,0x00,0x00,0x00,
	0x00,0x00,0x00,0x00,0x00,0x00,0x00,0x00,0x04,0x02,0x00,0x00,0x00,0x00,0x00,0x00,
	0x00,0x00,0x00,0x00,0x00,0x00,0x00,0x00,0x00,0x00,0x00,0x00,0x00,0x00,0x00,0x00,
	0x00,0x00,0x00,0x00,0x00,0x00,0x00,0x00,0x00,0x00,0x00,0x00,0x00,0x00,0x00,0x00,
	0x00,0x00,0x00,0x00,0x00,0x00,0x00,0x00,0x00,0x00,0x00,0x00,0x00,0x00,0x00,0x00,
	0x00,0x00,0x00,0x00,0x00,0x00,0x00,0x00,0x00,0x01,0x00,0x00,0x00,0x00,0x00,0x00,
	0x00,0x00,0x00,0x00,0x00,0x00,0x00,0x00,0x00,0x00,0x00,0x00,0x00,0x00,0x00,0x00,
	0x00,0x00,0x00,0x00,0x00,0x00,0x00,0x00,0x00,0x00,0x00,0x00,0x00,0x00,0x00,0x00,
	0x00,0x00,0x00,0x00,0x00,0x00,0x00,0x00,0x00,0x00,0x00,0x00,0x00,0x00,0x00,0x00,
	0x00,0x00,0x00,0x00,0x00,0x00,0x00,0x00,0x00,0x01,0x00,0x00,0x00,0x00,0x00,0x00,
	0x00,0x00,0x00,0x00,0x00,0x00,0x00,0x00,0x00,0x00,0x00,0x00,0x00,0x00,0x00,0x00,
	0x00,0x00,0x00,0x00,0x00,0x00,0x00,0x00,0x00,0x00,0x00,0x00,0x00,0x00,0x00,0x00,
	0x00,0x00,0x00,0x00,0x00,0x00,0x00,0x00,0x00,0x00,0x00,0x00,0x00,0x00,0x00,0x00,
	0x00,0x00,0x00,0x00,0x00,0x00,0x00,0x00,0x00,0x01,0x00,0x00,0x00,0x00,0x00,0x00,
	0x00,0x00,0x00,0x00,0x00,0x00,0x00,0x00,0x00,0x00,0x00,0x00,0x00,0x00,0x00,0x00,
	0x00,0x00,0x00,0x00,0x00,0x00,0x00,0x00,0x00,0x00,0x00,0x00,0x00,0x00,0x00,0x00,
	0x00,0x00,0x00,0x00,0x00,0x00,0x00,0x00,0x00,0x00,0x00,0x00,0x00,0x00,0x00,0x00,
	0x00,0x00,0x00,0x00,0x00,0x00,0x00,0x00,0x00,0x01,0x00,0x00,0x00,0x00,0x00,0x00,
	0x00,0x00,0x00,0x00,0x00,0x00,0x00,0x00,0x00,0x00,0x00,0x00,0x00,0x00,0x00,0x00,
	0x00,0x00,0x00,0x00,0x00,0x00,0x00,0x00,0x00,0x00,0x00,0x00,0x00,0x00,0x00,0x00,
	0x00,0x00,0x00,0x00,0x00,0x00,0x00,0x00,0x00,0x00,0x00,0x00,0x00,0x00,0x00,0x00,
	0x00,0x00,0x00,0x00,0x00,0x00,0x00,0x00,0x03,0x02,0x00,0x00,0x00,0x00,0x00,0x00,
	0x00,0x00,0x00,0x00,0x00,0x00,0x00,0x00,0x00,0x00,0x00,0x00,0x00,0x00,0x00,0x00,
	0x12,0x41,0x00,0x01,0x00,0x00,0x00,0x00,0x00,0x00,0x00,0x00,0x00,0x00,0x00,0x00,
	0x00,0x00,0x00,0x00,0x00,0x00,0x00,0x00,0x00,0x00,0x00,0x00,0x04,0x2f,0xe5,0xdc,
	0xdb,0xfe,0x2b,0x9d,0x4f,0xa6,0x88,0x2c,0xac,0x8f,0x1a,0x6f,0xa5,0x5f,0xec,0x7a,
	0xf9,0x9c,0xc2,0xe2,0x84,0xec,0x75,0x1c,0x6f,0xa9,0x1f,0xe4,0x2e,0xf1,0x16,0xf9,
	0x79,0x18,0xcb,0x3f,0xb2,0x9b,0xa7,0x23,0x41,0xd9,0x7d,0x08,0x4e,0x39,0xd3,0x51,
	0x61,0xe6,0x8b,0xf4,0xe2,0xfb,0xdf,0x71,0xc7,0x5b,0x21,0xf8,0x00,0x00,0x00,0x40,
	0x00,0x00,0x00,0x00,0x00,0x00,0x00,0x00,0x00,0x00,0x00,0x00,0x00,0x00,0x00,0x00,
	0x00,0x00,0x00,0x00,0x00,0x00,0x00,0x00,0x00,0x00,0x00,0x00,0x00,0x00,0x00,0x00,
	0x00,0x00,0x00,0x00,0x04,0x02,0x00,0x00,0x00,0x00,0x00,0x00,0x00,0x00,0x00,0x00,
	0x00,0x00,0x00,0x00,0x00,0x00,0x00,0x00,0x00,0x00,0x00,0x00,0x00,0x00,0x00,0x00,
	0x00,0x00,0x00,0x00,0x00,0x00,0x00,0x00,0x00,0x00,0x00,0x00,0x00,0x00,0x00,0x00,
	0x00,0x00,0x00,0x00,0x00,0x00,0x00,0x00,0x00,0x00,0x00,0x00,0x00,0x00,0x00,0x00,
	0x00,0x00,0x00,0x00,0x04,0x02,0x00,0x00,0x00,0x00,0x00,0x00,0x00,0x00,0x00,0x00,
	0x00,0x00,0x00,0x00,0x00,0x00,0x00,0x00,0x00,0x00,0x00,0x00,0x00,0x00,0x00,0x00,
	0x00,0x00,0x00,0x00,0x00,0x00,0x00,0x00,0x00,0x00,0x00,0x00,0x00,0x00,0x00,0x00,
	0x00,0x00,0x00,0x00,0x00,0x00,0x00,0x00,0x00,0x00,0x00,0x00,0x00,0x00,0x00,0x00,
	0x00,0x00,0x00,0x00,0x00,0x01,0x00,0x00,0x00,0x00,0x00,0x00,0x00,0x00,0x00,0x00,
	0x00,0x00,0x00,0x00,0x00,0x00,0x00,0x00,0x00,0x00,0x00,0x00,0x00,0x00,0x00,0x00,
	0x00,0x00,0x00,0x00,0x00,0x00,0x00,0x00,0x00,0x00,0x00,0x00,0x00,0x00,0x00,0x00,
	0x00,0x00,0x00,0x00,0x00,0x00,0x00,0x00,0x00,0x00,0x00,0x00,0x00,0x00,0x00,0x00,
	0x00,0x00,0x00,0x00,0x00,0x01,0x00,0x00,0x00,0x00,0x00,0x00,0x00,0x00,0x00,0x00,
	0x00,0x00,0x00,0x00,0x00,0x00,0x00,0x00,0x00,0x00,0x00,0x00,0x00,0x00,0x00,0x00,
	0x00,0x00,0x00,0x00,0x00,0x00,0x00,0x00,0x00,0x00,0x00,0x00,0x00,0x00,0x00,0x00,
	0x00,0x00,0x00,0x00,0x00,0x00,0x00,0x00,0x00,0x00,0x00,0x00,0x00,0x00,0x00,0x00,
	0x00,0x00,0x00,0x00,0x00,0x01,0x00,0x00,0x00,0x00,0x00,0x00,0x00,0x00,0x00,0x00,
	0x00,0x00,0x00,0x00,0x00,0x00,0x00,0x00,0x00,0x00,0x00,0x00,0x00,0x00,0x00,0x00,
	0x00,0x00,0x00,0x00,0x00,0x00,0x00,0x00,0x00,0x00,0x00,0x00,0x00,0x00,0x00,0x00,
	0x00,0x00,0x00,0x00,0x00,0x00,0x00,0x00,0x00,0x00,0x00,0x00,0x00,0x00,0x00,0x00,
	0x00,0x00,0x00,0x00,0x00,0x01,0x00,0x00,0x00,0x00,0x00,0x00,0x00,0x00,0x00,0x00,
	0x00,0x00,0x00,0x00,0x00,0x00,0x00,0x00,0x00,0x00,0x00,0x00,0x00,0x00,0x00,0x00,
	0x00,0x00,0x00,0x00,0x00,0x00,0x00,0x00,0x00,0x00,0x00,0x00,0x00,0x00,0x00,0x00,
	0x00,0x00,0x00,0x00,0x00,0x00,0x00,0x00,0x00,0x00,0x00,0x00,0x00,0x00,0x00,0x00,
	0x00,0x00,0x00,0x00,0x03,0x02,0x00,0x00,0x00,0x00,0x00,0x00,0x00,0x00,0x00,0x00,
	0x00,0x00,0x00,0x00,0x00,0x00,0x00,0x00,0x00,0x00,0x00,0x00,0x12,0x41,0x00,0x01,
	0x00,0x00,0x00,0x00,0x00,0x00,0x00,0x00,0x00,0x00,0x00,0x00,0x00,0x00,0x00,0x00,
	0x00,0x00,0x00,0x00,0x00,0x00,0x00,0x00,0x04,0x2f,0xe5,0xdc,0xdb,0xfe,0x2b,0x9d,
	0x4f,0xa6,0x88,0x2c,0xac,0x8f,0x1a,0x6f,0xa5,0x5f,0xec,0x7a,0xf9,0x9c,0xc2,0xe2,
	0x84,0xec,0x75,0x1c,0x6f,0xa9,0x1f,0xe4,0x2e,0xf1,0x16,0xf9,0x79,0x18,0xcb,0x3f,
	0xb2,0x9b,0xa7,0x23,0x41,0xd9,0x7d,0x08,0x4e,0x39,0xd3,0x51,0x61,0xe6,0x8b,0xf4,
	0xe2,0xfb,0xdf,0x71,0xc7,0x5b,0x21,0xf8,0x00,0x00,0x00,0x40,0x00,0x00,0x00,0x00,
	0x00,0x00,0x00,0x00,0x00,0x00,0x00,0x00,0x00,0x00,0x00,0x00,0x00,0x00,0x00,0x00,
	0x00,0x00,0x00,0x00,0x00,0x00,0x00,0x00,0x00,0x00,0x00,0x00,0x00,0x00,0x00,0x00,
	0x04,0x02,0x00,0x00,0x00,0x00,0x00,0x00,0x00,0x00,0x00,0x00,0x00,0x00,0x00,0x00,
	0x00,0x00,0x00,0x00,0x00,0x00,0x00,0x00,0x00,0x00,0x00,0x00,0x00,0x00,0x00,0x00,
	0x00,0x00,0x00,0x00,0x00,0x00,0x00,0x00,0x00,0x00,0x00,0x00,0x00,0x00,0x00,0x00,
	0x00,0x00,0x00,0x00,0x00,0x00,0x00,0x00,0x00,0x00,0x00,0x00,0x00,0x00,0x00,0x00,
	0x04,0x02,0x00,0x00,0x00,0x00,0x00,0x00,0x00,0x00,0x00,0x00,0x00,0x00,0x00,0x00,
	0x00,0x00,0x00,0x00,0x00,0x00,0x00,0x00,0x00,0x00,0x00,0x00,0x00,0x00,0x00,0x00,
	0x00,0x00,0x00,0x00,0x00,0x00,0x00,0x00,0x00,0x00,0x00,0x00,0x00,0x00,0x00,0x00,
	0x00,0x00,0x00,0x00,0x00,0x00,0x00,0x00,0x00,0x00,0x00,0x00,0x00,0x00,0x00,0x00,
	0x00,0x01,0x00,0x00,0x00,0x00,0x00,0x00,0x00,0x00,0x00,0x00,0x00,0x00,0x00,0x00,
	0x00,0x00,0x00,0x00,0x00,0x00,0x00,0x00,0x00,0x00,0x00,0x00,0x00,0x00,0x00,0x00,
	0x00,0x00,0x00,0x00,0x00,0x00,0x00,0x00,0x00,0x00,0x00,0x00,0x00,0x00,0x00,0x00,
	0x00,0x00,0x00,0x00,0x00,0x00,0x00,0x00,0x00,0x00,0x00,0x00,0x00,0x00,0x00,0x00,
	0x00,0x01,0x00,0x00,0x00,0x00,0x00,0x00,0x00,0x00,0x00,0x00,0x00,0x00,0x00,0x00,
	0x00,0x00,0x00,0x00,0x00,0x00,0x00,0x00,0x00,0x00,0x00,0x00,0x00,0x00,0x00,0x00,
	0x00,0x00,0x00,0x00,0x00,0x00,0x00,0x00,0x00,0x00,0x00,0x00,0x00,0x00,0x00,0x00,
	0x00,0x00,0x00,0x00,0x00,0x00,0x00,0x00,0x00,0x00,0x00,0x00,0x00,0x00,0x00,0x00,
	0x00,0x01,0x00,0x00,0x00,0x00,0x00,0x00,0x00,0x00,0x00,0x00,0x00,0x00,0x00,0x00,
	0x00,0x00,0x00,0x00,0x00,0x00,0x00,0x00,0x00,0x00,0x00,0x00,0x00,0x00,0x00,0x00,
	0x00,0x00,0x00,0x00,0x00,0x00,0x00,0x00,0x00,0x00,0x00,0x00,0x00,0x00,0x00,0x00,
	0x00,0x00,0x00,0x00,0x00,0x00,0x00,0x00,0x00,0x00,0x00,0x00,0x00,0x00,0x00,0x00,
	0x00,0x01,0x00,0x00,0x00,0x00,0x00,0x00,0x00,0x00,0x00,0x00,0x00,0x00,0x00,0x00,
	0x00,0x00,0x00,0x00,0x00,0x00,0x00,0x00,0x00,0x00,0x00,0x00,0x00,0x00,0x00,0x00,
	0x00,0x00,0x00,0x00,0x00,0x00,0x00,0x00,0x00,0x00,0x00,0x00,0x00,0x00,0x00,0x00,
	0x00,0x00,0x00,0x00,0x00,0x00,0x00,0x00,0x00,0x00,0x00,0x00,0x00,0x00,0x00,0x00,
	0x03,0x02,0x00,0x00,0x00,0x00,0x00,0x00,0x00,0x00,0x00,0x00,0x00,0x00,0x00,0x00,
	0x00,0x00,0x00,0x00,0x00,0x00,0x00,0x00,0x12,0x41,0x00,0x01,0x00,0x00,0x00,0x00,
	0x00,0x00,0x00,0x00,0x00,0x00,0x00,0x00,0x00,0x00,0x00,0x00,0x00,0x00,0x00,0x00,
	0x00,0x00,0x00,0x00,0x04,0x2f,0xe5,0xdc,0xdb,0xfe,0x2b,0x9d,0x4f,0xa6,0x88,0x2c,
	0xac,0x8f,0x1a,0x6f,0xa5,0x5f,0xec,0x7a,0xf9,0x9c,0xc2,0xe2,0x84,0xec,0x75,0x1c,
	0x6f,0xa9,0x1f,0xe4,0x2e,0xf1,0x16,0xf9,0x79,0x18,0xcb,0x3f,0xb2,0x9b,0xa7,0x23,
	0x41,0xd9,0x7d,0x08,0x4e,0x39,0xd3,0x51,0x61,0xe6,0x8b,0xf4,0xe2,0xfb,0xdf,0x71,
	0xc7,0x5b,0x21,0xf8,0x00,0x00,0x00,0x40,0x00,0x00,0x00,0x00,0x00,0x00,0x00,0x00,
	0x00,0x00,0x00,0x00,0x00,0x00,0x00,0x00,0x00,0x00,0x00,0x00,0x00,0x00,0x00,0x00,
	0x00,0x00,0x00,0x00,0x00,0x00,0x00,0x00,0x00,0x00,0x00,0x00,0x04,0x02,0x00,0x00,
	0x00,0x00,0x00,0x00,0x00,0x00,0x00,0x00,0x00,0x00,0x00,0x00,0x00,0x00,0x00,0x00,
	0x00,0x00,0x00,0x00,0x00,0x00,0x00,0x00,0x00,0x00,0x00,0x00,0x00,0x00,0x00,0x00,
	0x00,0x00,0x00,0x00,0x00,0x00,0x00,0x00,0x00,0x00,0x00,0x00,0x00,0x00,0x00,0x00,
	0x00,0x00,0x00,0x00,0x00,0x00,0x00,0x00,0x00,0x00,0x00,0x00,0x04,0x02,0x00,0x00,
	0x00,0x00,0x00,0x00,0x00,0x00,0x00,0x00,0x00,0x00,0x00,0x00,0x00,0x00,0x00,0x00,
	0x00,0x00,0x00,0x00,0x00,0x00,0x00,0x00,0x00,0x00,0x00,0x00,0x00,0x00,0x00,0x00,
	0x00,0x00,0x00,0x00,0x00,0x00,0x00,0x00,0x00,0x00,0x00,0x00,0x00,0x00,0x00,0x00,
	0x00,0x00,0x00,0x00,0x00,0x00,0x00,0x00,0x00,0x00,0x00,0x00,0x00,0x01,0x00,0x00,
	0x00,0x00,0x00,0x00,0x00,0x00,0x00,0x00,0x00,0x00,0x00,0x00,0x00,0x00,0x00,0x00,
	0x00,0x00,0x00,0x00,0x00,0x00,0x00,0x00,0x00,0x00,0x00,0x00,0x00,0x00,0x00,0x00,
	0x00,0x00,0x00,0x00,0x00,0x00,0x00,0x00,0x00,0x00,0x00,0x00,0x00,0x00,0x00,0x00,
	0x00,0x00,0x00,0x00,0x00,0x00,0x00,0x00,0x00,0x00,0x00,0x00,0x00,0x01,0x00,0x00,
	0x00,0x00,0x00,0x00,0x00,0x00,0x00,0x00,0x00,0x00,0x00,0x00,0x00,0x00,0x00,0x00,
	0x00,0x00,0x00,0x00,0x00,0x00,0x00,0x00,0x00,0x00,0x00,0x00,0x00,0x00,0x00,0x00,
	0x00,0x00,0x00,0x00,0x00,0x00,0x00,0x00,0x00,0x00,0x00,0x00,0x00,0x00,0x00,0x00,
	0x00,0x00,0x00,0x00,0x00,0x00,0x00,0x00,0x00,0x00,0x00,0x00,0x00,0x01,0x00,0x00,
	0x00,0x00,0x00,0x00,0x00,0x00,0x00,0x00,0x00,0x00,0x00,0x00,0x00,0x00,0x00,0x00,
	0x00,0x00,0x00,0x00,0x00,0x00,0x00,0x00,0x00,0x00,0x00,0x00,0x00,0x00,0x00,0x00,
	0x00,0x00,0x00,0x00,0x00,0x00,0x00,0x00,0x00,0x00,0x00,0x00,0x00,0x00,0x00,0x00,
	0x00,0x00,0x00,0x00,0x00,0x00,0x00,0x00,0x00,0x00,0x00,0x00,0x00,0x01,0x00,0x00,
	0x00,0x00,0x00,0x00,0x00,0x00,0x00,0x00,0x00,0x00,0x00,0x00,0x00,0x00,0x00,0x00,
	0x00,0x00,0x00,0x00,0x00,0x00,0x00,0x00,0x00,0x00,0x00,0x00,0x00,0x00,0x00,0x00,
	0x00,0x00,0x00,0x00,0x00,0x00,0x00,0x00,0x00,0x00,0x00,0x00,0x00,0x00,0x00,0x00,
	0x00,0x00,0x00,0x00,0x00,0x00,0x00,0x00,0x00,0x00,0x00,0x00,0x03,0x02,0x00,0x00,
	0x00,0x00,0x00,0x00,0x00,0x00,0x00,0x00,0x00,0x00,0x00,0x00,0x00,0x00,0x00,0x00,
	0x00,0x00,0x00,0x00,0x12,0x41,0x00,0x01,0x00,0x00,0x00,0x00,0x00,0x00,0x00,0x00,
	0x00,0x00,0x00,0x00,0x00,0x00,0x00,0x00,0x00,0x00,0x00,0x00,0x00,0x00,0x00,0x00,
	0x04,0x2f,0xe5,0xdc,0xdb,0xfe,0x2b,0x9d,0x4f,0xa6,0x88,0x2c,0xac,0x8f,0x1a,0x6f,
	0xa5,0x5f,0xec,0x7a,0xf9,0x9c,0xc2,0xe2,0x84,0xec,0x75,0x1c,0x6f,0xa9,0x1f,0xe4,
	0x2e,0xf1,0x16,0xf9,0x79,0x18,0xcb,0x3f,0xb2,0x9b,0xa7,0x23,0x41,0xd9,0x7d,0x08,
	0x4e,0x39,0xd3,0x51,0x61,0xe6,0x8b,0xf4,0xe2,0xfb,0xdf,0x71,0xc7,0x5b,0x21,0xf8,
	0x00,0x00,0x00,0x40,0x00,0x00,0x00,0x00,0x00,0x00,0x00,0x00,0x00,0x00,0x00,0x00,
	0x00,0x00,0x00,0x00,0x00,0x00,0x00,0x00,0x00,0x00,0x00,0x00,0x00,0x00,0x00,0x00,
	0x00,0x00,0x00,0x00,0x00,0x00,0x00,0x00,0x04,0x02,0x00,0x00,0x00,0x00,0x00,0x00,
	0x00,0x00,0x00,0x00,0x00,0x00,0x00,0x00,0x00,0x00,0x00,0x00,0x00,0x00,0x00,0x00,
	0x00,0x00,0x00,0x00,0x00,0x00,0x00,0x00,0x00,0x00,0x00,0x00,0x00,0x00,0x00,0x00,
	0x00,0x00,0x00,0x00,0x00,0x00,0x00,0x00,0x00,0x00,0x00,0x00,0x00,0x00,0x00,0x00,
	0x00,0x00,0x00,0x00,0x00,0x00,0x00,0x00,0x04,0x02,0x00,0x00,0x00,0x00,0x00,0x00,
	0x00,0x00,0x00,0x00,0x00,0x00,0x00,0x00,0x00,0x00,0x00,0x00,0x00,0x00,0x00,0x00,
	0x00,0x00,0x00,0x00,0x00,0x00,0x00,0x00,0x00,0x00,0x00,0x00,0x00,0x00,0x00,0x00,
	0x00,0x00,0x00,0x00,0x00,0x00,0x00,0x00,0x00,0x00,0x00,0x00,0x00,0x00,0x00,0x00,
	0x00,0x00,0x00,0x00,0x00,0x00,0x00,0x00,0x00,0x01,0x00,0x00,0x00,0x00,0x00,0x00,
	0x00,0x00,0x00,0x00,0x00,0x00,0x00,0x00,0x00,0x00,0x00,0x00,0x00,0x00,0x00,0x00,
	0x00,0x00,0x00,0x00,0x00,0x00,0x00,0x00,0x00,0x00,0x00,0x00,0x00,0x00,0x00,0x00,
	0x00,0x00,0x00,0x00,0x00,0x00,0x00,0x00,0x00,0x00,0x00,0x00,0x00,0x00,0x00,0x00,
	0x00,0x00,0x00,0x00,0x00,0x00,0x00,0x00,0x00,0x01,0x00,0x00,0x00,0x00,0x00,0x00,
	0x00,0x00,0x00,0x00,0x00,0x00,0x00,0x00,0x00,0x00,0x00,0x00,0x00,0x00,0x00,0x00,
	0x00,0x00,0x00,0x00,0x00,0x00,0x00,0x00,0x00,0x00,0x00,0x00,0x00,0x00,0x00,0x00,
	0x00,0x00,0x00,0x00,0x00,0x00,0x00,0x00,0x00,0x00,0x00,0x00,0x00,0x00,0x00,0x00,
	0x00,0x00,0x00,0x00,0x00,0x00,0x00,0x00,0x00,0x01,0x00,0x00,0x00,0x00,0x00,0x00,
	0x00,0x00,0x00,0x00,0x00,0x00,0x00,0x00,0x00,0x00,0x00,0x00,0x00,0x00,0x00,0x00,
	0x00,0x00,0x00,0x00,0x00,0x00,0x00,0x00,0x00,0x00,0x00,0x00,0x00,0x00,0x00,0x00,
	0x00,0x00,0x00,0x00,0x00,0x00,0x00,0x00,0x00,0x00,0x00,0x00,0x00,0x00,0x00,0x00,
	0x00,0x00,0x00,0x00,0x00,0x00,0x00,0x00,0x00,0x01,0x00,0x00,0x00,0x00,0x00,0x00,
	0x00,0x00,0x00,0x00,0x00,0x00,0x00,0x00,0x00,0x00,0x00,0x00,0x00,0x00,0x00,0x00,
	0x00,0x00,0x00,0x00,0x00,0x00,0x00,0x00,0x00,0x00,0x00,0x00,0x00,0x00,0x00,0x00,
	0x00,0x00,0x00,0x00,0x00,0x00,0x00,0x00,0x00,0x00,0x00,0x00,0x00,0x00,0x00,0x00,
	0x00,0x00,0x00,0x00,0x00,0x00,0x00,0x00,0x03,0x02,0x00,0x00,0x00,0x00,0x00,0x00,
	0x00,0x00,0x00,0x00,0x00,0x00,0x00,0x00,0x00,0x00,0x00,0x00,0x00,0x00,0x00,0x00,
	0x12,0x41,0x00,0x01,0x00,0x00,0x00,0x00,0x00,0x00,0x00,0x00,0x00,0x00,0x00,0x00,
	0x00,0x00,0x00,0x00,0x00,0x00,0x00,0x00,0x00,0x00,0x00,0x00,0x04,0x2f,0xe5,0xdc,
	0xdb,0xfe,0x2b,0x9d,0x4f,0xa6,0x88,0x2c,0xac,0x8f,0x1a,0x6f,0xa5,0x5f,0xec,0x7a,
	0xf9,0x9c,0xc2,0xe2,0x84,0xec,0x75,0x1c,0x6f,0xa9,0x1f,0xe4,0x2e,0xf1,0x16,0xf9,
	0x79,0x18,0xcb,0x3f,0xb2,0x9b,0xa7,0x23,0x41,0xd9,0x7d,0x08,0x4e,0x39,0xd3,0x51,
	0x61,0xe6,0x8b,0xf4,0xe2,0xfb,0xdf,0x71,0xc7,0x5b,0x21,0xf8,0x00,0x00,0x00,0x40,
	0x00,0x00,0x00,0x00,0x00,0x00,0x00,0x00,0x00,0x00,0x00,0x00,0x00,0x00,0x00,0x00,
	0x00,0x00,0x00,0x00,0x00,0x00,0x00,0x00,0x00,0x00,0x00,0x00,0x00,0x00,0x00,0x00,
	0x00,0x00,0x00,0x00,0x04,0x02,0x00,0x00,0x00,0x00,0x00,0x00,0x00,0x00,0x00,0x00,
	0x00,0x00,0x00,0x00,0x00,0x00,0x00,0x00,0x00,0x00,0x00,0x00,0x00,0x00,0x00,0x00,
	0x00,0x00,0x00,0x00,0x00,0x00,0x00,0x00,0x00,0x00,0x00,0x00,0x00,0x00,0x00,0x00,
	0x00,0x00,0x00,0x00,0x00,0x00,0x00,0x00,0x00,0x00,0x00,0x00,0x00,0x00,0x00,0x00,
	0x00,0x00,0x00,0x00,0x04,0x02,0x00,0x00,0x00,0x00,0x00,0x00,0x00,0x00,0x00,0x00,
	0x00,0x00,0x00,0x00,0x00,0x00,0x00,0x00,0x00,0x00,0x00,0x00,0x00,0x00,0x00,0x00,
	0x00,0x00,0x00,0x00,0x00,0x00,0x00,0x00,0x00,0x00,0x00,0x00,0x00,0x00,0x00,0x00,
	0x00,0x00,0x00,0x00,0x00,0x00,0x00,0x00,0x00,0x00,0x00,0x00,0x00,0x00,0x00,0x00,
	0x00,0x00,0x00,0x00,0x00,0x01,0x00,0x00,0x00,0x00,0x00,0x00,0x00,0x00,0x00,0x00,
	0x00,0x00,0x00,0x00,0x00,0x00,0x00,0x00,0x00,0x00,0x00,0x00,0x00,0x00,0x00,0x00,
	0x00,0x00,0x00,0x00,0x00,0x00,0x00,0x00,0x00,0x00,0x00,0x00,0x00,0x00,0x00,0x00,
	0x00,0x00,0x00,0x00,0x00,0x00,0x00,0x00,0x00,0x00,0x00,0x00,0x00,0x00,0x00,0x00,
	0x00,0x00,0x00,0x00,0x00,0x01,0x00,0x00,0x00,0x00,0x00,0x00,0x00,0x00,0x00,0x00,
	0x00,0x00,0x00,0x00,0x00,0x00,0x00,0x00,0x00,0x00,0x00,0x00,0x00,0x00,0x00,0x00,
	0x00,0x00,0x00,0x00,0x00,0x00,0x00,0x00,0x00,0x00,0x00,0x00,0x00,0x00,0x00,0x00,
	0x00,0x00,0x00,0x00,0x00,0x00,0x00,0x00,0x00,0x00,0x00,0x00,0x00,0x00,0x00,0x00,
	0x00,0x00,0x00,0x00,0x00,0x01,0x00,0x00,0x00,0x00,0x00,0x00,0x00,0x00,0x00,0x00,
	0x00,0x00,0x00,0x00,0x00,0x00,0x00,0x00,0x00,0x00,0x00,0x00,0x00,0x00,0x00,0x00,
	0x00,0x00,0x00,0x00,0x00,0x00,0x00,0x00,0x00,0x00,0x00,0x00,0x00,0x00,0x00,0x00,
	0x00,0x00,0x00,0x00,0x00,0x00,0x00,0x00,0x00,0x00,0x00,0x00,0x00,0x00,0x00,0x00,
	0x00,0x00,0x00,0x00,0x00,0x01,0x00,0x00,0x00,0x00,0x00,0x00,0x00,0x00,0x00,0x00,
	0x00,0x00,0x00,0x00,0x00,0x00,0x00,0x00,0x00,0x00,0x00,0x00,0x00,0x00,0x00,0x00,
	0x00,0x00,0x00,0x00,0x00,0x00,0x00,0x00,0x00,0x00,0x00,0x00,0x00,0x00,0x00,0x00,
	0x00,0x00,0x00,0x00,0x00,0x00,0x00,0x00,0x00,0x00,0x00,0x00,0x00,0x00,0x00,0x00,
	0x00,0x00,0x00,0x00,0x03,0x02,0x00,0x00,0x00,0x00,0x00,0x00,0x00,0x00,0x00,0x00,
	0x00,0x00,0x00,0x00,0x00,0x00,0x00,0x00,0x00,0x00,0x00,0x00,0x12,0x41,0x00,0x01,
	0x00,0x00,0x00,0x00,0x00,0x00,0x00,0x00,0x00,0x00,0x00,0x00,0x00,0x00,0x00,0x00,
	0x00,0x00,0x00,0x00,0x00,0x00,0x00,0x00,0x04,0x2f,0xe5,0xdc,0xdb,0xfe,0x2b,0x9d,
	0x4f,0xa6,0x88,0x2c,0xac,0x8f,0x1a,0x6f,0xa5,0x5f,0xec,0x7a,0xf9,0x9c,0xc2,0xe2,
	0x84,0xec,0x75,0x1c,0x6f,0xa9,0x1f,0xe4,0x2e,0xf1,0x16,0xf9,0x79,0x18,0xcb,0x3f,
	0xb2,0x9b,0xa7,0x23,0x41,0xd9,0x7d,0x08,0x4e,0x39,0xd3,0x51,0x61,0xe6,0x8b,0xf4,
	0xe2,0xfb,0xdf,0x71,0xc7,0x5b,0x21,0xf8,0x00,0x00,0x00,0x40,0x00,0x00,0x00,0x00,
	0x00,0x00,0x00,0x00,0x00,0x00,0x00,0x00,0x00,0x00,0x00,0x00,0x00,0x00,0x00,0x00,
	0x00,0x00,0x00,0x00,0x00,0x00,0x00,0x00,0x00,0x00,0x00,0x00,0x00,0x00,0x00,0x00,
	0x04,0x02,0x00,0x00,0x00,0x00,0x00,0x00,0x00,0x00,0x00,0x00,0x00,0x00,0x00,0x00,
	0x00,0x00,0x00,0x00,0x00,0x00,0x00,0x00,0x00,0x00,0x00,0x00,0x00,0x00,0x00,0x00,
	0x00,0x00,0x00,0x00,0x00,0x00,0x00,0x00,0x00,0x00,0x00,0x00,0x00,0x00,0x00,0x00,
	0x00,0x00,0x00,0x00,0x00,0x00,0x00,0x00,0x00,0x00,0x00,0x00,0x00,0x00,0x00,0x00,
	0x04,0x02,0x00,0x00,0x00,0x00,0x00,0x00,0x00,0x00,0x00,0x00,0x00,0x00,0x00,0x00,
	0x00,0x00,0x00,0x00,0x00,0x00,0x00,0x00,0x00,0x00,0x00,0x00,0x00,0x00,0x00,0x00,
	0x00,0x00,0x00,0x00,0x00,0x00,0x00,0x00,0x00,0x00,0x00,0x00,0x00,0x00,0x00,0x00,
	0x00,0x00,0x00,0x00,0x00,0x00,0x00,0x00,0x00,0x00,0x00,0x00,0x00,0x00,0x00,0x00,
	0x00,0x01,0x00,0x00,0x00,0x00,0x00,0x00,0x00,0x00,0x00,0x00,0x00,0x00,0x00,0x00,
	0x00,0x00,0x00,0x00,0x00,0x00,0x00,0x00,0x00,0x00,0x00,0x00,0x00,0x00,0x00,0x00,
	0x00,0x00,0x00,0x00,0x00,0x00,0x00,0x00,0x00,0x00,0x00,0x00,0x00,0x00,0x00,0x00,
	0x00,0x00,0x00,0x00,0x00,0x00,0x00,0x00,0x00,0x00,0x00,0x00,0x00,0x00,0x00,0x00,
	0x00,0x01,0x00,0x00,0x00,0x00,0x00,0x00,0x00,0x00,0x00,0x00,0x00,0x00,0x00,0x00,
	0x00,0x00,0x00,0x00,0x00,0x00,0x00,0x00,0x00,0x00,0x00,0x00,0x00,0x00,0x00,0x00,
	0x00,0x00,0x00,0x00,0x00,0x00,0x00,0x00,0x00,0x00,0x00,0x00,0x00,0x00,0x00,0x00,
	0x00,0x00,0x00,0x00,0x00,0x00,0x00,0x00,0x00,0x00,0x00,0x00,0x00,0x00,0x00,0x00,
	0x00,0x01,0x00,0x00,0x00,0x00,0x00,0x00,0x00,0x00,0x00,0x00,0x00,0x00,0x00,0x00,
	0x00,0x00,0x00,0x00,0x00,0x00,0x00,0x00,0x00,0x00,0x00,0x00,0x00,0x00,0x00,0x00,
	0x00,0x00,0x00,0x00,0x00,0x00,0x00,0x00,0x00,0x00,0x00,0x00,0x00,0x00,0x00,0x00,
	0x00,0x00,0x00,0x00,0x00,0x00,0x00,0x00,0x00,0x00,0x00,0x00,0x00,0x00,0x00,0x00,
	0x00,0x01,0x00,0x00,0x00,0x00,0x00,0x00,0x00,0x00,0x00,0x00,0x00,0x00,0x00,0x00,
	0x00,0x00,0x00,0x00,0x00,0x00,0x00,0x00,0x00,0x00,0x00,0x00,0x00,0x00,0x00,0x00,
	0x00,0x00,0x00,0x00,0x00,0x00,0x00,0x00,0x00,0x00,0x00,0x00,0x00,0x00,0x00,0x00,
	0x00,0x00,0x00,0x00,0x00,0x00,0x00,0x00,0x00,0x00,0x00,0x00,0x00,0x00,0x00,0x00,
	0x03,0x02,0x00,0x00,0x00,0x00,0x00,0x00,0x00,0x00,0x00,0x00,0x00,0x00,0x00,0x00,
	0x00,0x00,0x00,0x00,0x00,0x00,0x00,0x00,0x12,0x41,0x00,0x01,0x00,0x00,0x00,0x00,
	0x00,0x00,0x00,0x00,0x00,0x00,0x00,0x00,0x00,0x00,0x00,0x00,0x00,0x00,0x00,0x00,
	0x00,0x00,0x00,0x00,0x04,0x2f,0xe5,0xdc,0xdb,0xfe,0x2b,0x9d,0x4f,0xa6,0x88,0x2c,
	0xac,0x8f,0x1a,0x6f,0xa5,0x5f,0xec,0x7a,0xf9,0x9c,0xc2,0xe2,0x84,0xec,0x75,0x1c,
	0x6f,0xa9,0x1f,0xe4,0x2e,0xf1,0x16,0xf9,0x79,0x18,0xcb,0x3f,0xb2,0x9b,0xa7,0x23,
	0x41,0xd9,0x7d,0x08,0x4e,0x39,0xd3,0x51,0x61,0xe6,0x8b,0xf4,0xe2,0xfb,0xdf,0x71,
	0xc7,0x5b,0x21,0xf8,0x00,0x00,0x00,0x40,0x00,0x00,0x00,0x00,0x00,0x00,0x00,0x00,
	0x00,0x00,0x00,0x00,0x00,0x00,0x00,0x00,0x00,0x00,0x00,0x00,0x00,0x00,0x00,0x00,
	0x00,0x00,0x00,0x00,0x00,0x00,0x00,0x00,0x00,0x00,0x00,0x00,0x04,0x02,0x00,0x00,
	0x00,0x00,0x00,0x00,0x00,0x00,0x00,0x00,0x00,0x00,0x00,0x00,0x00,0x00,0x00,0x00,
	0x00,0x00,0x00,0x00,0x00,0x00,0x00,0x00,0x00,0x00,0x00,0x00,0x00,0x00,0x00,0x00,
	0x00,0x00,0x00,0x00,0x00,0x00,0x00,0x00,0x00,0x00,0x00,0x00,0x00,0x00,0x00,0x00,
	0x00,0x00,0x00,0x00,0x00,0x00,0x00,0x00,0x00,0x00,0x00,0x00,0x04,0x02,0x00,0x00,
	0x00,0x00,0x00,0x00,0x00,0x00,0x00,0x00,0x00,0x00,0x00,0x00,0x00,0x00,0x00,0x00,
	0x00,0x00,0x00,0x00,0x00,0x00,0x00,0x00,0x00,0x00,0x00,0x00,0x00,0x00,0x00,0x00,
	0x00,0x00,0x00,0x00,0x00,0x00,0x00,0x00,0x00,0x00,0x00,0x00,0x00,0x00,0x00,0x00,
	0x00,0x00,0x00,0x00,0x00,0x00,0x00,0x00,0x00,0x00,0x00,0x00,0x00,0x01,0x00,0x00,
	0x00,0x00,0x00,0x00,0x00,0x00,0x00,0x00,0x00,0x00,0x00,0x00,0x00,0x00,0x00,0x00,
	0x00,0x00,0x00,0x00,0x00,0x00,0x00,0x00,0x00,0x00,0x00,0x00,0x00,0x00,0x00,0x00,
	0x00,0x00,0x00,0x00,0x00,0x00,0x00,0x00,0x00,0x00,0x00,0x00,0x00,0x00,0x00,0x00,
	0x00,0x00,0x00,0x00,0x00,0x00,0x00,0x00,0x00,0x00,0x00,0x00,0x00,0x01,0x00,0x00,
	0x00,0x00,0x00,0x00,0x00,0x00,0x00,0x00,0x00,0x00,0x00,0x00,0x00,0x00,0x00,0x00,
	0x00,0x00,0x00,0x00,0x00,0x00,0x00,0x00,0x00,0x00,0x00,0x00,0x00,0x00,0x00,0x00,
	0x00,0x00,0x00,0x00,0x00,0x00,0x00,0x00,0x00,0x00,0x00,0x00,0x00,0x00,0x00,0x00,
	0x00,0x00,0x00,0x00,0x00,0x00,0x00,0x00,0x00,0x00,0x00,0x00,0x00,0x01,0x00,0x00,
	0x00,0x00,0x00,0x00,0x00,0x00,0x00,0x00,0x00,0x00,0x00,0x00,0x00,0x00,0x00,0x00,
	0x00,0x00,0x00,0x00,0x00,0x00,0x00,0x00,0x00,0x00,0x00,0x00,0x00,0x00,0x00,0x00,
	0x00,0x00,0x00,0x00,0x00,0x00,0x00,0x00,0x00,0x00,0x00,0x00,0x00,0x00,0x00,0x00,
	0x00,0x00,0x00,0x00,0x00,0x00,0x00,0x00,0x00,0x00,0x00,0x00,0x00,0x01,0x00,0x00,
	0x00,0x00,0x00,0x00,0x00,0x00,0x00,0x00,0x00,0x00,0x00,0x00,0x00,0x00,0x00,0x00,
	0x00,0x00,0x00,0x00,0x00,0x00,0x00,0x00,0x00,0x00,0x00,0x00,0x00,0x00,0x00,0x00,
	0x00,0x00,0x00,0x00,0x00,0x00,0x00,0x00,0x00,0x00,0x00,0x00,0x00,0x00,0x00,0x00,
	0x00,0x00,0x00,0x00,0x00,0x00,0x00,0x00,0x00,0x00,0x00,0x00,0x03,0x02,0x00,0x00,
	0x00,0x00,0x00,0x00,0x00,0x00,0x00,0x00,0x00,0x00,0x00,0x00,0x00,0x00,0x00,0x00,
	0x00,0x00,0x00,0x00,0x12,0x41,0x00,0x01,0x00,0x00,0x00,0x00,0x00,0x00,0x00,0x00,
	0x00,0x00,0x00,0x00,0x00,0x00,0x00,0x00,0x00,0x00,0x00,0x00,0x00,0x00,0x00,0x00,
	0x04,0x2f,0xe5,0xdc,0xdb,0xfe,0x2b,0x9d,0x4f,0xa6,0x88,0x2c,0xac,0x8f,0x1a,0x6f,
	0xa5,0x5f,0xec,0x7a,0xf9,0x9c,0xc2,0xe2,0x84,0xec,0x75,0x1c,0x6f,0xa9,0x1f,0xe4,
	0x2e,0xf1,0x16,0xf9,0x79,0x18,0xcb,0x3f,0xb2,0x9b,0xa7,0x23,0x41,0xd9,0x7d,0x08,
	0x4e,0x39,0xd3,0x51,0x61,0xe6,0x8b,0xf4,0xe2,0xfb,0xdf,0x71,0xc7,0x5b,0x21,0xf8,
	0x00,0x00,0x00,0x40,0x00,0x00,0x00,0x00,0x00,0x00,0x00,0x00,0x00,0x00,0x00,0x00,
	0x00,0x00,0x00,0x00,0x00,0x00,0x00,0x00,0x00,0x00,0x00,0x00,0x00,0x00,0x00,0x00,
	0x00,0x00,0x00,0x00,0x00,0x00,0x00,0x00,0x04,0x02,0x00,0x00,0x00,0x00,0x00,0x00,
	0x00,0x00,0x00,0x00,0x00,0x00,0x00,0x00,0x00,0x00,0x00,0x00,0x00,0x00,0x00,0x00,
	0x00,0x00,0x00,0x00,0x00,0x00,0x00,0x00,0x00,0x00,0x00,0x00,0x00,0x00,0x00,0x00,
	0x00,0x00,0x00,0x00,0x00,0x00,0x00,0x00,0x00,0x00,0x00,0x00,0x00,0x00,0x00,0x00,
	0x00,0x00,0x00,0x00,0x00,0x00,0x00,0x00,0x04,0x02,0x00,0x00,0x00,0x00,0x00,0x00,
	0x00,0x00,0x00,0x00,0x00,0x00,0x00,0x00,0x00,0x00,0x00,0x00,0x00,0x00,0x00,0x00,
	0x00,0x00,0x00,0x00,0x00,0x00,0x00,0x00,0x00,0x00,0x00,0x00,0x00,0x00,0x00,0x00,
	0x00,0x00,0x00,0x00,0x00,0x00,0x00,0x00,0x00,0x00,0x00,0x00,0x00,0x00,0x00,0x00,
	0x00,0x00,0x00,0x00,0x00,0x00,0x00,0x00,0x00,0x01,0x00,0x00,0x00,0x00,0x00,0x00,
	0x00,0x00,0x00,0x00,0x00,0x00,0x00,0x00,0x00,0x00,0x00,0x00,0x00,0x00,0x00,0x00,
	0x00,0x00,0x00,0x00,0x00,0x00,0x00,0x00,0x00,0x00,0x00,0x00,0x00,0x00,0x00,0x00,
	0x00,0x00,0x00,0x00,0x00,0x00,0x00,0x00,0x00,0x00,0x00,0x00,0x00,0x00,0x00,0x00,
	0x00,0x00,0x00,0x00,0x00,0x00,0x00,0x00,0x00,0x01,0x00,0x00,0x00,0x00,0x00,0x00,
	0x00,0x00,0x00,0x00,0x00,0x00,0x00,0x00,0x00,0x00,0x00,0x00,0x00,0x00,0x00,0x00,
	0x00,0x00,0x00,0x00,0x00,0x00,0x00,0x00,0x00,0x00,0x00,0x00,0x00,0x00,0x00,0x00,
	0x00,0x00,0x00,0x00,0x00,0x00,0x00,0x00,0x00,0x00,0x00,0x00,0x00,0x00,0x00,0x00,
	0x00,0x00,0x00,0x00,0x00,0x00,0x00,0x00,0x00,0x01,0x00,0x00,0x00,0x00,0x00,0x00,
	0x00,0x00,0x00,0x00,0x00,0x00,0x00,0x00,0x00,0x00,0x00,0x00,0x00,0x00,0x00,0x00,
	0x00,0x00,0x00,0x00,0x00,0x00,0x00,0x00,0x00,0x00,0x00,0x00,0x00,0x00,0x00,0x00,
	0x00,0x00,0x00,0x00,0x00,0x00,0x00,0x00,0x00,0x00,0x00,0x00,0x00,0x00,0x00,0x00,
	0x00,0x00,0x00,0x00,0x00,0x00,0x00,0x00,0x00,0x01,0x00,0x00,0x00,0x00,0x00,0x00,
	0x00,0x00,0x00,0x00,0x00,0x00,0x00,0x00,0x00,0x00,0x00,0x00,0x00,0x00,0x00,0x00,
	0x00,0x00,0x00,0x00,0x00,0x00,0x00,0x00,0x00,0x00,0x00,0x00,0x00,0x00,0x00,0x00,
	0x00,0x00,0x00,0x00,0x00,0x00,0x00,0x00,0x00,0x00,0x00,0x00,0x00,0x00,0x00,0x00,
	0x00,0x00,0x00,0x00,0x00,0x00,0x00,0x00,0x03,0x02,0x00,0x00,0x00,0x00,0x00,0x00,
	0x00,0x00,0x00,0x00,0x00,0x00,0x00,0x00,0x00,0x00,0x00,0x00,0x00,0x00,0x00,0x00,
	0x12,0x41,0x00,0x01,0x00,0x00,0x00,0x00,0x00,0x00,0x00,0x00,0x00,0x00,0x00,0x00,
	0x00,0x00,0x00,0x00,0x00,0x00,0x00,0x00,0x00,0x00,0x00,0x00,0x04,0x2f,0xe5,0xdc,
	0xdb,0xfe,0x2b,0x9d,0x4f,0xa6,0x88,0x2c,0xac,0x8f,0x1a,0x6f,0xa5,0x5f,0xec,0x7a,
	0xf9,0x9c,0xc2,0xe2,0x84,0xec,0x75,0x1c,0x6f,0xa9,0x1f,0xe4,0x2e,0xf1,0x16,0xf9,
	0x79,0x18,0xcb,0x3f,0xb2,0x9b,0xa7,0x23,0x41,0xd9,0x7d,0x08,0x4e,0x39,0xd3,0x51,
	0x61,0xe6,0x8b,0xf4,0xe2,0xfb,0xdf,0x71,0xc7,0x5b,0x21,0xf8,0x00,0x00,0x00,0x40,
	0x00,0x00,0x00,0x00,0x00,0x00,0x00,0x00,0x00,0x00,0x00,0x00,0x00,0x00,0x00,0x00,
	0x00,0x00,0x00,0x00,0x00,0x00,0x00,0x00,0x00,0x00,0x00,0x00,0x00,0x00,0x00,0x00,
	0x00,0x00,0x00,0x00,0x04,0x02,0x00,0x00,0x00,0x00,0x00,0x00,0x00,0x00,0x00,0x00,
	0x00,0x00,0x00,0x00,0x00,0x00,0x00,0x00,0x00,0x00,0x00,0x00,0x00,0x00,0x00,0x00,
	0x00,0x00,0x00,0x00,0x00,0x00,0x00,0x00,0x00,0x00,0x00,0x00,0x00,0x00,0x00,0x00,
	0x00,0x00,0x00,0x00,0x00,0x00,0x00,0x00,0x00,0x00,0x00,0x00,0x00,0x00,0x00,0x00,
	0x00,0x00,0x00,0x00,0x04,0x02,0x00,0x00,0x00,0x00,0x00,0x00,0x00,0x00,0x00,0x00,
	0x00,0x00,0x00,0x00,0x00,0x00,0x00,0x00,0x00,0x00,0x00,0x00,0x00,0x00,0x00,0x00,
	0x00,0x00,0x00,0x00,0x00,0x00,0x00,0x00,0x00,0x00,0x00,0x00,0x00,0x00,0x00,0x00,
	0x00,0x00,0x00,0x00,0x00,0x00,0x00,0x00,0x00,0x00,0x00,0x00,0x00,0x00,0x00,0x00,
	0x00,0x00,0x00,0x00,0x00,0x01,0x00,0x00,0x00,0x00,0x00,0x00,0x00,0x00,0x00,0x00,
	0x00,0x00,0x00,0x00,0x00,0x00,0x00,0x00,0x00,0x00,0x00,0x00,0x00,0x00,0x00,0x00,
	0x00,0x00,0x00,0x00,0x00,0x00,0x00,0x00,0x00,0x00,0x00,0x00,0x00,0x00,0x00,0x00,
	0x00,0x00,0x00,0x00,0x00,0x00,0x00,0x00,0x00,0x00,0x00,0x00,0x00,0x00,0x00,0x00,
	0x00,0x00,0x00,0x00,0x00,0x01,0x00,0x00,0x00,0x00,0x00,0x00,0x00,0x00,0x00,0x00,
	0x00,0x00,0x00,0x00,0x00,0x00,0x00,0x00,0x00,0x00,0x00,0x00,0x00,0x00,0x00,0x00,
	0x00,0x00,0x00,0x00,0x00,0x00,0x00,0x00,0x00,0x00,0x00,0x00,0x00,0x00,0x00,0x00,
	0x00,0x00,0x00,0x00,0x00,0x00,0x00,0x00,0x00,0x00,0x00,0x00,0x00,0x00,0x00,0x00,
	0x00,0x00,0x00,0x00,0x00,0x01,0x00,0x00,0x00,0x00,0x00,0x00,0x00,0x00,0x00,0x00,
	0x00,0x00,0x00,0x00,0x00,0x00,0x00,0x00,0x00,0x00,0x00,0x00,0x00,0x00,0x00,0x00,
	0x00,0x00,0x00,0x00,0x00,0x00,0x00,0x00,0x00,0x00,0x00,0x00,0x00,0x00,0x00,0x00,
	0x00,0x00,0x00,0x00,0x00,0x00,0x00,0x00,0x00,0x00,0x00,0x00,0x00,0x00,0x00,0x00,
	0x00,0x00,0x00,0x00,0x00,0x01,0x00,0x00,0x00,0x00,0x00,0x00,0x00,0x00,0x00,0x00,
	0x00,0x00,0x00,0x00,0x00,0x00,0x00,0x00,0x00,0x00,0x00,0x00,0x00,0x00,0x00,0x00,
	0x00,0x00,0x00,0x00,0x00,0x00,0x00,0x00,0x00,0x00,0x00,0x00,0x00,0x00,0x00,0x00,
	0x00,0x00,0x00,0x00,0x00,0x00,0x00,0x00,0x00,0x00,0x00,0x00,0x00,0x00,0x00,0x00,
	0x00,0x00,0x00,0x00,0x03,0x02,0x00,0x00,0x00,0x00,0x00,0x00,0x00,0x00,0x00,0x00,
	0x00,0x00,0x00,0x00,0x00,0x00,0x00,0x00,0x00,0x00,0x00,0x00,0x12,0x41,0x00,0x01,
	0x00,0x00,0x00,0x00,0x00,0x00,0x00,0x00,0x00,0x00,0x00,0x00,0x00,0x00,0x00,0x00,
	0x00,0x00,0x00,0x00,0x00,0x00,0x00,0x00,0x04,0x2f,0xe5,0xdc,0xdb,0xfe,0x2b,0x9d,
	0x4f,0xa6,0x88,0x2c,0xac,0x8f,0x1a,0x6f,0xa5,0x5f,0xec,0x7a,0xf9,0x9c,0xc2,0xe2,
	0x84,0xec,0x75,0x1c,0x6f,0xa9,0x1f,0xe4,0x2e,0xf1,0x16,0xf9,0x79,0x18,0xcb,0x3f,
	0xb2,0x9b,0xa7,0x23,0x41,0xd9,0x7d,0x08,0x4e,0x39,0xd3,0x51,0x61,0xe6,0x8b,0xf4,
	0xe2,0xfb,0xdf,0x71,0xc7,0x5b,0x21,0xf8,0x00,0x00,0x00,0x40,0x00,0x00,0x00,0x00,
	0x00,0x00,0x00,0x00,0x00,0x00,0x00,0x00,0x00,0x00,0x00,0x00,0x00,0x00,0x00,0x00,
	0x00,0x00,0x00,0x00,0x00,0x00,0x00,0x00,0x00,0x00,0x00,0x00,0x00,0x00,0x00,0x00,
	0x04,0x02,0x00,0x00,0x00,0x00,0x00,0x00,0x00,0x00,0x00,0x00,0x00,0x00,0x00,0x00,
	0x00,0x00,0x00,0x00,0x00,0x00,0x00,0x00,0x00,0x00,0x00,0x00,0x00,0x00,0x00,0x00,
	0x00,0x00,0x00,0x00,0x00,0x00,0x00,0x00,0x00,0x00,0x00,0x00,0x00,0x00,0x00,0x00,
	0x00,0x00,0x00,0x00,0x00,0x00,0x00,0x00,0x00,0x00,0x00,0x00,0x00,0x00,0x00,0x00,
	0x04,0x02,0x00,0x00,0x00,0x00,0x00,0x00,0x00,0x00,0x00,0x00,0x00,0x00,0x00,0x00,
	0x00,0x00,0x00,0x00,0x00,0x00,0x00,0x00,0x00,0x00,0x00,0x00,0x00,0x00,0x00,0x00,
	0x00,0x00,0x00,0x00,0x00,0x00,0x00,0x00,0x00,0x00,0x00,0x00,0x00,0x00,0x00,0x00,
	0x00,0x00,0x00,0x00,0x00,0x00,0x00,0x00,0x00,0x00,0x00,0x00,0x00,0x00,0x00,0x00,
	0x00,0x01,0x00,0x00,0x00,0x00,0x00,0x00,0x00,0x00,0x00,0x00,0x00,0x00,0x00,0x00,
	0x00,0x00,0x00,0x00,0x00,0x00,0x00,0x00,0x00,0x00,0x00,0x00,0x00,0x00,0x00,0x00,
	0x00,0x00,0x00,0x00,0x00,0x00,0x00,0x00,0x00,0x00,0x00,0x00,0x00,0x00,0x00,0x00,
	0x00,0x00,0x00,0x00,0x00,0x00,0x00,0x00,0x00,0x00,0x00,0x00,0x00,0x00,0x00,0x00,
	0x00,0x01,0x00,0x00,0x00,0x00,0x00,0x00,0x00,0x00,0x00,0x00,0x00,0x00,0x00,0x00,
	0x00,0x00,0x00,0x00,0x00,0x00,0x00,0x00,0x00,0x00,0x00,0x00,0x00,0x00,0x00,0x00,
	0x00,0x00,0x00,0x00,0x00,0x00,0x00,0x00,0x00,0x00,0x00,0x00,0x00,0x00,0x00,0x00,
	0x00,0x00,0x00,0x00,0x00,0x00,0x00,0x00,0x00,0x00,0x00,0x00,0x00,0x00,0x00,0x00,
	0x00,0x01,0x00,0x00,0x00,0x00,0x00,0x00,0x00,0x00,0x00,0x00,0x00,0x00,0x00,0x00,
	0x00,0x00,0x00,0x00,0x00,0x00,0x00,0x00,0x00,0x00,0x00,0x00,0x00,0x00,0x00,0x00,
	0x00,0x00,0x00,0x00,0x00,0x00,0x00,0x00,0x00,0x00,0x00,0x00,0x00,0x00,0x00,0x00,
	0x00,0x00,0x00,0x00,0x00,0x00,0x00,0x00,0x00,0x00,0x00,0x00,0x00,0x00,0x00,0x00,
	0x00,0x01,0x00,0x00,0x00,0x00,0x00,0x00,0x00,0x00,0x00,0x00,0x00,0x00,0x00,0x00,
	0x00,0x00,0x00,0x00,0x00,0x00,0x00,0x00,0x00,0x00,0x00,0x00,0x00,0x00,0x00,0x00,
	0x00,0x00,0x00,0x00,0x00,0x00,0x00,0x00,0x00,0x00,0x00,0x00,0x00,0x00,0x00,0x00,
	0x00,0x00,0x00,0x00,0x00,0x00,0x00,0x00,0x00,0x00,0x00,0x00,0x00,0x00,0x00,0x00,
	0x03,0x02,0x00,0x00,0x00,0x00,0x00,0x00,0x00,0x00,0x00,0x00,0x00,0x00,0x00,0x00,
	0x00,0x00,0x00,0x00,0x00,0x00,0x00,0x00,0x12,0x41,0x00,0x01,0x00,0x00,0x00,0x00,
	0x00,0x00,0x00,0x00,0x00,0x00,0x00,0x00,0x00,0x00,0x00,0x00,0x00,0x00,0x00,0x00,
	0x00,0x00,0x00,0x00,0x04,0x2f,0xe5,0xdc,0xdb,0xfe,0x2b,0x9d,0x4f,0xa6,0x88,0x2c,
	0xac,0x8f,0x1a,0x6f,0xa5,0x5f,0xec,0x7a,0xf9,0x9c,0xc2,0xe2,0x84,0xec,0x75,0x1c,
	0x6f,0xa9,0x1f,0xe4,0x2e,0xf1,0x16,0xf9,0x79,0x18,0xcb,0x3f,0xb2,0x9b,0xa7,0x23,
	0x41,0xd9,0x7d,0x08,0x4e,0x39,0xd3,0x51,0x61,0xe6,0x8b,0xf4,0xe2,0xfb,0xdf,0x71,
	0xc7,0x5b,0x21,0xf8,0x00,0x00,0x00,0x40,0x00,0x00,0x00,0x00,0x00,0x00,0x00,0x00,
	0x00,0x00,0x00,0x00,0x00,0x00,0x00,0x00,0x00,0x00,0x00,0x00,0x00,0x00,0x00,0x00,
	0x00,0x00,0x00,0x00,0x00,0x00,0x00,0x00,0x00,0x00,0x00,0x00,0x04,0x02,0x00,0x00,
	0x00,0x00,0x00,0x00,0x00,0x00,0x00,0x00,0x00,0x00,0x00,0x00,0x00,0x00,0x00,0x00,
	0x00,0x00,0x00,0x00,0x00,0x00,0x00,0x00,0x00,0x00,0x00,0x00,0x00,0x00,0x00,0x00,
	0x00,0x00,0x00,0x00,0x00,0x00,0x00,0x00,0x00,0x00,0x00,0x00,0x00,0x00,0x00,0x00,
	0x00,0x00,0x00,0x00,0x00,0x00,0x00,0x00,0x00,0x00,0x00,0x00,0x04,0x02,0x00,0x00,
	0x00,0x00,0x00,0x00,0x00,0x00,0x00,0x00,0x00,0x00,0x00,0x00,0x00,0x00,0x00,0x00,
	0x00,0x00,0x00,0x00,0x00,0x00,0x00,0x00,0x00,0x00,0x00,0x00,0x00,0x00,0x00,0x00,
	0x00,0x00,0x00,0x00,0x00,0x00,0x00,0x00,0x00,0x00,0x00,0x00,0x00,0x00,0x00,0x00,
	0x00,0x00,0x00,0x00,0x00,0x00,0x00,0x00,0x00,0x00,0x00,0x00,0x00,0x01,0x00,0x00,
	0x00,0x00,0x00,0x00,0x00,0x00,0x00,0x00,0x00,0x00,0x00,0x00,0x00,0x00,0x00,0x00,
	0x00,0x00,0x00,0x00,0x00,0x00,0x00,0x00,0x00,0x00,0x00,0x00,0x00,0x00,0x00,0x00,
	0x00,0x00,0x00,0x00,0x00,0x00,0x00,0x00,0x00,0x00,0x00,0x00,0x00,0x00,0x00,0x00,
	0x00,0x00,0x00,0x00,0x00,0x00,0x00,0x00,0x00,0x00,0x00,0x00,0x00,0x01,0x00,0x00,
	0x00,0x00,0x00,0x00,0x00,0x00,0x00,0x00,0x00,0x00,0x00,0x00,0x00,0x00,0x00,0x00,
	0x00,0x00,0x00,0x00,0x00,0x00,0x00,0x00,0x00,0x00,0x00,0x00,0x00,0x00,0x00,0x00,
	0x00,0x00,0x00,0x00,0x00,0x00,0x00,0x00,0x00,0x00,0x00,0x00,0x00,0x00,0x00,0x00,
	0x00,0x00,0x00,0x00,0x00,0x00,0x00,0x00,0x00,0x00,0x00,0x00,0x00,0x01,0x00,0x00,
	0x00,0x00,0x00,0x00,0x00,0x00,0x00,0x00,0x00,0x00,0x00,0x00,0x00,0x00,0x00,0x00,
	0x00,0x00,0x00,0x00,0x00,0x00,0x00,0x00,0x00,0x00,0x00,0x00,0x00,0x00,0x00,0x00,
	0x00,0x00,0x00,0x00,0x00,0x00,0x00,0x00,0x00,0x00,0x00,0x00,0x00,0x00,0x00,0x00,
	0x00,0x00,0x00,0x00,0x00,0x00,0x00,0x00,0x00,0x00,0x00,0x00,0x00,0x01,0x00,0x00,
	0x00,0x00,0x00,0x00,0x00,0x00,0x00,0x00,0x00,0x00,0x00,0x00,0x00,0x00,0x00,0x00,
	0x00,0x00,0x00,0x00,0x00,0x00,0x00,0x00,0x00,0x00,0x00,0x00,0x00,0x00,0x00,0x00,
	0x00,0x00,0x00,0x00,0x00,0x00,0x00,0x00,0x00,0x00,0x00,0x00,0x00,0x00,0x00,0x00,
	0x00,0x00,0x00,0x00,0x00,0x00,0x00,0x00,0x00,0x00,0x00,0x00,0x03,0x02,0x00,0x00,
	0x00,0x00,0x00,0x00,0x00,0x00,0x00,0x00,0x00,0x00,0x00,0x00,0x00,0x00,0x00,0x00,
	0x00,0x00,0x00,0x00,0x12,0x41,0x00,0x01,0x00,0x00,0x00,0x00,0x00,0x00,0x00,0x00,
	0x00,0x00,0x00,0x00,0x00,0x00,0x00,0x00,0x00,0x00,0x00,0x00,0x00,0x00,0x00,0x00,
	0x04,0x2f,0xe5,0xdc,0xdb,0xfe,0x2b,0x9d,0x4f,0xa6,0x88,0x2c,0xac,0x8f,0x1a,0x6f,
	0xa5,0x5f,0xec,0x7a,0xf9,0x9c,0xc2,0xe2,0x84,0xec,0x75,0x1c,0x6f,0xa9,0x1f,0xe4,
	0x2e,0xf1,0x16,0xf9,0x79,0x18,0xcb,0x3f,0xb2,0x9b,0xa7,0x23,0x41,0xd9,0x7d,0x08,
	0x4e,0x39,0xd3,0x51,0x61,0xe6,0x8b,0xf4,0xe2,0xfb,0xdf,0x71,0xc7,0x5b,0x21,0xf8,
	0x00,0x00,0x00,0x40,0x00,0x00,0x00,0x00,0x00,0x00,0x00,0x00,0x00,0x00,0x00,0x00,
	0x00,0x00,0x00,0x00,0x00,0x00,0x00,0x00,0x00,0x00,0x00,0x00,0x00,0x00,0x00,0x00,
	0x00,0x00,0x00,0x00,0x00,0x00,0x00,0x00,0x04,0x02,0x00,0x00,0x00,0x00,0x00,0x00,
	0x00,0x00,0x00,0x00,0x00,0x00,0x00,0x00,0x00,0x00,0x00,0x00,0x00,0x00,0x00,0x00,
	0x00,0x00,0x00,0x00,0x00,0x00,0x00,0x00,0x00,0x00,0x00,0x00,0x00,0x00,0x00,0x00,
	0x00,0x00,0x00,0x00,0x00,0x00,0x00,0x00,0x00,0x00,0x00,0x00,0x00,0x00,0x00,0x00,
	0x00,0x00,0x00,0x00,0x00,0x00,0x00,0x00,0x04,0x02,0x00,0x00,0x00,0x00,0x00,0x00,
	0x00,0x00,0x00,0x00,0x00,0x00,0x00,0x00,0x00,0x00,0x00,0x00,0x00,0x00,0x00,0x00,
	0x00,0x00,0x00,0x00,0x00,0x00,0x00,0x00,0x00,0x00,0x00,0x00,0x00,0x00,0x00,0x00,
	0x00,0x00,0x00,0x00,0x00,0x00,0x00,0x00,0x00,0x00,0x00,0x00,0x00,0x00,0x00,0x00,
	0x00,0x00,0x00,0x00,0x00,0x00,0x00,0x00,0x00,0x01,0x00,0x00,0x00,0x00,0x00,0x00,
	0x00,0x00,0x00,0x00,0x00,0x00,0x00,0x00,0x00,0x00,0x00,0x00,0x00,0x00,0x00,0x00,
	0x00,0x00,0x00,0x00,0x00,0x00,0x00,0x00,0x00,0x00,0x00,0x00,0x00,0x00,0x00,0x00,
	0x00,0x00,0x00,0x00,0x00,0x00,0x00,0x00,0x00,0x00,0x00,0x00,0x00,0x00,0x00,0x00,
	0x00,0x00,0x00,0x00,0x00,0x00,0x00,0x00,0x00,0x01,0x00,0x00,0x00,0x00,0x00,0x00,
	0x00,0x00,0x00,0x00,0x00,0x00,0x00,0x00,0x00,0x00,0x00,0x00,0x00,0x00,0x00,0x00,
	0x00,0x00,0x00,0x00,0x00,0x00,0x00,0x00,0x00,0x00,0x00,0x00,0x00,0x00,0x00,0x00,
	0x00,0x00,0x00,0x00,0x00,0x00,0x00,0x00,0x00,0x00,0x00,0x00,0x00,0x00,0x00,0x00,
	0x00,0x00,0x00,0x00,0x00,0x00,0x00,0x00,0x00,0x01,0x00,0x00,0x00,0x00,0x00,0x00,
	0x00,0x00,0x00,0x00,0x00,0x00,0x00,0x00,0x00,0x00,0x00,0x00,0x00,0x00,0x00,0x00,
	0x00,0x00,0x00,0x00,0x00,0x00,0x00,0x00,0x00,0x00,0x00,0x00,0x00,0x00,0x00,0x00,
	0x00,0x00,0x00,0x00,0x00,0x00,0x00,0x00,0x00,0x00,0x00,0x00,0x00,0x00,0x00,0x00,
	0x00,0x00,0x00,0x00,0x00,0x00,0x00,0x00,0x00,0x01,0x00,0x00,0x00,0x00,0x00,0x00,
	0x00,0x00,0x00,0x00,0x00,0x00,0x00,0x00,0x00,0x00,0x00,0x00,0x00,0x00,0x00,0x00,
	0x00,0x00,0x00,0x00,0x00,0x00,0x00,0x00,0x00,0x00,0x00,0x00,0x00,0x00,0x00,0x00,
	0x00,0x00,0x00,0x00,0x00,0x00,0x00,0x00,0x00,0x00,0x00,0x00,0x00,0x00,0x00,0x00,
	0x00,0x00,0x00,0x00,0x00,0x00,0x00,0x00,0x03,0x02,0x00,0x00,0x00,0x00,0x00,0x00,
	0x00,0x00,0x00,0x00,0x00,0x00,0x00,0x00,0x00,0x00,0x00,0x00,0x00,0x00,0x00,0x00,
	0x12,0x41,0x00,0x01,0x00,0x00,0x00,0x00,0x00,0x00,0x00,0x00,0x00,0x00,0x00,0x00,
	0x00,0x00,0x00,0x00,0x00,0x00,0x00,0x00,0x00,0x00,0x00,0x00,0x04,0x2f,0xe5,0xdc,
	0xdb,0xfe,0x2b,0x9d,0x4f,0xa6,0x88,0x2c,0xac,0x8f,0x1a,0x6f,0xa5,0x5f,0xec,0x7a,
	0xf9,0x9c,0xc2,0xe2,0x84,0xec,0x75,0x1c,0x6f,0xa9,0x1f,0xe4,0x2e,0xf1,0x16,0xf9,
	0x79,0x18,0xcb,0x3f,0xb2,0x9b,0xa7,0x23,0x41,0xd9,0x7d,0x08,0x4e,0x39,0xd3,0x51,
	0x61,0xe6,0x8b,0xf4,0xe2,0xfb,0xdf,0x71,0xc7,0x5b,0x21,0xf8,0x00,0x00,0x00,0x40,
	0x00,0x00,0x00,0x00,0x00,0x00,0x00,0x00,0x00,0x00,0x00,0x00,0x00,0x00,0x00,0x00,
	0x00,0x00,0x00,0x00,0x00,0x00,0x00,0x00,0x00,0x00,0x00,0x00,0x00,0x00,0x00,0x00,
	0x00,0x00,0x00,0x00,0x04,0x02,0x00,0x00,0x00,0x00,0x00,0x00,0x00,0x00,0x00,0x00,
	0x00,0x00,0x00,0x00,0x00,0x00,0x00,0x00,0x00,0x00,0x00,0x00,0x00,0x00,0x00,0x00,
	0x00,0x00,0x00,0x00,0x00,0x00,0x00,0x00,0x00,0x00,0x00,0x00,0x00,0x00,0x00,0x00,
	0x00,0x00,0x00,0x00,0x00,0x00,0x00,0x00,0x00,0x00,0x00,0x00,0x00,0x00,0x00,0x00,
	0x00,0x00,0x00,0x00,0x04,0x02,0x00,0x00,0x00,0x00,0x00,0x00,0x00,0x00,0x00,0x00,
	0x00,0x00,0x00,0x00,0x00,0x00,0x00,0x00,0x00,0x00,0x00,0x00,0x00,0x00,0x00,0x00,
	0x00,0x00,0x00,0x00,0x00,0x00,0x00,0x00,0x00,0x00,0x00,0x00,0x00,0x00,0x00,0x00,
	0x00,0x00,0x00,0x00,0x00,0x00,0x00,0x00,0x00,0x00,0x00,0x00,0x00,0x00,0x00,0x00,
	0x00,0x00,0x00,0x00,0x00,0x01,0x00,0x00,0x00,0x00,0x00,0x00,0x00,0x00,0x00,0x00,
	0x00,0x00,0x00,0x00,0x00,0x00,0x00,0x00,0x00,0x00,0x00,0x00,0x00,0x00,0x00,0x00,
	0x00,0x00,0x00,0x00,0x00,0x00,0x00,0x00,0x00,0x00,0x00,0x00,0x00,0x00,0x00,0x00,
	0x00,0x00,0x00,0x00,0x00,0x00,0x00,0x00,0x00,0x00,0x00,0x00,0x00,0x00,0x00,0x00,
	0x00,0x00,0x00,0x00,0x00,0x01,0x00,0x00,0x00,0x00,0x00,0x00,0x00,0x00,0x00,0x00,
	0x00,0x00,0x00,0x00,0x00,0x00,0x00,0x00,0x00,0x00,0x00,0x00,0x00,0x00,0x00,0x00,
	0x00,0x00,0x00,0x00,0x00,0x00,0x00,0x00,0x00,0x00,0x00,0x00,0x00,0x00,0x00,0x00,
	0x00,0x00,0x00,0x00,0x00,0x00,0x00,0x00,0x00,0x00,0x00,0x00,0x00,0x00,0x00,0x00,
	0x00,0x00,0x00,0x00,0x00,0x01,0x00,0x00,0x00,0x00,0x00,0x00,0x00,0x00,0x00,0x00,
	0x00,0x00,0x00,0x00,0x00,0x00,0x00,0x00,0x00,0x00,0x00,0x00,0x00,0x00,0x00,0x00,
	0x00,0x00,0x00,0x00,0x00,0x00,0x00,0x00,0x00,0x00,0x00,0x00,0x00,0x00,0x00,0x00,
	0x00,0x00,0x00,0x00,0x00,0x00,0x00,0x00,0x00,0x00,0x00,0x00,0x00,0x00,0x00,0x00,
	0x00,0x00,0x00,0x00,0x00,0x01,0x00,0x00,0x00,0x00,0x00,0x00,0x00,0x00,0x00,0x00,
	0x00,0x00,0x00,0x00,0x00,0x00,0x00,0x00,0x00,0x00,0x00,0x00,0x00,0x00,0x00,0x00,
	0x00,0x00,0x00,0x00,0x00,0x00,0x00,0x00,0x00,0x00,0x00,0x00,0x00,0x00,0x00,0x00,
	0x00,0x00,0x00,0x00,0x00,0x00,0x00,0x00,0x00,0x00,0x00,0x00,0x00,0x00,0x00,0x00,
	0x00,0x00,0x00,0x00,0x03,0x02,0x00,0x00,0x00,0x00,0x00,0x00,0x00,0x00,0x00,0x00,
	0x00,0x00,0x00,0x00,0x00,0x00,0x00,0x00,0x00,0x00,0x00,0x00,0x12,0x41,0x00,0x01,
	0x00,0x00,0x00,0x00,0x00,0x00,0x00,0x00,0x00,0x00,0x00,0x00,0x00,0x00,0x00,0x00,
	0x00,0x00,0x00,0x00,0x00,0x00,0x00,0x00,0x04,0x2f,0xe5,0xdc,0xdb,0xfe,0x2b,0x9d,
	0x4f,0xa6,0x88,0x2c,0xac,0x8f,0x1a,0x6f,0xa5,0x5f,0xec,0x7a,0xf9,0x9c,0xc2,0xe2,
	0x84,0xec,0x75,0x1c,0x6f,0xa9,0x1f,0xe4,0x2e,0xf1,0x16,0xf9,0x79,0x18,0xcb,0x3f,
	0xb2,0x9b,0xa7,0x23,0x41,0xd9,0x7d,0x08,0x4e,0x39,0xd3,0x51,0x61,0xe6,0x8b,0xf4,
	0xe2,0xfb,0xdf,0x71,0xc7,0x5b,0x21,0xf8,0x00,0x00,0x00,0x40,0x00,0x00,0x00,0x00,
	0x00,0x00,0x00,0x00,0x00,0x00,0x00,0x00,0x00,0x00,0x00,0x00,0x00,0x00,0x00,0x00,
	0x00,0x00,0x00,0x00,0x00,0x00,0x00,0x00,0x00,0x00,0x00,0x00,0x00,0x00,0x00,0x00,
	0x04,0x02,0x00,0x00,0x00,0x00,0x00,0x00,0x00,0x00,0x00,0x00,0x00,0x00,0x00,0x00,
	0x00,0x00,0x00,0x00,0x00,0x00,0x00,0x00,0x00,0x00,0x00,0x00,0x00,0x00,0x00,0x00,
	0x00,0x00,0x00,0x00,0x00,0x00,0x00,0x00,0x00,0x00,0x00,0x00,0x00,0x00,0x00,0x00,
	0x00,0x00,0x00,0x00,0x00,0x00,0x00,0x00,0x00,0x00,0x00,0x00,0x00,0x00,0x00,0x00,
	0x04,0x02,0x00,0x00,0x00,0x00,0x00,0x00,0x00,0x00,0x00,0x00,0x00,0x00,0x00,0x00,
	0x00,0x00,0x00,0x00,0x00,0x00,0x00,0x00,0x00,0x00,0x00,0x00,0x00,0x00,0x00,0x00,
	0x00,0x00,0x00,0x00,0x00,0x00,0x00,0x00,0x00,0x00,0x00,0x00,0x00,0x00,0x00,0x00,
	0x00,0x00,0x00,0x00,0x00,0x00,0x00,0x00,0x00,0x00,0x00,0x00,0x00,0x00,0x00,0x00,
	0x00,0x01,0x00,0x00,0x00,0x00,0x00,0x00,0x00,0x00,0x00,0x00,0x00,0x00,0x00,0x00,
	0x00,0x00,0x00,0x00,0x00,0x00,0x00,0x00,0x00,0x00,0x00,0x00,0x00,0x00,0x00,0x00,
	0x00,0x00,0x00,0x00,0x00,0x00,0x00,0x00,0x00,0x00,0x00,0x00,0x00,0x00,0x00,0x00,
	0x00,0x00,0x00,0x00,0x00,0x00,0x00,0x00,0x00,0x00,0x00,0x00,0x00,0x00,0x00,0x00,
	0x00,0x01,0x00,0x00,0x00,0x00,0x00,0x00,0x00,0x00,0x00,0x00,0x00,0x00,0x00,0x00,
	0x00,0x00,0x00,0x00,0x00,0x00,0x00,0x00,0x00,0x00,0x00,0x00,0x00,0x00,0x00,0x00,
	0x00,0x00,0x00,0x00,0x00,0x00,0x00,0x00,0x00,0x00,0x00,0x00,0x00,0x00,0x00,0x00,
	0x00,0x00,0x00,0x00,0x00,0x00,0x00,0x00,0x00,0x00,0x00,0x00,0x00,0x00,0x00,0x00,
	0x00,0x01,0x00,0x00,0x00,0x00,0x00,0x00,0x00,0x00,0x00,0x00,0x00,0x00,0x00,0x00,
	0x00,0x00,0x00,0x00,0x00,0x00,0x00,0x00,0x00,0x00,0x00,0x00,0x00,0x00,0x00,0x00,
	0x00,0x00,0x00,0x00,0x00,0x00,0x00,0x00,0x00,0x00,0x00,0x00,0x00,0x00,0x00,0x00,
	0x00,0x00,0x00,0x00,0x00,0x00,0x00,0x00,0x00,0x00,0x00,0x00,0x00,0x00,0x00,0x00,
	0x00,0x01,0x00,0x00,0x00,0x00,0x00,0x00,0x00,0x00,0x00,0x00,0x00,0x00,0x00,0x00,
	0x00,0x00,0x00,0x00,0x00,0x00,0x00,0x00,0x00,0x00,0x00,0x00,0x00,0x00,0x00,0x00,
	0x00,0x00,0x00,0x00,0x00,0x00,0x00,0x00,0x00,0x00,0x00,0x00,0x00,0x00,0x00,0x00,
	0x00,0x00,0x00,0x00,0x00,0x00,0x00,0x00,0x00,0x00,0x00,0x00,0x00,0x00,0x00,0x00,
	0x03,0x02,0x00,0x00,0x00,0x00,0x00,0x00,0x00,0x00,0x00,0x00,0x00,0x00,0x00,0x00,
	0x00,0x00,0x00,0x00,0x00,0x00,0x00,0x00,0x12,0x41,0x00,0x01,0x00,0x00,0x00,0x00,
	0x00,0x00,0x00,0x00,0x00,0x00,0x00,0x00,0x00,0x00,0x00,0x00,0x00,0x00,0x00,0x00,
	0x00,0x00,0x00,0x00,0x04,0x2f,0xe5,0xdc,0xdb,0xfe,0x2b,0x9d,0x4f,0xa6,0x88,0x2c,
	0xac,0x8f,0x1a,0x6f,0xa5,0x5f,0xec,0x7a,0xf9,0x9c,0xc2,0xe2,0x84,0xec,0x75,0x1c,
	0x6f,0xa9,0x1f,0xe4,0x2e,0xf1,0x16,0xf9,0x79,0x18,0xcb,0x3f,0xb2,0x9b,0xa7,0x23,
	0x41,0xd9,0x7d,0x08,0x4e,0x39,0xd3,0x51,0x61,0xe6,0x8b,0xf4,0xe2,0xfb,0xdf,0x71,
	0xc7,0x5b,0x21,0xf8,0x00,0x00,0x00,0x40,0x00,0x00,0x00,0x00,0x00,0x00,0x00,0x00,
	0x00,0x00,0x00,0x00,0x00,0x00,0x00,0x00,0x00,0x00,0x00,0x00,0x00,0x00,0x00,0x00,
	0x00,0x00,0x00,0x00,0x00,0x00,0x00,0x00,0x00,0x00,0x00,0x00,0x04,0x02,0x00,0x00,
	0x00,0x00,0x00,0x00,0x00,0x00,0x00,0x00,0x00,0x00,0x00,0x00,0x00,0x00,0x00,0x00,
	0x00,0x00,0x00,0x00,0x00,0x00,0x00,0x00,0x00,0x00,0x00,0x00,0x00,0x00,0x00,0x00,
	0x00,0x00,0x00,0x00,0x00,0x00,0x00,0x00,0x00,0x00,0x00,0x00,0x00,0x00,0x00,0x00,
	0x00,0x00,0x00,0x00,0x00,0x00,0x00,0x00,0x00,0x00,0x00,0x00,0x04,0x02,0x00,0x00,
	0x00,0x00,0x00,0x00,0x00,0x00,0x00,0x00,0x00,0x00,0x00,0x00,0x00,0x00,0x00,0x00,
	0x00,0x00,0x00,0x00,0x00,0x00,0x00,0x00,0x00,0x00,0x00,0x00,0x00,0x00,0x00,0x00,
	0x00,0x00,0x00,0x00,0x00,0x00,0x00,0x00,0x00,0x00,0x00,0x00,0x00,0x00,0x00,0x00,
	0x00,0x00,0x00,0x00,0x00,0x00,0x00,0x00,0x00,0x00,0x00,0x00,0x00,0x01,0x00,0x00,
	0x00,0x00,0x00,0x00,0x00,0x00,0x00,0x00,0x00,0x00,0x00,0x00,0x00,0x00,0x00,0x00,
	0x00,0x00,0x00,0x00,0x00,0x00,0x00,0x00,0x00,0x00,0x00,0x00,0x00,0x00,0x00,0x00,
	0x00,0x00,0x00,0x00,0x00,0x00,0x00,0x00,0x00,0x00,0x00,0x00,0x00,0x00,0x00,0x00,
	0x00,0x00,0x00,0x00,0x00,0x00,0x00,0x00,0x00,0x00,0x00,0x00,0x00,0x01,0x00,0x00,
	0x00,0x00,0x00,0x00,0x00,0x00,0x00,0x00,0x00,0x00,0x00,0x00,0x00,0x00,0x00,0x00,
	0x00,0x00,0x00,0x00,0x00,0x00,0x00,0x00,0x00,0x00,0x00,0x00,0x00,0x00,0x00,0x00,
	0x00,0x00,0x00,0x00,0x00,0x00,0x00,0x00,0x00,0x00,0x00,0x00,0x00,0x00,0x00,0x00,
	0x00,0x00,0x00,0x00,0x00,0x00,0x00,0x00,0x00,0x00,0x00,0x00,0x00,0x01,0x00,0x00,
	0x00,0x00,0x00,0x00,0x00,0x00,0x00,0x00,0x00,0x00,0x00,0x00,0x00,0x00,0x00,0x00,
	0x00,0x00,0x00,0x00,0x00,0x00,0x00,0x00,0x00,0x00,0x00,0x00,0x00,0x00,0x00,0x00,
	0x00,0x00,0x00,0x00,0x00,0x00,0x00,0x00,0x00,0x00,0x00,0x00,0x00,0x00,0x00,0x00,
	0x00,0x00,0x00,0x00,0x00,0x00,0x00,0x00,0x00,0x00,0x00,0x00,0x00,0x01,0x00,0x00,
	0x00,0x00,0x00,0x00,0x00,0x00,0x00,0x00,0x00,0x00,0x00,0x00,0x00,0x00,0x00,0x00,
	0x00,0x00,0x00,0x00,0x00,0x00,0x00,0x00,0x00,0x00,0x00,0x00,0x00,0x00,0x00,0x00,
	0x00,0x00,0x00,0x00,0x00,0x00,0x00,0x00,0x00,0x00,0x00,0x00,0x00,0x00,0x00,0x00,
	0x00,0x00,0x00,0x00,0x00,0x00,0x00,0x00,0x00,0x00,0x00,0x00,0x03,0x02,0x00,0x00,
	0x00,0x00,0x00,0x00,0x00,0x00,0x00,0x00,0x00,0x00,0x00,0x00,0x00,0x00,0x00,0x00,
	0x00,0x00,0x00,0x00,0x12,0x41,0x00,0x01,0x00,0x00,0x00,0x00,0x00,0x00,0x00,0x00,
	0x00,0x00,0x00,0x00,0x00,0x00,0x00,0x00,0x00,0x00,0x00,0x00,0x00,0x00,0x00,0x00,
	0x04,0x2f,0xe5,0xdc,0xdb,0xfe,0x2b,0x9d,0x4f,0xa6,0x88,0x2c,0xac,0x8f,0x1a,0x6f,
	0xa5,0x5f,0xec,0x7a,0xf9,0x9c,0xc2,0xe2,0x84,0xec,0x75,0x1c,0x6f,0xa9,0x1f,0xe4,
	0x2e,0xf1,0x16,0xf9,0x79,0x18,0xcb,0x3f,0xb2,0x9b,0xa7,0x23,0x41,0xd9,0x7d,0x08,
	0x4e,0x39,0xd3,0x51,0x61,0xe6,0x8b,0xf4,0xe2,0xfb,0xdf,0x71,0xc7,0x5b,0x21,0xf8,
	0x00,0x00,0x00,0x40,0x00,0x00,0x00,0x00,0x00,0x00,0x00,0x00,0x00,0x00,0x00,0x00,
	0x00,0x00,0x00,0x00,0x00,0x00,0x00,0x00,0x00,0x00,0x00,0x00,0x00,0x00,0x00,0x00,
	0x00,0x00,0x00,0x00,0x00,0x00,0x00,0x00,0x04,0x02,0x00,0x00,0x00,0x00,0x00,0x00,
	0x00,0x00,0x00,0x00,0x00,0x00,0x00,0x00,0x00,0x00,0x00,0x00,0x00,0x00,0x00,0x00,
	0x00,0x00,0x00,0x00,0x00,0x00,0x00,0x00,0x00,0x00,0x00,0x00,0x00,0x00,0x00,0x00,
	0x00,0x00,0x00,0x00,0x00,0x00,0x00,0x00,0x00,0x00,0x00,0x00,0x00,0x00,0x00,0x00,
	0x00,0x00,0x00,0x00,0x00,0x00,0x00,0x00,0x04,0x02,0x00,0x00,0x00,0x00,0x00,0x00,
	0x00,0x00,0x00,0x00,0x00,0x00,0x00,0x00,0x00,0x00,0x00,0x00,0x00,0x00,0x00,0x00,
	0x00,0x00,0x00,0x00,0x00,0x00,0x00,0x00,0x00,0x00,0x00,0x00,0x00,0x00,0x00,0x00,
	0x00,0x00,0x00,0x00,0x00,0x00,0x00,0x00,0x00,0x00,0x00,0x00,0x00,0x00,0x00,0x00,
	0x00,0x00,0x00,0x00,0x00,0x00,0x00,0x00,0x00,0x01,0x00,0x00,0x00,0x00,0x00,0x00,
	0x00,0x00,0x00,0x00,0x00,0x00,0x00,0x00,0x00,0x00,0x00,0x00,0x00,0x00,0x00,0x00,
	0x00,0x00,0x00,0x00,0x00,0x00,0x00,0x00,0x00,0x00,0x00,0x00,0x00,0x00,0x00,0x00,
	0x00,0x00,0x00,0x00,0x00,0x00,0x00,0x00,0x00,0x00,0x00,0x00,0x00,0x00,0x00,0x00,
	0x00,0x00,0x00,0x00,0x00,0x00,0x00,0x00,0x00,0x01,0x00,0x00,0x00,0x00,0x00,0x00,
	0x00,0x00,0x00,0x00,0x00,0x00,0x00,0x00,0x00,0x00,0x00,0x00,0x00,0x00,0x00,0x00,
	0x00,0x00,0x00,0x00,0x00,0x00,0x00,0x00,0x00,0x00,0x00,0x00,0x00,0x00,0x00,0x00,
	0x00,0x00,0x00,0x00,0x00,0x00,0x00,0x00,0x00,0x00,0x00,0x00,0x00,0x00,0x00,0x00,
	0x00,0x00,0x00,0x00,0x00,0x00,0x00,0x00,0x00,0x01,0x00,0x00,0x00,0x00,0x00,0x00,
	0x00,0x00,0x00,0x00,0x00,0x00,0x00,0x00,0x00,0x00,0x00,0x00,0x00,0x00,0x00,0x00,
	0x00,0x00,0x00,0x00,0x00,0x00,0x00,0x00,0x00,0x00,0x00,0x00,0x00,0x00,0x00,0x00,
	0x00,0x00,0x00,0x00,0x00,0x00,0x00,0x00,0x00,0x00,0x00,0x00,0x00,0x00,0x00,0x00,
	0x00,0x00,0x00,0x00,0x00,0x00,0x00,0x00,0x00,0x01,0x00,0x00,0x00,0x00,0x00,0x00,
	0x00,0x00,0x00,0x00,0x00,0x00,0x00,0x00,0x00,0x00,0x00,0x00,0x00,0x00,0x00,0x00,
	0x00,0x00,0x00,0x00,0x00,0x00,0x00,0x00,0x00,0x00,0x00,0x00,0x00,0x00,0x00,0x00,
	0x00,0x00,0x00,0x00,0x00,0x00,0x00,0x00,0x00,0x00,0x00,0x00,0x00,0x00,0x00,0x00,
	0x00,0x00,0x00,0x00,0x00,0x00,0x00,0x00,0x03,0x02,0x00,0x00,0x00,0x00,0x00,0x00,
	0x00,0x00,0x00,0x00,0x00,0x00,0x00,0x00,0x00,0x00,0x00,0x00,0x00,0x00,0x00,0x00,
	0x12,0x41,0x00,0x01,0x00,0x00,0x00,0x00,0x00,0x00,0x00,0x00,0x00,0x00,0x00,0x00,
	0x00,0x00,0x00,0x00,0x00,0x00,0x00,0x00,0x00,0x00,0x00,0x00,0x04,0x2f,0xe5,0xdc,
	0xdb,0xfe,0x2b,0x9d,0x4f,0xa6,0x88,0x2c,0xac,0x8f,0x1a,0x6f,0xa5,0x5f,0xec,0x7a,
	0xf9,0x9c,0xc2,0xe2,0x84,0xec,0x75,0x1c,0x6f,0xa9,0x1f,0xe4,0x2e,0xf1,0x16,0xf9,
	0x79,0x18,0xcb,0x3f,0xb2,0x9b,0xa7,0x23,0x41,0xd9,0x7d,0x08,0x4e,0x39,0xd3,0x51,
	0x61,0xe6,0x8b,0xf4,0xe2,0xfb,0xdf,0x71,0xc7,0x5b,0x21,0xf8,0x00,0x00,0x00,0x40,
	0x00,0x00,0x00,0x00,0x00,0x00,0x00,0x00,0x00,0x00,0x00,0x00,0x00,0x00,0x00,0x00,
	0x00,0x00,0x00,0x00,0x00,0x00,0x00,0x00,0x00,0x00,0x00,0x00,0x00,0x00,0x00,0x00,
	0x00,0x00,0x00,0x00,0x04,0x02,0x00,0x00,0x00,0x00,0x00,0x00,0x00,0x00,0x00,0x00,
	0x00,0x00,0x00,0x00,0x00,0x00,0x00,0x00,0x00,0x00,0x00,0x00,0x00,0x00,0x00,0x00,
	0x00,0x00,0x00,0x00,0x00,0x00,0x00,0x00,0x00,0x00,0x00,0x00,0x00,0x00,0x00,0x00,
	0x00,0x00,0x00,0x00,0x00,0x00,0x00,0x00,0x00,0x00,0x00,0x00,0x00,0x00,0x00,0x00,
	0x00,0x00,0x00,0x00,0x04,0x02,0x00,0x00,0x00,0x00,0x00,0x00,0x00,0x00,0x00,0x00,
	0x00,0x00,0x00,0x00,0x00,0x00,0x00,0x00,0x00,0x00,0x00,0x00,0x00,0x00,0x00,0x00,
	0x00,0x00,0x00,0x00,0x00,0x00,0x00,0x00,0x00,0x00,0x00,0x00,0x00,0x00,0x00,0x00,
	0x00,0x00,0x00,0x00,0x00,0x00,0x00,0x00,0x00,0x00,0x00,0x00,0x00,0x00,0x00,0x00,
	0x00,0x00,0x00,0x00,0x00,0x01,0x00,0x00,0x00,0x00,0x00,0x00,0x00,0x00,0x00,0x00,
	0x00,0x00,0x00,0x00,0x00,0x00,0x00,0x00,0x00,0x00,0x00,0x00,0x00,0x00,0x00,0x00,
	0x00,0x00,0x00,0x00,0x00,0x00,0x00,0x00,0x00,0x00,0x00,0x00,0x00,0x00,0x00,0x00,
	0x00,0x00,0x00,0x00,0x00,0x00,0x00,0x00,0x00,0x00,0x00,0x00,0x00,0x00,0x00,0x00,
	0x00,0x00,0x00,0x00,0x00,0x01,0x00,0x00,0x00,0x00,0x00,0x00,0x00,0x00,0x00,0x00,
	0x00,0x00,0x00,0x00,0x00,0x00,0x00,0x00,0x00,0x00,0x00,0x00,0x00,0x00,0x00,0x00,
	0x00,0x00,0x00,0x00,0x00,0x00,0x00,0x00,0x00,0x00,0x00,0x00,0x00,0x00,0x00,0x00,
	0x00,0x00,0x00,0x00,0x00,0x00,0x00,0x00,0x00,0x00,0x00,0x00,0x00,0x00,0x00,0x00,
	0x00,0x00,0x00,0x00,0x00,0x01,0x00,0x00,0x00,0x00,0x00,0x00,0x00,0x00,0x00,0x00,
	0x00,0x00,0x00,0x00,0x00,0x00,0x00,0x00,0x00,0x00,0x00,0x00,0x00,0x00,0x00,0x00,
	0x00,0x00,0x00,0x00,0x00,0x00,0x00,0x00,0x00,0x00,0x00,0x00,0x00,0x00,0x00,0x00,
	0x00,0x00,0x00,0x00,0x00,0x00,0x00,0x00,0x00,0x00,0x00,0x00,0x00,0x00,0x00,0x00,
	0x00,0x00,0x00,0x00,0x00,0x01,0x00,0x00,0x00,0x00,0x00,0x00,0x00,0x00,0x00,0x00,
	0x00,0x00,0x00,0x00,0x00,0x00,0x00,0x00,0x00,0x00,0x00,0x00,0x00,0x00,0x00,0x00,
	0x00,0x00,0x00,0x00,0x00,0x00,0x00,0x00,0x00,0x00,0x00,0x00,0x00,0x00,0x00,0x00,
	0x00,0x00,0x00,0x00,0x00,0x00,0x00,0x00,0x00,0x00,0x00,0x00,0x00,0x00,0x00,0x00,
	0x00,0x00,0x00,0x00,0x03,0x02,0x00,0x00,0x00,0x00,0x00,0x00,0x00,0x00,0x00,0x00,
	0x00,0x00,0x00,0x00,0x00,0x00,0x00,0x00,0x00,0x00,0x00,0x00,0x12,0x41,0x00,0x01,
	0x00,0x00,0x00,0x00,0x00,0x00,0x00,0x00,0x00,0x00,0x00,0x00,0x00,0x00,0x00,0x00,
	0x00,0x00,0x00,0x00,0x00,0x00,0x00,0x00,0x04,0x2f,0xe5,0xdc,0xdb,0xfe,0x2b,0x9d,
	0x4f,0xa6,0x88,0x2c,0xac,0x8f,0x1a,0x6f,0xa5,0x5f,0xec,0x7a,0xf9,0x9c,0xc2,0xe2,
	0x84,0xec,0x75,0x1c,0x6f,0xa9,0x1f,0xe4,0x2e,0xf1,0x16,0xf9,0x79,0x18,0xcb,0x3f,
	0xb2,0x9b,0xa7,0x23,0x41,0xd9,0x7d,0x08,0x4e,0x39,0xd3,0x51,0x61,0xe6,0x8b,0xf4,
	0xe2,0xfb,0xdf,0x71,0xc7,0x5b,0x21,0xf8,0x00,0x00,0x00,0x40,0x00,0x00,0x00,0x00,
	0x00,0x00,0x00,0x00,0x00,0x00,0x00,0x00,0x00,0x00,0x00,0x00,0x00,0x00,0x00,0x00,
	0x00,0x00,0x00,0x00,0x00,0x00,0x00,0x00,0x00,0x00,0x00,0x00,0x00,0x00,0x00,0x00,
	0x04,0x02,0x00,0x00,0x00,0x00,0x00,0x00,0x00,0x00,0x00,0x00,0x00,0x00,0x00,0x00,
	0x00,0x00,0x00,0x00,0x00,0x00,0x00,0x00,0x00,0x00,0x00,0x00,0x00,0x00,0x00,0x00,
	0x00,0x00,0x00,0x00,0x00,0x00,0x00,0x00,0x00,0x00,0x00,0x00,0x00,0x00,0x00,0x00,
	0x00,0x00,0x00,0x00,0x00,0x00,0x00,0x00,0x00,0x00,0x00,0x00,0x00,0x00,0x00,0x00,
	0x04,0x02,0x00,0x00,0x00,0x00,0x00,0x00,0x00,0x00,0x00,0x00,0x00,0x00,0x00,0x00,
	0x00,0x00,0x00,0x00,0x00,0x00,0x00,0x00,0x00,0x00,0x00,0x00,0x00,0x00,0x00,0x00,
	0x00,0x00,0x00,0x00,0x00,0x00,0x00,0x00,0x00,0x00,0x00,0x00,0x00,0x00,0x00,0x00,
	0x00,0x00,0x00,0x00,0x00,0x00,0x00,0x00,0x00,0x00,0x00,0x00,0x00,0x00,0x00,0x00,
	0x00,0x01,0x00,0x00,0x00,0x00,0x00,0x00,0x00,0x00,0x00,0x00,0x00,0x00,0x00,0x00,
	0x00,0x00,0x00,0x00,0x00,0x00,0x00,0x00,0x00,0x00,0x00,0x00,0x00,0x00,0x00,0x00,
	0x00,0x00,0x00,0x00,0x00,0x00,0x00,0x00,0x00,0x00,0x00,0x00,0x00,0x00,0x00,0x00,
	0x00,0x00,0x00,0x00,0x00,0x00,0x00,0x00,0x00,0x00,0x00,0x00,0x00,0x00,0x00,0x00,
	0x00,0x01,0x00,0x00,0x00,0x00,0x00,0x00,0x00,0x00,0x00,0x00,0x00,0x00,0x00,0x00,
	0x00,0x00,0x00,0x00,0x00,0x00,0x00,0x00,0x00,0x00,0x00,0x00,0x00,0x00,0x00,0x00,
	0x00,0x00,0x00,0x00,0x00,0x00,0x00,0x00,0x00,0x00,0x00,0x00,0x00,0x00,0x00,0x00,
	0x00,0x00,0x00,0x00,0x00,0x00,0x00,0x00,0x00,0x00,0x00,0x00,0x00,0x00,0x00,0x00,
	0x00,0x01,0x00,0x00,0x00,0x00,0x00,0x00,0x00,0x00,0x00,0x00,0x00,0x00,0x00,0x00,
	0x00,0x00,0x00,0x00,0x00,0x00,0x00,0x00,0x00,0x00,0x00,0x00,0x00,0x00,0x00,0x00,
	0x00,0x00,0x00,0x00,0x00,0x00,0x00,0x00,0x00,0x00,0x00,0x00,0x00,0x00,0x00,0x00,
	0x00,0x00,0x00,0x00,0x00,0x00,0x00,0x00,0x00,0x00,0x00,0x00,0x00,0x00,0x00,0x00,
	0x00,0x01,0x00,0x00,0x00,0x00,0x00,0x00,0x00,0x00,0x00,0x00,0x00,0x00,0x00,0x00,
	0x00,0x00,0x00,0x00,0x00,0x00,0x00,0x00,0x00,0x00,0x00,0x00,0x00,0x00,0x00,0x00,
	0x00,0x00,0x00,0x00,0x00,0x00,0x00,0x00,0x00,0x00,0x00,0x00,0x00,0x00,0x00,0x00,
	0x00,0x00,0x00,0x00,0x00,0x00,0x00,0x00,0x00,0x00,0x00,0x00,0x00,0x00,0x00,0x00,
	0x03,0x02,0x00,0x00,0x00,0x00,0x00,0x00,0x00,0x00,0x00,0x00,0x00,0x00,0x00,0x00,
	0x00,0x00,0x00,0x00,0x00,0x00,0x00,0x00,0x12,0x41,0x00,0x01,0x00,0x00,0x00,0x00,
	0x00,0x00,0x00,0x00,0x00,0x00,0x00,0x00,0x00,0x00,0x00,0x00,0x00,0x00,0x00,0x00,
	0x00,0x00,0x00,0x00,0x04,0x2f,0xe5,0xdc,0xdb,0xfe,0x2b,0x9d,0x4f,0xa6,0x88,0x2c,
	0xac,0x8f,0x1a,0x6f,0xa5,0x5f,0xec,0x7a,0xf9,0x9c,0xc2,0xe2,0x84,0xec,0x75,0x1c,
	0x6f,0xa9,0x1f,0xe4,0x2e,0xf1,0x16,0xf9,0x79,0x18,0xcb,0x3f,0xb2,0x9b,0xa7,0x23,
	0x41,0xd9,0x7d,0x08,0x4e,0x39,0xd3,0x51,0x61,0xe6,0x8b,0xf4,0xe2,0xfb,0xdf,0x71,
	0xc7,0x5b,0x21,0xf8,0x00,0x00,0x00,0x40,0x00,0x00,0x00,0x00,0x00,0x00,0x00,0x00,
	0x00,0x00,0x00,0x00,0x00,0x00,0x00,0x00,0x00,0x00,0x00,0x00,0x00,0x00,0x00,0x00,
	0x00,0x00,0x00,0x00,0x00,0x00,0x00,0x00,0x00,0x00,0x00,0x00,0x04,0x02,0x00,0x00,
	0x00,0x00,0x00,0x00,0x00,0x00,0x00,0x00,0x00,0x00,0x00,0x00,0x00,0x00,0x00,0x00,
	0x00,0x00,0x00,0x00,0x00,0x00,0x00,0x00,0x00,0x00,0x00,0x00,0x00,0x00,0x00,0x00,
	0x00,0x00,0x00,0x00,0x00,0x00,0x00,0x00,0x00,0x00,0x00,0x00,0x00,0x00,0x00,0x00,
	0x00,0x00,0x00,0x00,0x00,0x00,0x00,0x00,0x00,0x00,0x00,0x00,0x04,0x02,0x00,0x00,
	0x00,0x00,0x00,0x00,0x00,0x00,0x00,0x00,0x00,0x00,0x00,0x00,0x00,0x00,0x00,0x00,
	0x00,0x00,0x00,0x00,0x00,0x00,0x00,0x00,0x00,0x00,0x00,0x00,0x00,0x00,0x00,0x00,
	0x00,0x00,0x00,0x00,0x00,0x00,0x00,0x00,0x00,0x00,0x00,0x00,0x00,0x00,0x00,0x00,
	0x00,0x00,0x00,0x00,0x00,0x00,0x00,0x00,0x00,0x00,0x00,0x00,0x00,0x01,0x00,0x00,
	0x00,0x00,0x00,0x00,0x00,0x00,0x00,0x00,0x00,0x00,0x00,0x00,0x00,0x00,0x00,0x00,
	0x00,0x00,0x00,0x00,0x00,0x00,0x00,0x00,0x00,0x00,0x00,0x00,0x00,0x00,0x00,0x00,
	0x00,0x00,0x00,0x00,0x00,0x00,0x00,0x00,0x00,0x00,0x00,0x00,0x00,0x00,0x00,0x00,
	0x00,0x00,0x00,0x00,0x00,0x00,0x00,0x00,0x00,0x00,0x00,0x00,0x00,0x01,0x00,0x00,
	0x00,0x00,0x00,0x00,0x00,0x00,0x00,0x00,0x00,0x00,0x00,0x00,0x00,0x00,0x00,0x00,
	0x00,0x00,0x00,0x00,0x00,0x00,0x00,0x00,0x00,0x00,0x00,0x00,0x00,0x00,0x00,0x00,
	0x00,0x00,0x00,0x00,0x00,0x00,0x00,0x00,0x00,0x00,0x00,0x00,0x00,0x00,0x00,0x00,
	0x00,0x00,0x00,0x00,0x00,0x00,0x00,0x00,0x00,0x00,0x00,0x00,0x00,0x01,0x00,0x00,
	0x00,0x00,0x00,0x00,0x00,0x00,0x00,0x00,0x00,0x00,0x00,0x00,0x00,0x00,0x00,0x00,
	0x00,0x00,0x00,0x00,0x00,0x00,0x00,0x00,0x00,0x00,0x00,0x00,0x00,0x00,0x00,0x00,
	0x00,0x00,0x00,0x00,0x00,0x00,0x00,0x00,0x00,0x00,0x00,0x00,0x00,0x00,0x00,0x00,
	0x00,0x00,0x00,0x00,0x00,0x00,0x00,0x00,0x00,0x00,0x00,0x00,0x00,0x01,0x00,0x00,
	0x00,0x00,0x00,0x00,0x00,0x00,0x00,0x00,0x00,0x00,0x00,0x00,0x00,0x00,0x00,0x00,
	0x00,0x00,0x00,0x00,0x00,0x00,0x00,0x00,0x00,0x00,0x00,0x00,0x00,0x00,0x00,0x00,
	0x00,0x00,0x00,0x00,0x00,0x00,0x00,0x00,0x00,0x00,0x00,0x00,0x00,0x00,0x00,0x00,
	0x00,0x00,0x00,0x00,0x00,0x00,0x00,0x00,0x00,0x00,0x00,0x00,0x03,0x02,0x00,0x00,
	0x00,0x00,0x00,0x00,0x00,0x00,0x00,0x00,0x00,0x00,0x00,0x00,0x00,0x00,0x00,0x00,
	0x00,0x00,0x00,0x00,0x12,0x41,0x00,0x01,0x00,0x00,0x00,0x00,0x00,0x00,0x00,0x00,
	0x00,0x00,0x00,0x00,0x00,0x00,0x00,0x00,0x00,0x00,0x00,0x00,0x00,0x00,0x00,0x00,
	0x04,0x2f,0xe5,0xdc,0xdb,0xfe,0x2b,0x9d,0x4f,0xa6,0x88,0x2c,0xac,0x8f,0x1a,0x6f,
	0xa5,0x5f,0xec,0x7a,0xf9,0x9c,0xc2,0xe2,0x84,0xec,0x75,0x1c,0x6f,0xa9,0x1f,0xe4,
	0x2e,0xf1,0x16,0xf9,0x79,0x18,0xcb,0x3f,0xb2,0x9b,0xa7,0x23,0x41,0xd9,0x7d,0x08,
	0x4e,0x39,0xd3,0x51,0x61,0xe6,0x8b,0xf4,0xe2,0xfb,0xdf,0x71,0xc7,0x5b,0x21,0xf8,
	0x00,0x00,0x00,0x40,0x00,0x00,0x00,0x00,0x00,0x00,0x00,0x00,0x00,0x00,0x00,0x00,
	0x00,0x00,0x00,0x00,0x00,0x00,0x00,0x00,0x00,0x00,0x00,0x00,0x00,0x00,0x00,0x00,
	0x00,0x00,0x00,0x00,0x00,0x00,0x00,0x00,0x04,0x02,0x00,0x00,0x00,0x00,0x00,0x00,
	0x00,0x00,0x00,0x00,0x00,0x00,0x00,0x00,0x00,0x00,0x00,0x00,0x00,0x00,0x00,0x00,
	0x00,0x00,0x00,0x00,0x00,0x00,0x00,0x00,0x00,0x00,0x00,0x00,0x00,0x00,0x00,0x00,
	0x00,0x00,0x00,0x00,0x00,0x00,0x00,0x00,0x00,0x00,0x00,0x00,0x00,0x00,0x00,0x00,
	0x00,0x00,0x00,0x00,0x00,0x00,0x00,0x00,0x04,0x02,0x00,0x00,0x00,0x00,0x00,0x00,
	0x00,0x00,0x00,0x00,0x00,0x00,0x00,0x00,0x00,0x00,0x00,0x00,0x00,0x00,0x00,0x00,
	0x00,0x00,0x00,0x00,0x00,0x00,0x00,0x00,0x00,0x00,0x00,0x00,0x00,0x00,0x00,0x00,
	0x00,0x00,0x00,0x00,0x00,0x00,0x00,0x00,0x00,0x00,0x00,0x00,0x00,0x00,0x00,0x00,
	0x00,0x00,0x00,0x00,0x00,0x00,0x00,0x00,0x00,0x01,0x00,0x00,0x00,0x00,0x00,0x00,
	0x00,0x00,0x00,0x00,0x00,0x00,0x00,0x00,0x00,0x00,0x00,0x00,0x00,0x00,0x00,0x00,
	0x00,0x00,0x00,0x00,0x00,0x00,0x00,0x00,0x00,0x00,0x00,0x00,0x00,0x00,0x00,0x00,
	0x00,0x00,0x00,0x00,0x00,0x00,0x00,0x00,0x00,0x00,0x00,0x00,0x00,0x00,0x00,0x00,
	0x00,0x00,0x00,0x00,0x00,0x00,0x00,0x00,0x00,0x01,0x00,0x00,0x00,0x00,0x00,0x00,
	0x00,0x00,0x00,0x00,0x00,0x00,0x00,0x00,0x00,0x00,0x00,0x00,0x00,0x00,0x00,0x00,
	0x00,0x00,0x00,0x00,0x00,0x00,0x00,0x00,0x00,0x00,0x00,0x00,0x00,0x00,0x00,0x00,
	0x00,0x00,0x00,0x00,0x00,0x00,0x00,0x00,0x00,0x00,0x00,0x00,0x00,0x00,0x00,0x00,
	0x00,0x00,0x00,0x00,0x00,0x00,0x00,0x00,0x00,0x01,0x00,0x00,0x00,0x00,0x00,0x00,
	0x00,0x00,0x00,0x00,0x00,0x00,0x00,0x00,0x00,0x00,0x00,0x00,0x00,0x00,0x00,0x00,
	0x00,0x00,0x00,0x00,0x00,0x00,0x00,0x00,0x00,0x00,0x00,0x00,0x00,0x00,0x00,0x00,
	0x00,0x00,0x00,0x00,0x00,0x00,0x00,0x00,0x00,0x00,0x00,0x00,0x00,0x00,0x00,0x00,
	0x00,0x00,0x00,0x00,0x00,0x00,0x00,0x00,0x00,0x01,0x00,0x00,0x00,0x00,0x00,0x00,
	0x00,0x00,0x00,0x00,0x00,0x00,0x00,0x00,0x00,0x00,0x00,0x00,0x00,0x00,0x00,0x00,
	0x00,0x00,0x00,0x00,0x00,0x00,0x00,0x00,0x00,0x00,0x00,0x00,0x00,0x00,0x00,0x00,
	0x00,0x00,0x00,0x00,0x00,0x00,0x00,0x00,0x00,0x00,0x00,0x00,0x00,0x00,0x00,0x00,
	0x00,0x00,0x00,0x00,0x00,0x00,0x00,0x00,0x03,0x02,0x00,0x00,0x00,0x00,0x00,0x00,
	0x00,0x00,0x00,0x00,0x00,0x00,0x00,0x00,0x00,0x00,0x00,0x00,0x00,0x00,0x00,0x00,
	0x12,0x41,0x00,0x01,0x00,0x00,0x00,0x00,0x00,0x00,0x00,0x00,0x00,0x00,0x00,0x00,
	0x00,0x00,0x00,0x00,0x00,0x00,0x00,0x00,0x00,0x00,0x00,0x00,0x04,0x2f,0xe5,0xdc,
	0xdb,0xfe,0x2b,0x9d,0x4f,0xa6,0x88,0x2c,0xac,0x8f,0x1a,0x6f,0xa5,0x5f,0xec,0x7a,
	0xf9,0x9c,0xc2,0xe2,0x84,0xec,0x75,0x1c,0x6f,0xa9,0x1f,0xe4,0x2e,0xf1,0x16,0xf9,
	0x79,0x18,0xcb,0x3f,0xb2,0x9b,0xa7,0x23,0x41,0xd9,0x7d,0x08,0x4e,0x39,0xd3,0x51,
	0x61,0xe6,0x8b,0xf4,0xe2,0xfb,0xdf,0x71,0xc7,0x5b,0x21,0xf8,0x00,0x00,0x00,0x40,
	0x00,0x00,0x00,0x00,0x00,0x00,0x00,0x00,0x00,0x00,0x00,0x00,0x00,0x00,0x00,0x00,
	0x00,0x00,0x00,0x00,0x00,0x00,0x00,0x00,0x00,0x00,0x00,0x00,0x00,0x00,0x00,0x00,
	0x00,0x00,0x00,0x00,0x04,0x02,0x00,0x00,0x00,0x00,0x00,0x00,0x00,0x00,0x00,0x00,
	0x00,0x00,0x00,0x00,0x00,0x00,0x00,0x00,0x00,0x00,0x00,0x00,0x00,0x00,0x00,0x00,
	0x00,0x00,0x00,0x00,0x00,0x00,0x00,0x00,0x00,0x00,0x00,0x00,0x00,0x00,0x00,0x00,
	0x00,0x00,0x00,0x00,0x00,0x00,0x00,0x00,0x00,0x00,0x00,0x00,0x00,0x00,0x00,0x00,
	0x00,0x00,0x00,0x00,0x04,0x02,0x00,0x00,0x00,0x00,0x00,0x00,0x00,0x00,0x00,0x00,
	0x00,0x00,0x00,0x00,0x00,0x00,0x00,0x00,0x00,0x00,0x00,0x00,0x00,0x00,0x00,0x00,
	0x00,0x00,0x00,0x00,0x00,0x00,0x00,0x00,0x00,0x00,0x00,0x00,0x00,0x00,0x00,0x00,
	0x00,0x00,0x00,0x00,0x00,0x00,0x00,0x00,0x00,0x00,0x00,0x00,0x00,0x00,0x00,0x00,
	0x00,0x00,0x00,0x00,0x00,0x01,0x00,0x00,0x00,0x00,0x00,0x00,0x00,0x00,0x00,0x00,
	0x00,0x00,0x00,0x00,0x00,0x00,0x00,0x00,0x00,0x00,0x00,0x00,0x00,0x00,0x00,0x00,
	0x00,0x00,0x00,0x00,0x00,0x00,0x00,0x00,0x00,0x00,0x00,0x00,0x00,0x00,0x00,0x00,
	0x00,0x00,0x00,0x00,0x00,0x00,0x00,0x00,0x00,0x00,0x00,0x00,0x00,0x00,0x00,0x00,
	0x00,0x00,0x00,0x00,0x00,0x01,0x00,0x00,0x00,0x00,0x00,0x00,0x00,0x00,0x00,0x00,
	0x00,0x00,0x00,0x00,0x00,0x00,0x00,0x00,0x00,0x00,0x00,0x00,0x00,0x00,0x00,0x00,
	0x00,0x00,0x00,0x00,0x00,0x00,0x00,0x00,0x00,0x00,0x00,0x00,0x00,0x00,0x00,0x00,
	0x00,0x00,0x00,0x00,0x00,0x00,0x00,0x00,0x00,0x00,0x00,0x00,0x00,0x00,0x00,0x00,
	0x00,0x00,0x00,0x00,0x00,0x01,0x00,0x00,0x00,0x00,0x00,0x00,0x00,0x00,0x00,0x00,
	0x00,0x00,0x00,0x00,0x00,0x00,0x00,0x00,0x00,0x00,0x00,0x00,0x00,0x00,0x00,0x00,
	0x00,0x00,0x00,0x00,0x00,0x00,0x00,0x00,0x00,0x00,0x00,0x00,0x00,0x00,0x00,0x00,
	0x00,0x00,0x00,0x00,0x00,0x00,0x00,0x00,0x00,0x00,0x00,0x00,0x00,0x00,0x00,0x00,
	0x00,0x00,0x00,0x00,0x00,0x01,0x00,0x00,0x00,0x00,0x00,0x00,0x00,0x00,0x00,0x00,
	0x00,0x00,0x00,0x00,0x00,0x00,0x00,0x00,0x00,0x00,0x00,0x00,0x00,0x00,0x00,0x00,
	0x00,0x00,0x00,0x00,0x00,0x00,0x00,0x00,0x00,0x00,0x00,0x00,0x00,0x00,0x00,0x00,
	0x00,0x00,0x00,0x00,0x00,0x00,0x00,0x00,0x00,0x00,0x00,0x00,0x00,0x00,0x00,0x00,
	0x00,0x00,0x00,0x00,0x03,0x02,0x00,0x00,0x00,0x00,0x00,0x00,0x00,0x00,0x00,0x00,
	0x00,0x00,0x00,0x00,0x00,0x00,0x00,0x00,0x00,0x00,0x00,0x00,0x12,0x41,0x00,0x01,
	0x00,0x00,0x00,0x00,0x00,0x00,0x00,0x00,0x00,0x00,0x00,0x00,0x00,0x00,0x00,0x00,
	0x00,0x00,0x00,0x00,0x00,0x00,0x00,0x00,0x04,0x2f,0xe5,0xdc,0xdb,0xfe,0x2b,0x9d,
	0x4f,0xa6,0x88,0x2c,0xac,0x8f,0x1a,0x6f,0xa5,0x5f,0xec,0x7a,0xf9,0x9c,0xc2,0xe2,
	0x84,0xec,0x75,0x1c,0x6f,0xa9,0x1f,0xe4,0x2e,0xf1,0x16,0xf9,0x79,0x18,0xcb,0x3f,
	0xb2,0x9b,0xa7,0x23,0x41,0xd9,0x7d,0x08,0x4e,0x39,0xd3,0x51,0x61,0xe6,0x8b,0xf4,
	0xe2,0xfb,0xdf,0x71,0xc7,0x5b,0x21,0xf8,0x00,0x00,0x00,0x40,0x00,0x00,0x00,0x00,
	0x00,0x00,0x00,0x00,0x00,0x00,0x00,0x00,0x00,0x00,0x00,0x00,0x00,0x00,0x00,0x00,
	0x00,0x00,0x00,0x00,0x00,0x00,0x00,0x00,0x00,0x00,0x00,0x00,0x00,0x00,0x00,0x00,
	0x04,0x02,0x00,0x00,0x00,0x00,0x00,0x00,0x00,0x00,0x00,0x00,0x00,0x00,0x00,0x00,
	0x00,0x00,0x00,0x00,0x00,0x00,0x00,0x00,0x00,0x00,0x00,0x00,0x00,0x00,0x00,0x00,
	0x00,0x00,0x00,0x00,0x00,0x00,0x00,0x00,0x00,0x00,0x00,0x00,0x00,0x00,0x00,0x00,
	0x00,0x00,0x00,0x00,0x00,0x00,0x00,0x00,0x00,0x00,0x00,0x00,0x00,0x00,0x00,0x00,
	0x04,0x02,0x00,0x00,0x00,0x00,0x00,0x00,0x00,0x00,0x00,0x00,0x00,0x00,0x00,0x00,
	0x00,0x00,0x00,0x00,0x00,0x00,0x00,0x00,0x00,0x00,0x00,0x00,0x00,0x00,0x00,0x00,
	0x00,0x00,0x00,0x00,0x00,0x00,0x00,0x00,0x00,0x00,0x00,0x00,0x00,0x00,0x00,0x00,
	0x00,0x00,0x00,0x00,0x00,0x00,0x00,0x00,0x00,0x00,0x00,0x00,0x00,0x00,0x00,0x00,
	0x00,0x01,0x00,0x00,0x00,0x00,0x00,0x00,0x00,0x00,0x00,0x00,0x00,0x00,0x00,0x00,
	0x00,0x00,0x00,0x00,0x00,0x00,0x00,0x00,0x00,0x00,0x00,0x00,0x00,0x00,0x00,0x00,
	0x00,0x00,0x00,0x00,0x00,0x00,0x00,0x00,0x00,0x00,0x00,0x00,0x00,0x00,0x00,0x00,
	0x00,0x00,0x00,0x00,0x00,0x00,0x00,0x00,0x00,0x00,0x00,0x00,0x00,0x00,0x00,0x00,
	0x00,0x01,0x00,0x00,0x00,0x00,0x00,0x00,0x00,0x00,0x00,0x00,0x00,0x00,0x00,0x00,
	0x00,0x00,0x00,0x00,0x00,0x00,0x00,0x00,0x00,0x00,0x00,0x00,0x00,0x00,0x00,0x00,
	0x00,0x00,0x00,0x00,0x00,0x00,0x00,0x00,0x00,0x00,0x00,0x00,0x00,0x00,0x00,0x00,
	0x00,0x00,0x00,0x00,0x00,0x00,0x00,0x00,0x00,0x00,0x00,0x00,0x00,0x00,0x00,0x00,
	0x00,0x01,0x00,0x00,0x00,0x00,0x00,0x00,0x00,0x00,0x00,0x00,0x00,0x00,0x00,0x00,
	0x00,0x00,0x00,0x00,0x00,0x00,0x00,0x00,0x00,0x00,0x00,0x00,0x00,0x00,0x00,0x00,
	0x00,0x00,0x00,0x00,0x00,0x00,0x00,0x00,0x00,0x00,0x00,0x00,0x00,0x00,0x00,0x00,
	0x00,0x00,0x00,0x00,0x00,0x00,0x00,0x00,0x00,0x00,0x00,0x00,0x00,0x00,0x00,0x00,
	0x00,0x01,0x00,0x00,0x00,0x00,0x00,0x00,0x00,0x00,0x00,0x00,0x00,0x00,0x00,0x00,
	0x00,0x00,0x00,0x00,0x00,0x00,0x00,0x00,0x00,0x00,0x00,0x00,0x00,0x00,0x00,0x00,
	0x00,0x00,0x00,0x00,0x00,0x00,0x00,0x00,0x00,0x00,0x00,0x00,0x00,0x00,0x00,0x00,
	0x00,0x00,0x00,0x00,0x00,0x00,0x00,0x00,0x00,0x00,0x00,0x00,0x00,0x00,0x00,0x00,
	0x03,0x02,0x00,0x00,0x00,0x00,0x00,0x00,0x00,0x00,0x00,0x00,0x00,0x00,0x00,0x00,
	0x00,0x00,0x00,0x00,0x00,0x00,0x00,0x00,0x12,0x41,0x00,0x01,0x00,0x00,0x00,0x00,
	0x00,0x00,0x00,0x00,0x00,0x00,0x00,0x00,0x00,0x00,0x00,0x00,0x00,0x00,0x00,0x00,
	0x00,0x00,0x00,0x00,0x04,0x2f,0xe5,0xdc,0xdb,0xfe,0x2b,0x9d,0x4f,0xa6,0x88,0x2c,
	0xac,0x8f,0x1a,0x6f,0xa5,0x5f,0xec,0x7a,0xf9,0x9c,0xc2,0xe2,0x84,0xec,0x75,0x1c,
	0x6f,0xa9,0x1f,0xe4,0x2e,0xf1,0x16,0xf9,0x79,0x18,0xcb,0x3f,0xb2,0x9b,0xa7,0x23,
	0x41,0xd9,0x7d,0x08,0x4e,0x39,0xd3,0x51,0x61,0xe6,0x8b,0xf4,0xe2,0xfb,0xdf,0x71,
	0xc7,0x5b,0x21,0xf8,0x00,0x00,0x00,0x40,0x00,0x00,0x00,0x00,0x00,0x00,0x00,0x00,
	0x00,0x00,0x00,0x00,0x00,0x00,0x00,0x00,0x00,0x00,0x00,0x00,0x00,0x00,0x00,0x00,
	0x00,0x00,0x00,0x00,0x00,0x00,0x00,0x00,0x00,0x00,0x00,0x00,0x04,0x02,0x00,0x00,
	0x00,0x00,0x00,0x00,0x00,0x00,0x00,0x00,0x00,0x00,0x00,0x00,0x00,0x00,0x00,0x00,
	0x00,0x00,0x00,0x00,0x00,0x00,0x00,0x00,0x00,0x00,0x00,0x00,0x00,0x00,0x00,0x00,
	0x00,0x00,0x00,0x00,0x00,0x00,0x00,0x00,0x00,0x00,0x00,0x00,0x00,0x00,0x00,0x00,
	0x00,0x00,0x00,0x00,0x00,0x00,0x00,0x00,0x00,0x00,0x00,0x00,0x04,0x02,0x00,0x00,
	0x00,0x00,0x00,0x00,0x00,0x00,0x00,0x00,0x00,0x00,0x00,0x00,0x00,0x00,0x00,0x00,
	0x00,0x00,0x00,0x00,0x00,0x00,0x00,0x00,0x00,0x00,0x00,0x00,0x00,0x00,0x00,0x00,
	0x00,0x00,0x00,0x00,0x00,0x00,0x00,0x00,0x00,0x00,0x00,0x00,0x00,0x00,0x00,0x00,
	0x00,0x00,0x00,0x00,0x00,0x00,0x00,0x00,0x00,0x00,0x00,0x00,0x00,0x01,0x00,0x00,
	0x00,0x00,0x00,0x00,0x00,0x00,0x00,0x00,0x00,0x00,0x00,0x00,0x00,0x00,0x00,0x00,
	0x00,0x00,0x00,0x00,0x00,0x00,0x00,0x00,0x00,0x00,0x00,0x00,0x00,0x00,0x00,0x00,
	0x00,0x00,0x00,0x00,0x00,0x00,0x00,0x00,0x00,0x00,0x00,0x00,0x00,0x00,0x00,0x00,
	0x00,0x00,0x00,0x00,0x00,0x00,0x00,0x00,0x00,0x00,0x00,0x00,0x00,0x01,0x00,0x00,
	0x00,0x00,0x00,0x00,0x00,0x00,0x00,0x00,0x00,0x00,0x00,0x00,0x00,0x00,0x00,0x00,
	0x00,0x00,0x00,0x00,0x00,0x00,0x00,0x00,0x00,0x00,0x00,0x00,0x00,0x00,0x00,0x00,
	0x00,0x00,0x00,0x00,0x00,0x00,0x00,0x00,0x00,0x00,0x00,0x00,0x00,0x00,0x00,0x00,
	0x00,0x00,0x00,0x00,0x00,0x00,0x00,0x00,0x00,0x00,0x00,0x00,0x00,0x01,0x00,0x00,
	0x00,0x00,0x00,0x00,0x00,0x00,0x00,0x00,0x00,0x00,0x00,0x00,0x00,0x00,0x00,0x00,
	0x00,0x00,0x00,0x00,0x00,0x00,0x00,0x00,0x00,0x00,0x00,0x00,0x00,0x00,0x00,0x00,
	0x00,0x00,0x00,0x00,0x00,0x00,0x00,0x00,0x00,0x00,0x00,0x00,0x00,0x00,0x00,0x00,
	0x00,0x00,0x00,0x00,0x00,0x00,0x00,0x00,0x00,0x00,0x00,0x00,0x00,0x01,0x00,0x00,
	0x00,0x00,0x00,0x00,0x00,0x00,0x00,0x00,0x00,0x00,0x00,0x00,0x00,0x00,0x00,0x00,
	0x00,0x00,0x00,0x00,0x00,0x00,0x00,0x00,0x00,0x00,0x00,0x00,0x00,0x00,0x00,0x00,
	0x00,0x00,0x00,0x00,0x00,0x00,0x00,0x00,0x00,0x00,0x00,0x00,0x00,0x00,0x00,0x00,
	0x00,0x00,0x00,0x00,0x00,0x00,0x00,0x00,0x00,0x00,0x00,0x00,0x03,0x02,0x00,0x00,
	0x00,0x00,0x00,0x00,0x00,0x00,0x00,0x00,0x00,0x00,0x00,0x00,0x00,0x00,0x00,0x00,
	0x00,0x00,0x00,0x00,0x12,0x41,0x00,0x01,0x00,0x00,0x00,0x00,0x00,0x00,0x00,0x00,
	0x00,0x00,0x00,0x00,0x00,0x00,0x00,0x00,0x00,0x00,0x00,0x00,0x00,0x00,0x00,0x00,
	0x04,0x2f,0xe5,0xdc,0xdb,0xfe,0x2b,0x9d,0x4f,0xa6,0x88,0x2c,0xac,0x8f,0x1a,0x6f,
	0xa5,0x5f,0xec,0x7a,0xf9,0x9c,0xc2,0xe2,0x84,0xec,0x75,0x1c,0x6f,0xa9,0x1f,0xe4,
	0x2e,0xf1,0x16,0xf9,0x79,0x18,0xcb,0x3f,0xb2,0x9b,0xa7,0x23,0x41,0xd9,0x7d,0x08,
	0x4e,0x39,0xd3,0x51,0x61,0xe6,0x8b,0xf4,0xe2,0xfb,0xdf,0x71,0xc7,0x5b,0x21,0xf8,
	0x00,0x00,0x00,0x40,0x00,0x00,0x00,0x00,0x00,0x00,0x00,0x00,0x00,0x00,0x00,0x00,
	0x00,0x00,0x00,0x00,0x00,0x00,0x00,0x00,0x00,0x00,0x00,0x00,0x00,0x00,0x00,0x00,
	0x00,0x00,0x00,0x00,0x00,0x00,0x00,0x00,0x04,0x02,0x00,0x00,0x00,0x00,0x00,0x00,
	0x00,0x00,0x00,0x00,0x00,0x00,0x00,0x00,0x00,0x00,0x00,0x00,0x00,0x00,0x00,0x00,
	0x00,0x00,0x00,0x00,0x00,0x00,0x00,0x00,0x00,0x00,0x00,0x00,0x00,0x00,0x00,0x00,
	0x00,0x00,0x00,0x00,0x00,0x00,0x00,0x00,0x00,0x00,0x00,0x00,0x00,0x00,0x00,0x00,
	0x00,0x00,0x00,0x00,0x00,0x00,0x00,0x00,0x04,0x02,0x00,0x00,0x00,0x00,0x00,0x00,
	0x00,0x00,0x00,0x00,0x00,0x00,0x00,0x00,0x00,0x00,0x00,0x00,0x00,0x00,0x00,0x00,
	0x00,0x00,0x00,0x00,0x00,0x00,0x00,0x00,0x00,0x00,0x00,0x00,0x00,0x00,0x00,0x00,
	0x00,0x00,0x00,0x00,0x00,0x00,0x00,0x00,0x00,0x00,0x00,0x00,0x00,0x00,0x00,0x00,
	0x00,0x00,0x00,0x00,0x00,0x00,0x00,0x00,0x00,0x01,0x00,0x00,0x00,0x00,0x00,0x00,
	0x00,0x00,0x00,0x00,0x00,0x00,0x00,0x00,0x00,0x00,0x00,0x00,0x00,0x00,0x00,0x00,
	0x00,0x00,0x00,0x00,0x00,0x00,0x00,0x00,0x00,0x00,0x00,0x00,0x00,0x00,0x00,0x00,
	0x00,0x00,0x00,0x00,0x00,0x00,0x00,0x00,0x00,0x00,0x00,0x00,0x00,0x00,0x00,0x00,
	0x00,0x00,0x00,0x00,0x00,0x00,0x00,0x00,0x00,0x01,0x00,0x00,0x00,0x00,0x00,0x00,
	0x00,0x00,0x00,0x00,0x00,0x00,0x00,0x00,0x00,0x00,0x00,0x00,0x00,0x00,0x00,0x00,
	0x00,0x00,0x00,0x00,0x00,0x00,0x00,0x00,0x00,0x00,0x00,0x00,0x00,0x00,0x00,0x00,
	0x00,0x00,0x00,0x00,0x00,0x00,0x00,0x00,0x00,0x00,0x00,0x00,0x00,0x00,0x00,0x00,
	0x00,0x00,0x00,0x00,0x00,0x00,0x00,0x00,0x00,0x01,0x00,0x00,0x00,0x00,0x00,0x00,
	0x00,0x00,0x00,0x00,0x00,0x00,0x00,0x00,0x00,0x00,0x00,0x00,0x00,0x00,0x00,0x00,
	0x00,0x00,0x00,0x00,0x00,0x00,0x00,0x00,0x00,0x00,0x00,0x00,0x00,0x00,0x00,0x00,
	0x00,0x00,0x00,0x00,0x00,0x00,0x00,0x00,0x00,0x00,0x00,0x00,0x00,0x00,0x00,0x00,
	0x00,0x00,0x00,0x00,0x00,0x00,0x00,0x00,0x00,0x01,0x00,0x00,0x00,0x00,0x00,0x00,
	0x00,0x00,0x00,0x00,0x00,0x00,0x00,0x00,0x00,0x00,0x00,0x00,0x00,0x00,0x00,0x00,
	0x00,0x00,0x00,0x00,0x00,0x00,0x00,0x00,0x00,0x00,0x00,0x00,0x00,0x00,0x00,0x00,
	0x00,0x00,0x00,0x00,0x00,0x00,0x00,0x00,0x00,0x00,0x00,0x00,0x00,0x00,0x00,0x00,
	0x00,0x00,0x00,0x00,0x00,0x00,0x00,0x00,0x03,0x02,0x00,0x00,0x00,0x00,0x00,0x00,
	0x00,0x00,0x00,0x00,0x00,0x00,0x00,0x00,0x00,0x00,0x00,0x00,0x00,0x00,0x00,0x00,
	0x12,0x41,0x00,0x01,0x00,0x00,0x00,0x00,0x00,0x00,0x00,0x00,0x00,0x00,0x00,0x00,
	0x00,0x00,0x00,0x00,0x00,0x00,0x00,0x00,0x00,0x00,0x00,0x00,0x04,0x2f,0xe5,0xdc,
	0xdb,0xfe,0x2b,0x9d,0x4f,0xa6,0x88,0x2c,0xac,0x8f,0x1a,0x6f,0xa5,0x5f,0xec,0x7a,
	0xf9,0x9c,0xc2,0xe2,0x84,0xec,0x75,0x1c,0x6f,0xa9,0x1f,0xe4,0x2e,0xf1,0x16,0xf9,
	0x79,0x18,0xcb,0x3f,0xb2,0x9b,0xa7,0x23,0x41,0xd9,0x7d,0x08,0x4e,0x39,0xd3,0x51,
	0x61,0xe6,0x8b,0xf4,0xe2,0xfb,0xdf,0x71,0xc7,0x5b,0x21,0xf8,0x00,0x00,0x00,0x40,
	0x00,0x00,0x00,0x00,0x00,0x00,0x00,0x00,0x00,0x00,0x00,0x00,0x00,0x00,0x00,0x00,
	0x00,0x00,0x00,0x00,0x00,0x00,0x00,0x00,0x00,0x00,0x00,0x00,0x00,0x00,0x00,0x00,
	0x00,0x00,0x00,0x00,0x04,0x02,0x00,0x00,0x00,0x00,0x00,0x00,0x00,0x00,0x00,0x00,
	0x00,0x00,0x00,0x00,0x00,0x00,0x00,0x00,0x00,0x00,0x00,0x00,0x00,0x00,0x00,0x00,
	0x00,0x00,0x00,0x00,0x00,0x00,0x00,0x00,0x00,0x00,0x00,0x00,0x00,0x00,0x00,0x00,
	0x00,0x00,0x00,0x00,0x00,0x00,0x00,0x00,0x00,0x00,0x00,0x00,0x00,0x00,0x00,0x00,
	0x00,0x00,0x00,0x00,0x04,0x02,0x00,0x00,0x00,0x00,0x00,0x00,0x00,0x00,0x00,0x00,
	0x00,0x00,0x00,0x00,0x00,0x00,0x00,0x00,0x00,0x00,0x00,0x00,0x00,0x00,0x00,0x00,
	0x00,0x00,0x00,0x00,0x00,0x00,0x00,0x00,0x00,0x00,0x00,0x00,0x00,0x00,0x00,0x00,
	0x00,0x00,0x00,0x00,0x00,0x00,0x00,0x00,0x00,0x00,0x00,0x00,0x00,0x00,0x00,0x00,
	0x00,0x00,0x00,0x00,0x00,0x01,0x00,0x00,0x00,0x00,0x00,0x00,0x00,0x00,0x00,0x00,
	0x00,0x00,0x00,0x00,0x00,0x00,0x00,0x00,0x00,0x00,0x00,0x00,0x00,0x00,0x00,0x00,
	0x00,0x00,0x00,0x00,0x00,0x00,0x00,0x00,0x00,0x00,0x00,0x00,0x00,0x00,0x00,0x00,
	0x00,0x00,0x00,0x00,0x00,0x00,0x00,0x00,0x00,0x00,0x00,0x00,0x00,0x00,0x00,0x00,
	0x00,0x00,0x00,0x00,0x00,0x01,0x00,0x00,0x00,0x00,0x00,0x00,0x00,0x00,0x00,0x00,
	0x00,0x00,0x00,0x00,0x00,0x00,0x00,0x00,0x00,0x00,0x00,0x00,0x00,0x00,0x00,0x00,
	0x00,0x00,0x00,0x00,0x00,0x00,0x00,0x00,0x00,0x00,0x00,0x00,0x00,0x00,0x00,0x00,
	0x00,0x00,0x00,0x00,0x00,0x00,0x00,0x00,0x00,0x00,0x00,0x00,0x00,0x00,0x00,0x00,
	0x00,0x00,0x00,0x00,0x00,0x01,0x00,0x00,0x00,0x00,0x00,0x00,0x00,0x00,0x00,0x00,
	0x00,0x00,0x00,0x00,0x00,0x00,0x00,0x00,0x00,0x00,0x00,0x00,0x00,0x00,0x00,0x00,
	0x00,0x00,0x00,0x00,0x00,0x00,0x00,0x00,0x00,0x00,0x00,0x00,0x00,0x00,0x00,0x00,
	0x00,0x00,0x00,0x00,0x00,0x00,0x00,0x00,0x00,0x00,0x00,0x00,0x00,0x00,0x00,0x00,
	0x00,0x00,0x00,0x00,0x00,0x01,0x00,0x00,0x00,0x00,0x00,0x00,0x00,0x00,0x00,0x00,
	0x00,0x00,0x00,0x00,0x00,0x00,0x00,0x00,0x00,0x00,0x00,0x00,0x00,0x00,0x00,0x00,
	0x00,0x00,0x00,0x00,0x00,0x00,0x00,0x00,0x00,0x00,0x00,0x00,0x00,0x00,0x00,0x00,
	0x00,0x00,0x00,0x00,0x00,0x00,0x00,0x00,0x00,0x00,0x00,0x00,0x00,0x00,0x00,0x00,
	0x00,0x00,0x00,0x00,0x03,0x02,0x00,0x00,0x00,0x00,0x00,0x00,0x00,0x00,0x00,0x00,
	0x00,0x00,0x00,0x00,0x00,0x00,0x00,0x00,0x00,0x00,0x00,0x00,0x12,0x41,0x00,0x01,
	0x00,0x00,0x00,0x00,0x00,0x00,0x00,0x00,0x00,0x00,0x00,0x00,0x00,0x00,0x00,0x00,
	0x00,0x00,0x00,0x00,0x00,0x00,0x00,0x00,0x04,0x2f,0xe5,0xdc,0xdb,0xfe,0x2b,0x9d,
	0x4f,0xa6,0x88,0x2c,0xac,0x8f,0x1a,0x6f,0xa5,0x5f,0xec,0x7a,0xf9,0x9c,0xc2,0xe2,
	0x84,0xec,0x75,0x1c,0x6f,0xa9,0x1f,0xe4,0x2e,0xf1,0x16,0xf9,0x79,0x18,0xcb,0x3f,
	0xb2,0x9b,0xa7,0x23,0x41,0xd9,0x7d,0x08,0x4e,0x39,0xd3,0x51,0x61,0xe6,0x8b,0xf4,
	0xe2,0xfb,0xdf,0x71,0xc7,0x5b,0x21,0xf8,0x00,0x00,0x00,0x40,0x00,0x00,0x00,0x00,
	0x00,0x00,0x00,0x00,0x00,0x00,0x00,0x00,0x00,0x00,0x00,0x00,0x00,0x00,0x00,0x00,
	0x00,0x00,0x00,0x00,0x00,0x00,0x00,0x00,0x00,0x00,0x00,0x00,0x00,0x00,0x00,0x00,
	0x04,0x02,0x00,0x00,0x00,0x00,0x00,0x00,0x00,0x00,0x00,0x00,0x00,0x00,0x00,0x00,
	0x00,0x00,0x00,0x00,0x00,0x00,0x00,0x00,0x00,0x00,0x00,0x00,0x00,0x00,0x00,0x00,
	0x00,0x00,0x00,0x00,0x00,0x00,0x00,0x00,0x00,0x00,0x00,0x00,0x00,0x00,0x00,0x00,
	0x00,0x00,0x00,0x00,0x00,0x00,0x00,0x00,0x00,0x00,0x00,0x00,0x00,0x00,0x00,0x00,
	0x04,0x02,0x00,0x00,0x00,0x00,0x00,0x00,0x00,0x00,0x00,0x00,0x00,0x00,0x00,0x00,
	0x00,0x00,0x00,0x00,0x00,0x00,0x00,0x00,0x00,0x00,0x00,0x00,0x00,0x00,0x00,0x00,
	0x00,0x00,0x00,0x00,0x00,0x00,0x00,0x00,0x00,0x00,0x00,0x00,0x00,0x00,0x00,0x00,
	0x00,0x00,0x00,0x00,0x00,0x00,0x00,0x00,0x00,0x00,0x00,0x00,0x00,0x00,0x00,0x00,
	0x00,0x01,0x00,0x00,0x00,0x00,0x00,0x00,0x00,0x00,0x00,0x00,0x00,0x00,0x00,0x00,
	0x00,0x00,0x00,0x00,0x00,0x00,0x00,0x00,0x00,0x00,0x00,0x00,0x00,0x00,0x00,0x00,
	0x00,0x00,0x00,0x00,0x00,0x00,0x00,0x00,0x00,0x00,0x00,0x00,0x00,0x00,0x00,0x00,
	0x00,0x00,0x00,0x00,0x00,0x00,0x00,0x00,0x00,0x00,0x00,0x00,0x00,0x00,0x00,0x00,
	0x00,0x01,0x00,0x00,0x00,0x00,0x00,0x00,0x00,0x00,0x00,0x00,0x00,0x00,0x00,0x00,
	0x00,0x00,0x00,0x00,0x00,0x00,0x00,0x00,0x00,0x00,0x00,0x00,0x00,0x00,0x00,0x00,
	0x00,0x00,0x00,0x00,0x00,0x00,0x00,0x00,0x00,0x00,0x00,0x00,0x00,0x00,0x00,0x00,
	0x00,0x00,0x00,0x00,0x00,0x00,0x00,0x00,0x00,0x00,0x00,0x00,0x00,0x00,0x00,0x00,
	0x00,0x01,0x00,0x00,0x00,0x00,0x00,0x00,0x00,0x00,0x00,0x00,0x00,0x00,0x00,0x00,
	0x00,0x00,0x00,0x00,0x00,0x00,0x00,0x00,0x00,0x00,0x00,0x00,0x00,0x00,0x00,0x00,
	0x00,0x00,0x00,0x00,0x00,0x00,0x00,0x00,0x00,0x00,0x00,0x00,0x00,0x00,0x00,0x00,
	0x00,0x00,0x00,0x00,0x00,0x00,0x00,0x00,0x00,0x00,0x00,0x00,0x00,0x00,0x00,0x00,
	0x00,0x01,0x00,0x00,0x00,0x00,0x00,0x00,0x00,0x00,0x00,0x00,0x00,0x00,0x00,0x00,
	0x00,0x00,0x00,0x00,0x00,0x00,0x00,0x00,0x00,0x00,0x00,0x00,0x00,0x00,0x00,0x00,
	0x00,0x00,0x00,0x00,0x00,0x00,0x00,0x00,0x00,0x00,0x00,0x00,0x00,0x00,0x00,0x00,
	0x00,0x00,0x00,0x00,0x00,0x00,0x00,0x00,0x00,0x00,0x00,0x00,0x00,0x00,0x00,0x00,
	0x03,0x02,0x00,0x00,0x00,0x00,0x00,0x00,0x00,0x00,0x00,0x00,0x00,0x00,0x00,0x00,
	0x00,0x00,0x00,0x00,0x00,0x00,0x00,0x00,0x12,0x41,0x00,0x01,0x00,0x00,0x00,0x00,
	0x00,0x00,0x00,0x00,0x00,0x00,0x00,0x00,0x00,0x00,0x00,0x00,0x00,0x00,0x00,0x00,
	0x00,0x00,0x00,0x00,0x04,0x2f,0xe5,0xdc,0xdb,0xfe,0x2b,0x9d,0x4f,0xa6,0x88,0x2c,
	0xac,0x8f,0x1a,0x6f,0xa5,0x5f,0xec,0x7a,0xf9,0x9c,0xc2,0xe2,0x84,0xec,0x75,0x1c,
	0x6f,0xa9,0x1f,0xe4,0x2e,0xf1,0x16,0xf9,0x79,0x18,0xcb,0x3f,0xb2,0x9b,0xa7,0x23,
	0x41,0xd9,0x7d,0x08,0x4e,0x39,0xd3,0x51,0x61,0xe6,0x8b,0xf4,0xe2,0xfb,0xdf,0x71,
	0xc7,0x5b,0x21,0xf8,0x00,0x00,0x00,0x40,0x00,0x00,0x00,0x00,0x00,0x00,0x00,0x00,
	0x00,0x00,0x00,0x00,0x00,0x00,0x00,0x00,0x00,0x00,0x00,0x00,0x00,0x00,0x00,0x00,
	0x00,0x00,0x00,0x00,0x00,0x00,0x00,0x00,0x00,0x00,0x00,0x00,0x04,0x02,0x00,0x00,
	0x00,0x00,0x00,0x00,0x00,0x00,0x00,0x00,0x00,0x00,0x00,0x00,0x00,0x00,0x00,0x00,
	0x00,0x00,0x00,0x00,0x00,0x00,0x00,0x00,0x00,0x00,0x00,0x00,0x00,0x00,0x00,0x00,
	0x00,0x00,0x00,0x00,0x00,0x00,0x00,0x00,0x00,0x00,0x00,0x00,0x00,0x00,0x00,0x00,
	0x00,0x00,0x00,0x00,0x00,0x00,0x00,0x00,0x00,0x00,0x00,0x00,0x04,0x02,0x00,0x00,
	0x00,0x00,0x00,0x00,0x00,0x00,0x00,0x00,0x00,0x00,0x00,0x00,0x00,0x00,0x00,0x00,
	0x00,0x00,0x00,0x00,0x00,0x00,0x00,0x00,0x00,0x00,0x00,0x00,0x00,0x00,0x00,0x00,
	0x00,0x00,0x00,0x00,0x00,0x00,0x00,0x00,0x00,0x00,0x00,0x00,0x00,0x00,0x00,0x00,
	0x00,0x00,0x00,0x00,0x00,0x00,0x00,0x00,0x00,0x00,0x00,0x00,0x00,0x01,0x00,0x00,
	0x00,0x00,0x00,0x00,0x00,0x00,0x00,0x00,0x00,0x00,0x00,0x00,0x00,0x00,0x00,0x00,
	0x00,0x00,0x00,0x00,0x00,0x00,0x00,0x00,0x00,0x00,0x00,0x00,0x00,0x00,0x00,0x00,
	0x00,0x00,0x00,0x00,0x00,0x00,0x00,0x00,0x00,0x00,0x00,0x00,0x00,0x00,0x00,0x00,
	0x00,0x00,0x00,0x00,0x00,0x00,0x00,0x00,0x00,0x00,0x00,0x00,0x00,0x01,0x00,0x00,
	0x00,0x00,0x00,0x00,0x00,0x00,0x00,0x00,0x00,0x00,0x00,0x00,0x00,0x00,0x00,0x00,
	0x00,0x00,0x00,0x00,0x00,0x00,0x00,0x00,0x00,0x00,0x00,0x00,0x00,0x00,0x00,0x00,
	0x00,0x00,0x00,0x00,0x00,0x00,0x00,0x00,0x00,0x00,0x00,0x00,0x00,0x00,0x00,0x00,
	0x00,0x00,0x00,0x00,0x00,0x00,0x00,0x00,0x00,0x00,0x00,0x00,0x00,0x01,0x00,0x00,
	0x00,0x00,0x00,0x00,0x00,0x00,0x00,0x00,0x00,0x00,0x00,0x00,0x00,0x00,0x00,0x00,
	0x00,0x00,0x00,0x00,0x00,0x00,0x00,0x00,0x00,0x00,0x00,0x00,0x00,0x00,0x00,0x00,
	0x00,0x00,0x00,0x00,0x00,0x00,0x00,0x00,0x00,0x00,0x00,0x00,0x00,0x00,0x00,0x00,
	0x00,0x00,0x00,0x00,0x00,0x00,0x00,0x00,0x00,0x00,0x00,0x00,0x00,0x01,0x00,0x00,
	0x00,0x00,0x00,0x00,0x00,0x00,0x00,0x00,0x00,0x00,0x00,0x00,0x00,0x00,0x00,0x00,
	0x00,0x00,0x00,0x00,0x00,0x00,0x00,0x00,0x00,0x00,0x00,0x00,0x00,0x00,0x00,0x00,
	0x00,0x00,0x00,0x00,0x00,0x00,0x00,0x00,0x00,0x00,0x00,0x00,0x00,0x00,0x00,0x00,
	0x00,0x00,0x00,0x00,0x00,0x00,0x00,0x00,0x00,0x00,0x00,0x00,0x03,0x02,0x00,0x00,
	0x00,0x00,0x00,0x00,0x00,0x00,0x00,0x00,0x00,0x00,0x00,0x00,0x00,0x00,0x00,0x00,
	0x00,0x00,0x00,0x00,0x12,0x41,0x00,0x01,0x00,0x00,0x00,0x00,0x00,0x00,0x00,0x00,
	0x00,0x00,0x00,0x00,0x00,0x00,0x00,0x00,0x00,0x00,0x00,0x00,0x00,0x00,0x00,0x00,
	0x04,0x2f,0xe5,0xdc,0xdb,0xfe,0x2b,0x9d,0x4f,0xa6,0x88,0x2c,0xac,0x8f,0x1a,0x6f,
	0xa5,0x5f,0xec,0x7a,0xf9,0x9c,0xc2,0xe2,0x84,0xec,0x75,0x1c,0x6f,0xa9,0x1f,0xe4,
	0x2e,0xf1,0x16,0xf9,0x79,0x18,0xcb,0x3f,0xb2,0x9b,0xa7,0x23,0x41,0xd9,0x7d,0x08,
	0x4e,0x39,0xd3,0x51,0x61,0xe6,0x8b,0xf4,0xe2,0xfb,0xdf,0x71,0xc7,0x5b,0x21,0xf8,
	0x00,0x00,0x00,0x40,0x00,0x00,0x00,0x00,0x00,0x00,0x00,0x00,0x00,0x00,0x00,0x00,
	0x00,0x00,0x00,0x00,0x00,0x00,0x00,0x00,0x00,0x00,0x00,0x00,0x00,0x00,0x00,0x00,
	0x00,0x00,0x00,0x00,0x00,0x00,0x00,0x00,0x04,0x02,0x00,0x00,0x00,0x00,0x00,0x00,
	0x00,0x00,0x00,0x00,0x00,0x00,0x00,0x00,0x00,0x00,0x00,0x00,0x00,0x00,0x00,0x00,
	0x00,0x00,0x00,0x00,0x00,0x00,0x00,0x00,0x00,0x00,0x00,0x00,0x00,0x00,0x00,0x00,
	0x00,0x00,0x00,0x00,0x00,0x00,0x00,0x00,0x00,0x00,0x00,0x00,0x00,0x00,0x00,0x00,
	0x00,0x00,0x00,0x00,0x00,0x00,0x00,0x00,0x04,0x02,0x00,0x00,0x00,0x00,0x00,0x00,
	0x00,0x00,0x00,0x00,0x00,0x00,0x00,0x00,0x00,0x00,0x00,0x00,0x00,0x00,0x00,0x00,
	0x00,0x00,0x00,0x00,0x00,0x00,0x00,0x00,0x00,0x00,0x00,0x00,0x00,0x00,0x00,0x00,
	0x00,0x00,0x00,0x00,0x00,0x00,0x00,0x00,0x00,0x00,0x00,0x00,0x00,0x00,0x00,0x00,
	0x00,0x00,0x00,0x00,0x00,0x00,0x00,0x00,0x00,0x01,0x00,0x00,0x00,0x00,0x00,0x00,
	0x00,0x00,0x00,0x00,0x00,0x00,0x00,0x00,0x00,0x00,0x00,0x00,0x00,0x00,0x00,0x00,
	0x00,0x00,0x00,0x00,0x00,0x00,0x00,0x00,0x00,0x00,0x00,0x00,0x00,0x00,0x00,0x00,
	0x00,0x00,0x00,0x00,0x00,0x00,0x00,0x00,0x00,0x00,0x00,0x00,0x00,0x00,0x00,0x00,
	0x00,0x00,0x00,0x00,0x00,0x00,0x00,0x00,0x00,0x01,0x00,0x00,0x00,0x00,0x00,0x00,
	0x00,0x00,0x00,0x00,0x00,0x00,0x00,0x00,0x00,0x00,0x00,0x00,0x00,0x00,0x00,0x00,
	0x00,0x00,0x00,0x00,0x00,0x00,0x00,0x00,0x00,0x00,0x00,0x00,0x00,0x00,0x00,0x00,
	0x00,0x00,0x00,0x00,0x00,0x00,0x00,0x00,0x00,0x00,0x00,0x00,0x00,0x00,0x00,0x00,
	0x00,0x00,0x00,0x00,0x00,0x00,0x00,0x00,0x00,0x01,0x00,0x00,0x00,0x00,0x00,0x00,
	0x00,0x00,0x00,0x00,0x00,0x00,0x00,0x00,0x00,0x00,0x00,0x00,0x00,0x00,0x00,0x00,
	0x00,0x00,0x00,0x00,0x00,0x00,0x00,0x00,0x00,0x00,0x00,0x00,0x00,0x00,0x00,0x00,
	0x00,0x00,0x00,0x00,0x00,0x00,0x00,0x00,0x00,0x00,0x00,0x00,0x00,0x00,0x00,0x00,
	0x00,0x00,0x00,0x00,0x00,0x00,0x00,0x00,0x00,0x01,0x00,0x00,0x00,0x00,0x00,0x00,
	0x00,0x00,0x00,0x00,0x00,0x00,0x00,0x00,0x00,0x00,0x00,0x00,0x00,0x00,0x00,0x00,
	0x00,0x00,0x00,0x00,0x00,0x00,0x00,0x00,0x00,0x00,0x00,0x00,0x00,0x00,0x00,0x00,
	0x00,0x00,0x00,0x00,0x00,0x00,0x00,0x00,0x00,0x00,0x00,0x00,0x00,0x00,0x00,0x00,
	0x00,0x00,0x00,0x00,0x00,0x00,0x00,0x00,0x03,0x02,0x00,0x00,0x00,0x00,0x00,0x00,
	0x00,0x00,0x00,0x00,0x00,0x00,0x00,0x00,0x00,0x00,0x00,0x00,0x00,0x00,0x00,0x00,
	0x12,0x41,0x00,0x01,0x00,0x00,0x00,0x00,0x00,0x00,0x00,0x00,0x00,0x00,0x00,0x00,
	0x00,0x00,0x00,0x00,0x00,0x00,0x00,0x00,0x00,0x00,0x00,0x00,0x04,0x2f,0xe5,0xdc,
	0xdb,0xfe,0x2b,0x9d,0x4f,0xa6,0x88,0x2c,0xac,0x8f,0x1a,0x6f,0xa5,0x5f,0xec,0x7a,
	0xf9,0x9c,0xc2,0xe2,0x84,0xec,0x75,0x1c,0x6f,0xa9,0x1f,0xe4,0x2e,0xf1,0x16,0xf9,
	0x79,0x18,0xcb,0x3f,0xb2,0x9b,0xa7,0x23,0x41,0xd9,0x7d,0x08,0x4e,0x39,0xd3,0x51,
	0x61,0xe6,0x8b,0xf4,0xe2,0xfb,0xdf,0x71,0xc7,0x5b,0x21,0xf8,0x00,0x00,0x00,0x40,
	0x00,0x00,0x00,0x00,0x00,0x00,0x00,0x00,0x00,0x00,0x00,0x00,0x00,0x00,0x00,0x00,
	0x00,0x00,0x00,0x00,0x00,0x00,0x00,0x00,0x00,0x00,0x00,0x00,0x00,0x00,0x00,0x00,
	0x00,0x00,0x00,0x00,0x04,0x02,0x00,0x00,0x00,0x00,0x00,0x00,0x00,0x00,0x00,0x00,
	0x00,0x00,0x00,0x00,0x00,0x00,0x00,0x00,0x00,0x00,0x00,0x00,0x00,0x00,0x00,0x00,
	0x00,0x00,0x00,0x00,0x00,0x00,0x00,0x00,0x00,0x00,0x00,0x00,0x00,0x00,0x00,0x00,
	0x00,0x00,0x00,0x00,0x00,0x00,0x00,0x00,0x00,0x00,0x00,0x00,0x00,0x00,0x00,0x00,
	0x00,0x00,0x00,0x00,0x04,0x02,0x00,0x00,0x00,0x00,0x00,0x00,0x00,0x00,0x00,0x00,
	0x00,0x00,0x00,0x00,0x00,0x00,0x00,0x00,0x00,0x00,0x00,0x00,0x00,0x00,0x00,0x00,
	0x00,0x00,0x00,0x00,0x00,0x00,0x00,0x00,0x00,0x00,0x00,0x00,0x00,0x00,0x00,0x00,
	0x00,0x00,0x00,0x00,0x00,0x00,0x00,0x00,0x00,0x00,0x00,0x00,0x00,0x00,0x00,0x00,
	0x00,0x00,0x00,0x00,0x00,0x01,0x00,0x00,0x00,0x00,0x00,0x00,0x00,0x00,0x00,0x00,
	0x00,0x00,0x00,0x00,0x00,0x00,0x00,0x00,0x00,0x00,0x00,0x00,0x00,0x00,0x00,0x00,
	0x00,0x00,0x00,0x00,0x00,0x00,0x00,0x00,0x00,0x00,0x00,0x00,0x00,0x00,0x00,0x00,
	0x00,0x00,0x00,0x00,0x00,0x00,0x00,0x00,0x00,0x00,0x00,0x00,0x00,0x00,0x00,0x00,
	0x00,0x00,0x00,0x00,0x00,0x01,0x00,0x00,0x00,0x00,0x00,0x00,0x00,0x00,0x00,0x00,
	0x00,0x00,0x00,0x00,0x00,0x00,0x00,0x00,0x00,0x00,0x00,0x00,0x00,0x00,0x00,0x00,
	0x00,0x00,0x00,0x00,0x00,0x00,0x00,0x00,0x00,0x00,0x00,0x00,0x00,0x00,0x00,0x00,
	0x00,0x00,0x00,0x00,0x00,0x00,0x00,0x00,0x00,0x00,0x00,0x00,0x00,0x00,0x00,0x00,
	0x00,0x00,0x00,0x00,0x00,0x01,0x00,0x00,0x00,0x00,0x00,0x00,0x00,0x00,0x00,0x00,
	0x00,0x00,0x00,0x00,0x00,0x00,0x00,0x00,0x00,0x00,0x00,0x00,0x00,0x00,0x00,0x00,
	0x00,0x00,0x00,0x00,0x00,0x00,0x00,0x00,0x00,0x00,0x00,0x00,0x00,0x00,0x00,0x00,
	0x00,0x00,0x00,0x00,0x00,0x00,0x00,0x00,0x00,0x00,0x00,0x00,0x00,0x00,0x00,0x00,
	0x00,0x00,0x00,0x00,0x00,0x01,0x00,0x00,0x00,0x00,0x00,0x00,0x00,0x00,0x00,0x00,
	0x00,0x00,0x00,0x00,0x00,0x00,0x00,0x00,0x00,0x00,0x00,0x00,0x00,0x00,0x00,0x00,
	0x00,0x00,0x00,0x00,0x00,0x00,0x00,0x00,0x00,0x00,0x00,0x00,0x00,0x00,0x00,0x00,
	0x00,0x00,0x00,0x00,0x00,0x00,0x00,0x00,0x00,0x00,0x00,0x00,0x00,0x00,0x00,0x00,
	0x00,0x00,0x00,0x00,0x03,0x02,0x00,0x00,0x00,0x00,0x00,0x00,0x00,0x00,0x00,0x00,
	0x00,0x00,0x00,0x00,0x00,0x00,0x00,0x00,0x00,0x00,0x00,0x00,0x12,0x41,0x00,0x01,
	0x00,0x00,0x00,0x00,0x00,0x00,0x00,0x00,0x00,0x00,0x00,0x00,0x00,0x00,0x00,0x00,
	0x00,0x00,0x00,0x00,0x00,0x00,0x00,0x00,0x04,0x2f,0xe5,0xdc,0xdb,0xfe,0x2b,0x9d,
	0x4f,0xa6,0x88,0x2c,0xac,0x8f,0x1a,0x6f,0xa5,0x5f,0xec,0x7a,0xf9,0x9c,0xc2,0xe2,
	0x84,0xec,0x75,0x1c,0x6f,0xa9,0x1f,0xe4,0x2e,0xf1,0x16,0xf9,0x79,0x18,0xcb,0x3f,
	0xb2,0x9b,0xa7,0x23,0x41,0xd9,0x7d,0x08,0x4e,0x39,0xd3,0x51,0x61,0xe6,0x8b,0xf4,
	0xe2,0xfb,0xdf,0x71,0xc7,0x5b,0x21,0xf8,0x00,0x00,0x00,0x40,0x00,0x00,0x00,0x00,
	0x00,0x00,0x00,0x00,0x00,0x00,0x00,0x00,0x00,0x00,0x00,0x00,0x00,0x00,0x00,0x00,
	0x00,0x00,0x00,0x00,0x00,0x00,0x00,0x00,0x00,0x00,0x00,0x00,0x00,0x00,0x00,0x00,
	0x04,0x02,0x00,0x00,0x00,0x00,0x00,0x00,0x00,0x00,0x00,0x00,0x00,0x00,0x00,0x00,
	0x00,0x00,0x00,0x00,0x00,0x00,0x00,0x00,0x00,0x00,0x00,0x00,0x00,0x00,0x00,0x00,
	0x00,0x00,0x00,0x00,0x00,0x00,0x00,0x00,0x00,0x00,0x00,0x00,0x00,0x00,0x00,0x00,
	0x00,0x00,0x00,0x00,0x00,0x00,0x00,0x00,0x00,0x00,0x00,0x00,0x00,0x00,0x00,0x00,
	0x04,0x02,0x00,0x00,0x00,0x00,0x00,0x00,0x00,0x00,0x00,0x00,0x00,0x00,0x00,0x00,
	0x00,0x00,0x00,0x00,0x00,0x00,0x00,0x00,0x00,0x00,0x00,0x00,0x00,0x00,0x00,0x00,
	0x00,0x00,0x00,0x00,0x00,0x00,0x00,0x00,0x00,0x00,0x00,0x00,0x00,0x00,0x00,0x00,
	0x00,0x00,0x00,0x00,0x00,0x00,0x00,0x00,0x00,0x00,0x00,0x00,0x00,0x00,0x00,0x00,
	0x00,0x01,0x00,0x00,0x00,0x00,0x00,0x00,0x00,0x00,0x00,0x00,0x00,0x00,0x00,0x00,
	0x00,0x00,0x00,0x00,0x00,0x00,0x00,0x00,0x00,0x00,0x00,0x00,0x00,0x00,0x00,0x00,
	0x00,0x00,0x00,0x00,0x00,0x00,0x00,0x00,0x00,0x00,0x00,0x00,0x00,0x00,0x00,0x00,
	0x00,0x00,0x00,0x00,0x00,0x00,0x00,0x00,0x00,0x00,0x00,0x00,0x00,0x00,0x00,0x00,
	0x00,0x01,0x00,0x00,0x00,0x00,0x00,0x00,0x00,0x00,0x00,0x00,0x00,0x00,0x00,0x00,
	0x00,0x00,0x00,0x00,0x00,0x00,0x00,0x00,0x00,0x00,0x00,0x00,0x00,0x00,0x00,0x00,
	0x00,0x00,0x00,0x00,0x00,0x00,0x00,0x00,0x00,0x00,0x00,0x00,0x00,0x00,0x00,0x00,
	0x00,0x00,0x00,0x00,0x00,0x00,0x00,0x00,0x00,0x00,0x00,0x00,0x00,0x00,0x00,0x00,
	0x00,0x01,0x00,0x00,0x00,0x00,0x00,0x00,0x00,0x00,0x00,0x00,0x00,0x00,0x00,0x00,
	0x00,0x00,0x00,0x00,0x00,0x00,0x00,0x00,0x00,0x00,0x00,0x00,0x00,0x00,0x00,0x00,
	0x00,0x00,0x00,0x00,0x00,0x00,0x00,0x00,0x00,0x00,0x00,0x00,0x00,0x00,0x00,0x00,
	0x00,0x00,0x00,0x00,0x00,0x00,0x00,0x00,0x00,0x00,0x00,0x00,0x00,0x00,0x00,0x00,
	0x00,0x01,0x00,0x00,0x00,0x00,0x00,0x00,0x00,0x00,0x00,0x00,0x00,0x00,0x00,0x00,
	0x00,0x00,0x00,0x00,0x00,0x00,0x00,0x00,0x00,0x00,0x00,0x00,0x00,0x00,0x00,0x00,
	0x00,0x00,0x00,0x00,0x00,0x00,0x00,0x00,0x00,0x00,0x00,0x00,0x00,0x00,0x00,0x00,
	0x00,0x00,0x00,0x00,0x00,0x00,0x00,0x00,0x00,0x00,0x00,0x00,0x00,0x00,0x00,0x00,
	0x03,0x02,0x00,0x00,0x00,0x00,0x00,0x00,0x00,0x00,0x00,0x00,0x00,0x00,0x00,0x00,
	0x00,0x00,0x00,0x00,0x00,0x00,0x00,0x00,0x12,0x41,0x00,0x01,0x00,0x00,0x00,0x00,
	0x00,0x00,0x00,0x00,0x00,0x00,0x00,0x00,0x00,0x00,0x00,0x00,0x00,0x00,0x00,0x00,
	0x00,0x00,0x00,0x00,0x04,0x2f,0xe5,0xdc,0xdb,0xfe,0x2b,0x9d,0x4f,0xa6,0x88,0x2c,
	0xac,0x8f,0x1a,0x6f,0xa5,0x5f,0xec,0x7a,0xf9,0x9c,0xc2,0xe2,0x84,0xec,0x75,0x1c,
	0x6f,0xa9,0x1f,0xe4,0x2e,0xf1,0x16,0xf9,0x79,0x18,0xcb,0x3f,0xb2,0x9b,0xa7,0x23,
	0x41,0xd9,0x7d,0x08,0x4e,0x39,0xd3,0x51,0x61,0xe6,0x8b,0xf4,0xe2,0xfb,0xdf,0x71,
	0xc7,0x5b,0x21,0xf8,0x00,0x00,0x00,0x40,0x00,0x00,0x00,0x00,0x00,0x00,0x00,0x00,
	0x00,0x00,0x00,0x00,0x00,0x00,0x00,0x00,0x00,0x00,0x00,0x00,0x00,0x00,0x00,0x00,
	0x00,0x00,0x00,0x00,0x00,0x00,0x00,0x00,0x00,0x00,0x00,0x00,0x04,0x02,0x00,0x00,
	0x00,0x00,0x00,0x00,0x00,0x00,0x00,0x00,0x00,0x00,0x00,0x00,0x00,0x00,0x00,0x00,
	0x00,0x00,0x00,0x00,0x00,0x00,0x00,0x00,0x00,0x00,0x00,0x00,0x00,0x00,0x00,0x00,
	0x00,0x00,0x00,0x00,0x00,0x00,0x00,0x00,0x00,0x00,0x00,0x00,0x00,0x00,0x00,0x00,
	0x00,0x00,0x00,0x00,0x00,0x00,0x00,0x00,0x00,0x00,0x00,0x00,0x04,0x02,0x00,0x00,
	0x00,0x00,0x00,0x00,0x00,0x00,0x00,0x00,0x00,0x00,0x00,0x00,0x00,0x00,0x00,0x00,
	0x00,0x00,0x00,0x00,0x00,0x00,0x00,0x00,0x00,0x00,0x00,0x00,0x00,0x00,0x00,0x00,
	0x00,0x00,0x00,0x00,0x00,0x00,0x00,0x00,0x00,0x00,0x00,0x00,0x00,0x00,0x00,0x00,
	0x00,0x00,0x00,0x00,0x00,0x00,0x00,0x00,0x00,0x00,0x00,0x00,0x00,0x01,0x00,0x00,
	0x00,0x00,0x00,0x00,0x00,0x00,0x00,0x00,0x00,0x00,0x00,0x00,0x00,0x00,0x00,0x00,
	0x00,0x00,0x00,0x00,0x00,0x00,0x00,0x00,0x00,0x00,0x00,0x00,0x00,0x00,0x00,0x00,
	0x00,0x00,0x00,0x00,0x00,0x00,0x00,0x00,0x00,0x00,0x00,0x00,0x00,0x00,0x00,0x00,
	0x00,0x00,0x00,0x00,0x00,0x00,0x00,0x00,0x00,0x00,0x00,0x00,0x00,0x01,0x00,0x00,
	0x00,0x00,0x00,0x00,0x00,0x00,0x00,0x00,0x00,0x00,0x00,0x00,0x00,0x00,0x00,0x00,
	0x00,0x00,0x00,0x00,0x00,0x00,0x00,0x00,0x00,0x00,0x00,0x00,0x00,0x00,0x00,0x00,
	0x00,0x00,0x00,0x00,0x00,0x00,0x00,0x00,0x00,0x00,0x00,0x00,0x00,0x00,0x00,0x00,
	0x00,0x00,0x00,0x00,0x00,0x00,0x00,0x00,0x00,0x00,0x00,0x00,0x00,0x01,0x00,0x00,
	0x00,0x00,0x00,0x00,0x00,0x00,0x00,0x00,0x00,0x00,0x00,0x00,0x00,0x00,0x00,0x00,
	0x00,0x00,0x00,0x00,0x00,0x00,0x00,0x00,0x00,0x00,0x00,0x00,0x00,0x00,0x00,0x00,
	0x00,0x00,0x00,0x00,0x00,0x00,0x00,0x00,0x00,0x00,0x00,0x00,0x00,0x00,0x00,0x00,
	0x00,0x00,0x00,0x00,0x00,0x00,0x00,0x00,0x00,0x00,0x00,0x00,0x00,0x01,0x00,0x00,
	0x00,0x00,0x00,0x00,0x00,0x00,0x00,0x00,0x00,0x00,0x00,0x00,0x00,0x00,0x00,0x00,
	0x00,0x00,0x00,0x00,0x00,0x00,0x00,0x00,0x00,0x00,0x00,0x00,0x00,0x00,0x00,0x00,
	0x00,0x00,0x00,0x00,0x00,0x00,0x00,0x00,0x00,0x00,0x00,0x00,0x00,0x00,0x00,0x00,
	0x00,0x00,0x00,0x00,0x00,0x00,0x00,0x00,0x00,0x00,0x00,0x00,0x03,0x02,0x00,0x00,
	0x00,0x00,0x00,0x00,0x00,0x00,0x00,0x00,0x00,0x00,0x00,0x00,0x00,0x00,0x00,0x00,
	0x00,0x00,0x00,0x00,0x12,0x41,0x00,0x01,0x00,0x00,0x00,0x00,0x00,0x00,0x00,0x00,
	0x00,0x00,0x00,0x00,0x00,0x00,0x00,0x00,0x00,0x00,0x00,0x00,0x00,0x00,0x00,0x00,
	0x04,0x2f,0xe5,0xdc,0xdb,0xfe,0x2b,0x9d,0x4f,0xa6,0x88,0x2c,0xac,0x8f,0x1a,0x6f,
	0xa5,0x5f,0xec,0x7a,0xf9,0x9c,0xc2,0xe2,0x84,0xec,0x75,0x1c,0x6f,0xa9,0x1f,0xe4,
	0x2e,0xf1,0x16,0xf9,0x79,0x18,0xcb,0x3f,0xb2,0x9b,0xa7,0x23,0x41,0xd9,0x7d,0x08,
	0x4e,0x39,0xd3,0x51,0x61,0xe6,0x8b,0xf4,0xe2,0xfb,0xdf,0x71,0xc7,0x5b,0x21,0xf8,
	0x00,0x00,0x00,0x40,0x00,0x00,0x00,0x00,0x00,0x00,0x00,0x00,0x00,0x00,0x00,0x00,
	0x00,0x00,0x00,0x00,0x00,0x00,0x00,0x00,0x00,0x00,0x00,0x00,0x00,0x00,0x00,0x00,
	0x00,0x00,0x00,0x00,0x00,0x00,0x00,0x00,0x04,0x02,0x00,0x00,0x00,0x00,0x00,0x00,
	0x00,0x00,0x00,0x00,0x00,0x00,0x00,0x00,0x00,0x00,0x00,0x00,0x00,0x00,0x00,0x00,
	0x00,0x00,0x00,0x00,0x00,0x00,0x00,0x00,0x00,0x00,0x00,0x00,0x00,0x00,0x00,0x00,
	0x00,0x00,0x00,0x00,0x00,0x00,0x00,0x00,0x00,0x00,0x00,0x00,0x00,0x00,0x00,0x00,
	0x00,0x00,0x00,0x00,0x00,0x00,0x00,0x00,0x04,0x02,0x00,0x00,0x00,0x00,0x00,0x00,
	0x00,0x00,0x00,0x00,0x00,0x00,0x00,0x00,0x00,0x00,0x00,0x00,0x00,0x00,0x00,0x00,
	0x00,0x00,0x00,0x00,0x00,0x00,0x00,0x00,0x00,0x00,0x00,0x00,0x00,0x00,0x00,0x00,
	0x00,0x00,0x00,0x00,0x00,0x00,0x00,0x00,0x00,0x00,0x00,0x00,0x00,0x00,0x00,0x00,
	0x00,0x00,0x00,0x00,0x00,0x00,0x00,0x00,0x00,0x01,0x00,0x00,0x00,0x00,0x00,0x00,
	0x00,0x00,0x00,0x00,0x00,0x00,0x00,0x00,0x00,0x00,0x00,0x00,0x00,0x00,0x00,0x00,
	0x00,0x00,0x00,0x00,0x00,0x00,0x00,0x00,0x00,0x00,0x00,0x00,0x00,0x00,0x00,0x00,
	0x00,0x00,0x00,0x00,0x00,0x00,0x00,0x00,0x00,0x00,0x00,0x00,0x00,0x00,0x00,0x00,
	0x00,0x00,0x00,0x00,0x00,0x00,0x00,0x00,0x00,0x01,0x00,0x00,0x00,0x00,0x00,0x00,
	0x00,0x00,0x00,0x00,0x00,0x00,0x00,0x00,0x00,0x00,0x00,0x00,0x00,0x00,0x00,0x00,
	0x00,0x00,0x00,0x00,0x00,0x00,0x00,0x00,0x00,0x00,0x00,0x00,0x00,0x00,0x00,0x00,
	0x00,0x00,0x00,0x00,0x00,0x00,0x00,0x00,0x00,0x00,0x00,0x00,0x00,0x00,0x00,0x00,
	0x00,0x00,0x00,0x00,0x00,0x00,0x00,0x00,0x00,0x01,0x00,0x00,0x00,0x00,0x00,0x00,
	0x00,0x00,0x00,0x00,0x00,0x00,0x00,0x00,0x00,0x00,0x00,0x00,0x00,0x00,0x00,0x00,
	0x00,0x00,0x00,0x00,0x00,0x00,0x00,0x00,0x00,0x00,0x00,0x00,0x00,0x00,0x00,0x00,
	0x00,0x00,0x00,0x00,0x00,0x00,0x00,0x00,0x00,0x00,0x00,0x00,0x00,0x00,0x00,0x00,
	0x00,0x00,0x00,0x00,0x00,0x00,0x00,0x00,0x00,0x01,0x00,0x00,0x00,0x00,0x00,0x00,
	0x00,0x00,0x00,0x00,0x00,0x00,0x00,0x00,0x00,0x00,0x00,0x00,0x00,0x00,0x00,0x00,
	0x00,0x00,0x00,0x00,0x00,0x00,0x00,0x00,0x00,0x00,0x00,0x00,0x00,0x00,0x00,0x00,
	0x00,0x00,0x00,0x00,0x00,0x00,0x00,0x00,0x00,0x00,0x00,0x00,0x00,0x00,0x00,0x00,
	0x00,0x00,0x00,0x00,0x00,0x00,0x00,0x00,0x03,0x02,0x00,0x00,0x00,0x00,0x00,0x00,
	0x00,0x00,0x00,0x00,0x00,0x00,0x00,0x00,0x00,0x00,0x00,0x00,0x00,0x00,0x00,0x00,
	0x12,0x41,0x00,0x01,0x00,0x00,0x00,0x00,0x00,0x00,0x00,0x00,0x00,0x00,0x00,0x00,
	0x00,0x00,0x00,0x00,0x00,0x00,0x00,0x00,0x00,0x00,0x00,0x00,0x04,0x2f,0xe5,0xdc,
	0xdb,0xfe,0x2b,0x9d,0x4f,0xa6,0x88,0x2c,0xac,0x8f,0x1a,0x6f,0xa5,0x5f,0xec,0x7a,
	0xf9,0x9c,0xc2,0xe2,0x84,0xec,0x75,0x1c,0x6f,0xa9,0x1f,0xe4,0x2e,0xf1,0x16,0xf9,
	0x79,0x18,0xcb,0x3f,0xb2,0x9b,0xa7,0x23,0x41,0xd9,0x7d,0x08,0x4e,0x39,0xd3,0x51,
	0x61,0xe6,0x8b,0xf4,0xe2,0xfb,0xdf,0x71,0xc7,0x5b,0x21,0xf8,0x00,0x00,0x00,0x40,
	0x00,0x00,0x00,0x00,0x00,0x00,0x00,0x00,0x00,0x00,0x00,0x00,0x00,0x00,0x00,0x00,
	0x00,0x00,0x00,0x00,0x00,0x00,0x00,0x00,0x00,0x00,0x00,0x00,0x00,0x00,0x00,0x00,
	0x00,0x00,0x00,0x00,0x04,0x02,0x00,0x00,0x00,0x00,0x00,0x00,0x00,0x00,0x00,0x00,
	0x00,0x00,0x00,0x00,0x00,0x00,0x00,0x00,0x00,0x00,0x00,0x00,0x00,0x00,0x00,0x00,
	0x00,0x00,0x00,0x00,0x00,0x00,0x00,0x00,0x00,0x00,0x00,0x00,0x00,0x00,0x00,0x00,
	0x00,0x00,0x00,0x00,0x00,0x00,0x00,0x00,0x00,0x00,0x00,0x00,0x00,0x00,0x00,0x00,
	0x00,0x00,0x00,0x00,0x04,0x02,0x00,0x00,0x00,0x00,0x00,0x00,0x00,0x00,0x00,0x00,
	0x00,0x00,0x00,0x00,0x00,0x00,0x00,0x00,0x00,0x00,0x00,0x00,0x00,0x00,0x00,0x00,
	0x00,0x00,0x00,0x00,0x00,0x00,0x00,0x00,0x00,0x00,0x00,0x00,0x00,0x00,0x00,0x00,
	0x00,0x00,0x00,0x00,0x00,0x00,0x00,0x00,0x00,0x00,0x00,0x00,0x00,0x00,0x00,0x00,
	0x00,0x00,0x00,0x00,0x00,0x01,0x00,0x00,0x00,0x00,0x00,0x00,0x00,0x00,0x00,0x00,
	0x00,0x00,0x00,0x00,0x00,0x00,0x00,0x00,0x00,0x00,0x00,0x00,0x00,0x00,0x00,0x00,
	0x00,0x00,0x00,0x00,0x00,0x00,0x00,0x00,0x00,0x00,0x00,0x00,0x00,0x00,0x00,0x00,
	0x00,0x00,0x00,0x00,0x00,0x00,0x00,0x00,0x00,0x00,0x00,0x00,0x00,0x00,0x00,0x00,
	0x00,0x00,0x00,0x00,0x00,0x01,0x00,0x00,0x00,0x00,0x00,0x00,0x00,0x00,0x00,0x00,
	0x00,0x00,0x00,0x00,0x00,0x00,0x00,0x00,0x00,0x00,0x00,0x00,0x00,0x00,0x00,0x00,
	0x00,0x00,0x00,0x00,0x00,0x00,0x00,0x00,0x00,0x00,0x00,0x00,0x00,0x00,0x00,0x00,
	0x00,0x00,0x00,0x00,0x00,0x00,0x00,0x00,0x00,0x00,0x00,0x00,0x00,0x00,0x00,0x00,
	0x00,0x00,0x00,0x00,0x00,0x01,0x00,0x00,0x00,0x00,0x00,0x00,0x00,0x00,0x00,0x00,
	0x00,0x00,0x00,0x00,0x00,0x00,0x00,0x00,0x00,0x00,0x00,0x00,0x00,0x00,0x00,0x00,
	0x00,0x00,0x00,0x00,0x00,0x00,0x00,0x00,0x00,0x00,0x00,0x00,0x00,0x00,0x00,0x00,
	0x00,0x00,0x00,0x00,0x00,0x00,0x00,0x00,0x00,0x00,0x00,0x00,0x00,0x00,0x00,0x00,
	0x00,0x00,0x00,0x00,0x00,0x01,0x00,0x00,0x00,0x00,0x00,0x00,0x00,0x00,0x00,0x00,
	0x00,0x00,0x00,0x00,0x00,0x00,0x00,0x00,0x00,0x00,0x00,0x00,0x00,0x00,0x00,0x00,
	0x00,0x00,0x00,0x00,0x00,0x00,0x00,0x00,0x00,0x00,0x00,0x00,0x00,0x00,0x00,0x00,
	0x00,0x00,0x00,0x00,0x00,0x00,0x00,0x00,0x00,0x00,0x00,0x00,0x00,0x00,0x00,0x00,
	0x00,0x00,0x00,0x00,0x03,0x02,0x00,0x00,0x00,0x00,0x00,0x00,0x00,0x00,0x00,0x00,
	0x00,0x00,0x00,0x00,0x00,0x00,0x00,0x00,0x00,0x00,0x00,0x00,0x12,0x41,0x00,0x01,
	0x00,0x00,0x00,0x00,0x00,0x00,0x00,0x00,0x00,0x00,0x00,0x00,0x00,0x00,0x00,0x00,
	0x00,0x00,0x00,0x00,0x00,0x00,0x00,0x00,0x04,0x2f,0xe5,0xdc,0xdb,0xfe,0x2b,0x9d,
	0x4f,0xa6,0x88,0x2c,0xac,0x8f,0x1a,0x6f,0xa5,0x5f,0xec,0x7a,0xf9,0x9c,0xc2,0xe2,
	0x84,0xec,0x75,0x1c,0x6f,0xa9,0x1f,0xe4,0x2e,0xf1,0x16,0xf9,0x79,0x18,0xcb,0x3f,
	0xb2,0x9b,0xa7,0x23,0x41,0xd9,0x7d,0x08,0x4e,0x39,0xd3,0x51,0x61,0xe6,0x8b,0xf4,
	0xe2,0xfb,0xdf,0x71,0xc7,0x5b,0x21,0xf8,0x00,0x00,0x00,0x40,0x00,0x00,0x00,0x00,
	0x00,0x00,0x00,0x00,0x00,0x00,0x00,0x00,0x00,0x00,0x00,0x00,0x00,0x00,0x00,0x00,
	0x00,0x00,0x00,0x00,0x00,0x00,0x00,0x00,0x00,0x00,0x00,0x00,0x00,0x00,0x00,0x00,
	0x04,0x02,0x00,0x00,0x00,0x00,0x00,0x00,0x00,0x00,0x00,0x00,0x00,0x00,0x00,0x00,
	0x00,0x00,0x00,0x00,0x00,0x00,0x00,0x00,0x00,0x00,0x00,0x00,0x00,0x00,0x00,0x00,
	0x00,0x00,0x00,0x00,0x00,0x00,0x00,0x00,0x00,0x00,0x00,0x00,0x00,0x00,0x00,0x00,
	0x00,0x00,0x00,0x00,0x00,0x00,0x00,0x00,0x00,0x00,0x00,0x00,0x00,0x00,0x00,0x00,
	0x04,0x02,0x00,0x00,0x00,0x00,0x00,0x00,0x00,0x00,0x00,0x00,0x00,0x00,0x00,0x00,
	0x00,0x00,0x00,0x00,0x00,0x00,0x00,0x00,0x00,0x00,0x00,0x00,0x00,0x00,0x00,0x00,
	0x00,0x00,0x00,0x00,0x00,0x00,0x00,0x00,0x00,0x00,0x00,0x00,0x00,0x00,0x00,0x00,
	0x00,0x00,0x00,0x00,0x00,0x00,0x00,0x00,0x00,0x00,0x00,0x00,0x00,0x00,0x00,0x00,
	0x00,0x01,0x00,0x00,0x00,0x00,0x00,0x00,0x00,0x00,0x00,0x00,0x00,0x00,0x00,0x00,
	0x00,0x00,0x00,0x00,0x00,0x00,0x00,0x00,0x00,0x00,0x00,0x00,0x00,0x00,0x00,0x00,
	0x00,0x00,0x00,0x00,0x00,0x00,0x00,0x00,0x00,0x00,0x00,0x00,0x00,0x00,0x00,0x00,
	0x00,0x00,0x00,0x00,0x00,0x00,0x00,0x00,0x00,0x00,0x00,0x00,0x00,0x00,0x00,0x00,
	0x00,0x01,0x00,0x00,0x00,0x00,0x00,0x00,0x00,0x00,0x00,0x00,0x00,0x00,0x00,0x00,
	0x00,0x00,0x00,0x00,0x00,0x00,0x00,0x00,0x00,0x00,0x00,0x00,0x00,0x00,0x00,0x00,
	0x00,0x00,0x00,0x00,0x00,0x00,0x00,0x00,0x00,0x00,0x00,0x00,0x00,0x00,0x00,0x00,
	0x00,0x00,0x00,0x00,0x00,0x00,0x00,0x00,0x00,0x00,0x00,0x00,0x00,0x00,0x00,0x00,
	0x00,0x01,0x00,0x00,0x00,0x00,0x00,0x00,0x00,0x00,0x00,0x00,0x00,0x00,0x00,0x00,
	0x00,0x00,0x00,0x00,0x00,0x00,0x00,0x00,0x00,0x00,0x00,0x00,0x00,0x00,0x00,0x00,
	0x00,0x00,0x00,0x00,0x00,0x00,0x00,0x00,0x00,0x00,0x00,0x00,0x00,0x00,0x00,0x00,
	0x00,0x00,0x00,0x00,0x00,0x00,0x00,0x00,0x00,0x00,0x00,0x00,0x00,0x00,0x00,0x00,
	0x00,0x01,0x00,0x00,0x00,0x00,0x00,0x00,0x00,0x00,0x00,0x00,0x00,0x00,0x00,0x00,
	0x00,0x00,0x00,0x00,0x00,0x00,0x00,0x00,0x00,0x00,0x00,0x00,0x00,0x00,0x00,0x00,
	0x00,0x00,0x00,0x00,0x00,0x00,0x00,0x00,0x00,0x00,0x00,0x00,0x00,0x00,0x00,0x00,
	0x00,0x00,0x00,0x00,0x00,0x00,0x00,0x00,0x00,0x00,0x00,0x00,0x00,0x00,0x00,0x00,
	0x03,0x02,0x00,0x00,0x00,0x00,0x00,0x00,0x00,0x00,0x00,0x00,0x00,0x00,0x00,0x00,
	0x00,0x00,0x00,0x00,0x00,0x00,0x00,0x00,0x12,0x41,0x00,0x01,0x00,0x00,0x00,0x00,
	0x00,0x00,0x00,0x00,0x00,0x00,0x00,0x00,0x00,0x00,0x00,0x00,0x00,0x00,0x00,0x00,
	0x00,0x00,0x00,0x00,0x04,0x2f,0xe5,0xdc,0xdb,0xfe,0x2b,0x9d,0x4f,0xa6,0x88,0x2c,
	0xac,0x8f,0x1a,0x6f,0xa5,0x5f,0xec,0x7a,0xf9,0x9c,0xc2,0xe2,0x84,0xec,0x75,0x1c,
	0x6f,0xa9,0x1f,0xe4,0x2e,0xf1,0x16,0xf9,0x79,0x18,0xcb,0x3f,0xb2,0x9b,0xa7,0x23,
	0x41,0xd9,0x7d,0x08,0x4e,0x39,0xd3,0x51,0x61,0xe6,0x8b,0xf4,0xe2,0xfb,0xdf,0x71,
	0xc7,0x5b,0x21,0xf8,0x00,0x00,0x00,0x40,0x00,0x00,0x00,0x00,0x00,0x00,0x00,0x00,
	0x00,0x00,0x00,0x00,0x00,0x00,0x00,0x00,0x00,0x00,0x00,0x00,0x00,0x00,0x00,0x00,
	0x00,0x00,0x00,0x00,0x00,0x00,0x00,0x00,0x00,0x00,0x00,0x00,0x04,0x02,0x00,0x00,
	0x00,0x00,0x00,0x00,0x00,0x00,0x00,0x00,0x00,0x00,0x00,0x00,0x00,0x00,0x00,0x00,
	0x00,0x00,0x00,0x00,0x00,0x00,0x00,0x00,0x00,0x00,0x00,0x00,0x00,0x00,0x00,0x00,
	0x00,0x00,0x00,0x00,0x00,0x00,0x00,0x00,0x00,0x00,0x00,0x00,0x00,0x00,0x00,0x00,
	0x00,0x00,0x00,0x00,0x00,0x00,0x00,0x00,0x00,0x00,0x00,0x00,0x04,0x02,0x00,0x00,
	0x00,0x00,0x00,0x00,0x00,0x00,0x00,0x00,0x00,0x00,0x00,0x00,0x00,0x00,0x00,0x00,
	0x00,0x00,0x00,0x00,0x00,0x00,0x00,0x00,0x00,0x00,0x00,0x00,0x00,0x00,0x00,0x00,
	0x00,0x00,0x00,0x00,0x00,0x00,0x00,0x00,0x00,0x00,0x00,0x00,0x00,0x00,0x00,0x00,
	0x00,0x00,0x00,0x00,0x00,0x00,0x00,0x00,0x00,0x00,0x00,0x00,0x00,0x01,0x00,0x00,
	0x00,0x00,0x00,0x00,0x00,0x00,0x00,0x00,0x00,0x00,0x00,0x00,0x00,0x00,0x00,0x00,
	0x00,0x00,0x00,0x00,0x00,0x00,0x00,0x00,0x00,0x00,0x00,0x00,0x00,0x00,0x00,0x00,
	0x00,0x00,0x00,0x00,0x00,0x00,0x00,0x00,0x00,0x00,0x00,0x00,0x00,0x00,0x00,0x00,
	0x00,0x00,0x00,0x00,0x00,0x00,0x00,0x00,0x00,0x00,0x00,0x00,0x00,0x01,0x00,0x00,
	0x00,0x00,0x00,0x00,0x00,0x00,0x00,0x00,0x00,0x00,0x00,0x00,0x00,0x00,0x00,0x00,
	0x00,0x00,0x00,0x00,0x00,0x00,0x00,0x00,0x00,0x00,0x00,0x00,0x00,0x00,0x00,0x00,
	0x00,0x00,0x00,0x00,0x00,0x00,0x00,0x00,0x00,0x00,0x00,0x00,0x00,0x00,0x00,0x00,
	0x00,0x00,0x00,0x00,0x00,0x00,0x00,0x00,0x00,0x00,0x00,0x00,0x00,0x01,0x00,0x00,
	0x00,0x00,0x00,0x00,0x00,0x00,0x00,0x00,0x00,0x00,0x00,0x00,0x00,0x00,0x00,0x00,
	0x00,0x00,0x00,0x00,0x00,0x00,0x00,0x00,0x00,0x00,0x00,0x00,0x00,0x00,0x00,0x00,
	0x00,0x00,0x00,0x00,0x00,0x00,0x00,0x00,0x00,0x00,0x00,0x00,0x00,0x00,0x00,0x00,
	0x00,0x00,0x00,0x00,0x00,0x00,0x00,0x00,0x00,0x00,0x00,0x00,0x00,0x01,0x00,0x00,
	0x00,0x00,0x00,0x00,0x00,0x00,0x00,0x00,0x00,0x00,0x00,0x00,0x00,0x00,0x00,0x00,
	0x00,0x00,0x00,0x00,0x00,0x00,0x00,0x00,0x00,0x00,0x00,0x00,0x00,0x00,0x00,0x00,
	0x00,0x00,0x00,0x00,0x00,0x00,0x00,0x00,0x00,0x00,0x00,0x00,0x00,0x00,0x00,0x00,
	0x00,0x00,0x00,0x00,0x00,0x00,0x00,0x00,0x00,0x00,0x00,0x00,0x03,0x02,0x00,0x00,
	0x00,0x00,0x00,0x00,0x00,0x00,0x00,0x00,0x00,0x00,0x00,0x00,0x00,0x00,0x00,0x00,
	0x00,0x00,0x00,0x00,0x12,0x41,0x00,0x01,0x00,0x00,0x00,0x00,0x00,0x00,0x00,0x00,
	0x00,0x00,0x00,0x00,0x00,0x00,0x00,0x00,0x00,0x00,0x00,0x00,0x00,0x00,0x00,0x00,
	0x04,0x2f,0xe5,0xdc,0xdb,0xfe,0x2b,0x9d,0x4f,0xa6,0x88,0x2c,0xac,0x8f,0x1a,0x6f,
	0xa5,0x5f,0xec,0x7a,0xf9,0x9c,0xc2,0xe2,0x84,0xec,0x75,0x1c,0x6f,0xa9,0x1f,0xe4,
	0x2e,0xf1,0x16,0xf9,0x79,0x18,0xcb,0x3f,0xb2,0x9b,0xa7,0x23,0x41,0xd9,0x7d,0x08,
	0x4e,0x39,0xd3,0x51,0x61,0xe6,0x8b,0xf4,0xe2,0xfb,0xdf,0x71,0xc7,0x5b,0x21,0xf8,
	0x00,0x00,0x00,0x40,0x00,0x00,0x00,0x00,0x00,0x00,0x00,0x00,0x00,0x00,0x00,0x00,
	0x00,0x00,0x00,0x00,0x00,0x00,0x00,0x00,0x00,0x00,0x00,0x00,0x00,0x00,0x00,0x00,
	0x00,0x00,0x00,0x00,0x00,0x00,0x00,0x00,0x04,0x02,0x00,0x00,0x00,0x00,0x00,0x00,
	0x00,0x00,0x00,0x00,0x00,0x00,0x00,0x00,0x00,0x00,0x00,0x00,0x00,0x00,0x00,0x00,
	0x00,0x00,0x00,0x00,0x00,0x00,0x00,0x00,0x00,0x00,0x00,0x00,0x00,0x00,0x00,0x00,
	0x00,0x00,0x00,0x00,0x00,0x00,0x00,0x00,0x00,0x00,0x00,0x00,0x00,0x00,0x00,0x00,
	0x00,0x00,0x00,0x00,0x00,0x00,0x00,0x00,0x04,0x02,0x00,0x00,0x00,0x00,0x00,0x00,
	0x00,0x00,0x00,0x00,0x00,0x00,0x00,0x00,0x00,0x00,0x00,0x00,0x00,0x00,0x00,0x00,
	0x00,0x00,0x00,0x00,0x00,0x00,0x00,0x00,0x00,0x00,0x00,0x00,0x00,0x00,0x00,0x00,
	0x00,0x00,0x00,0x00,0x00,0x00,0x00,0x00,0x00,0x00,0x00,0x00,0x00,0x00,0x00,0x00,
	0x00,0x00,0x00,0x00,0x00,0x00,0x00,0x00,0x00,0x01,0x00,0x00,0x00,0x00,0x00,0x00,
	0x00,0x00,0x00,0x00,0x00,0x00,0x00,0x00,0x00,0x00,0x00,0x00,0x00,0x00,0x00,0x00,
	0x00,0x00,0x00,0x00,0x00,0x00,0x00,0x00,0x00,0x00,0x00,0x00,0x00,0x00,0x00,0x00,
	0x00,0x00,0x00,0x00,0x00,0x00,0x00,0x00,0x00,0x00,0x00,0x00,0x00,0x00,0x00,0x00,
	0x00,0x00,0x00,0x00,0x00,0x00,0x00,0x00,0x00,0x01,0x00,0x00,0x00,0x00,0x00,0x00,
	0x00,0x00,0x00,0x00,0x00,0x00,0x00,0x00,0x00,0x00,0x00,0x00,0x00,0x00,0x00,0x00,
	0x00,0x00,0x00,0x00,0x00,0x00,0x00,0x00,0x00,0x00,0x00,0x00,0x00,0x00,0x00,0x00,
	0x00,0x00,0x00,0x00,0x00,0x00,0x00,0x00,0x00,0x00,0x00,0x00,0x00,0x00,0x00,0x00,
	0x00,0x00,0x00,0x00,0x00,0x00,0x00,0x00,0x00,0x01,0x00,0x00,0x00,0x00,0x00,0x00,
	0x00,0x00,0x00,0x00,0x00,0x00,0x00,0x00,0x00,0x00,0x00,0x00,0x00,0x00,0x00,0x00,
	0x00,0x00,0x00,0x00,0x00,0x00,0x00,0x00,0x00,0x00,0x00,0x00,0x00,0x00,0x00,0x00,
	0x00,0x00,0x00,0x00,0x00,0x00,0x00,0x00,0x00,0x00,0x00,0x00,0x00,0x00,0x00,0x00,
	0x00,0x00,0x00,0x00,0x00,0x00,0x00,0x00,0x00,0x01,0x00,0x00,0x00,0x00,0x00,0x00,
	0x00,0x00,0x00,0x00,0x00,0x00,0x00,0x00,0x00,0x00,0x00,0x00,0x00,0x00,0x00,0x00,
	0x00,0x00,0x00,0x00,0x00,0x00,0x00,0x00,0x00,0x00,0x00,0x00,0x00,0x00,0x00,0x00,
	0x00,0x00,0x00,0x00,0x00,0x00,0x00,0x00,0x00,0x00,0x00,0x00,0x00,0x00,0x00,0x00,
	0x00,0x00,0x00,0x00,0x00,0x00,0x00,0x00,0x03,0x02,0x00,0x00,0x00,0x00,0x00,0x00,
	0x00,0x00,0x00,0x00,0x00,0x00,0x00,0x00,0x00,0x00,0x00,0x00,0x00,0x00,0x00,0x00,
	0x12,0x41,0x00,0x01,0x00,0x00,0x00,0x00,0x00,0x00,0x00,0x00,0x00,0x00,0x00,0x00,
	0x00,0x00,0x00,0x00,0x00,0x00,0x00,0x00,0x00,0x00,0x00,0x00,0x04,0x2f,0xe5,0xdc,
	0xdb,0xfe,0x2b,0x9d,0x4f,0xa6,0x88,0x2c,0xac,0x8f,0x1a,0x6f,0xa5,0x5f,0xec,0x7a,
	0xf9,0x9c,0xc2,0xe2,0x84,0xec,0x75,0x1c,0x6f,0xa9,0x1f,0xe4,0x2e,0xf1,0x16,0xf9,
	0x79,0x18,0xcb,0x3f,0xb2,0x9b,0xa7,0x23,0x41,0xd9,0x7d,0x08,0x4e,0x39,0xd3,0x51,
	0x61,0xe6,0x8b,0xf4,0xe2,0xfb,0xdf,0x71,0xc7,0x5b,0x21,0xf8,0x00,0x00,0x00,0x40,
	0x00,0x00,0x00,0x00,0x00,0x00,0x00,0x00,0x00,0x00,0x00,0x00,0x00,0x00,0x00,0x00,
	0x00,0x00,0x00,0x00,0x00,0x00,0x00,0x00,0x00,0x00,0x00,0x00,0x00,0x00,0x00,0x00,
	0x00,0x00,0x00,0x00,0x04,0x02,0x00,0x00,0x00,0x00,0x00,0x00,0x00,0x00,0x00,0x00,
	0x00,0x00,0x00,0x00,0x00,0x00,0x00,0x00,0x00,0x00,0x00,0x00,0x00,0x00,0x00,0x00,
	0x00,0x00,0x00,0x00,0x00,0x00,0x00,0x00,0x00,0x00,0x00,0x00,0x00,0x00,0x00,0x00,
	0x00,0x00,0x00,0x00,0x00,0x00,0x00,0x00,0x00,0x00,0x00,0x00,0x00,0x00,0x00,0x00,
	0x00,0x00,0x00,0x00,0x04,0x02,0x00,0x00,0x00,0x00,0x00,0x00,0x00,0x00,0x00,0x00,
	0x00,0x00,0x00,0x00,0x00,0x00,0x00,0x00,0x00,0x00,0x00,0x00,0x00,0x00,0x00,0x00,
	0x00,0x00,0x00,0x00,0x00,0x00,0x00,0x00,0x00,0x00,0x00,0x00,0x00,0x00,0x00,0x00,
	0x00,0x00,0x00,0x00,0x00,0x00,0x00,0x00,0x00,0x00,0x00,0x00,0x00,0x00,0x00,0x00,
	0x00,0x00,0x00,0x00,0x00,0x01,0x00,0x00,0x00,0x00,0x00,0x00,0x00,0x00,0x00,0x00,
	0x00,0x00,0x00,0x00,0x00,0x00,0x00,0x00,0x00,0x00,0x00,0x00,0x00,0x00,0x00,0x00,
	0x00,0x00,0x00,0x00,0x00,0x00,0x00,0x00,0x00,0x00,0x00,0x00,0x00,0x00,0x00,0x00,
	0x00,0x00,0x00,0x00,0x00,0x00,0x00,0x00,0x00,0x00,0x00,0x00,0x00,0x00,0x00,0x00,
	0x00,0x00,0x00,0x00,0x00,0x01,0x00,0x00,0x00,0x00,0x00,0x00,0x00,0x00,0x00,0x00,
	0x00,0x00,0x00,0x00,0x00,0x00,0x00,0x00,0x00,0x00,0x00,0x00,0x00,0x00,0x00,0x00,
	0x00,0x00,0x00,0x00,0x00,0x00,0x00,0x00,0x00,0x00,0x00,0x00,0x00,0x00,0x00,0x00,
	0x00,0x00,0x00,0x00,0x00,0x00,0x00,0x00,0x00,0x00,0x00,0x00,0x00,0x00,0x00,0x00,
	0x00,0x00,0x00,0x00,0x00,0x01,0x00,0x00,0x00,0x00,0x00,0x00,0x00,0x00,0x00,0x00,
	0x00,0x00,0x00,0x00,0x00,0x00,0x00,0x00,0x00,0x00,0x00,0x00,0x00,0x00,0x00,0x00,
	0x00,0x00,0x00,0x00,0x00,0x00,0x00,0x00,0x00,0x00,0x00,0x00,0x00,0x00,0x00,0x00,
	0x00,0x00,0x00,0x00,0x00,0x00,0x00,0x00,0x00,0x00,0x00,0x00,0x00,0x00,0x00,0x00,
	0x00,0x00,0x00,0x00,0x00,0x01,0x00,0x00,0x00,0x00,0x00,0x00,0x00,0x00,0x00,0x00,
	0x00,0x00,0x00,0x00,0x00,0x00,0x00,0x00,0x00,0x00,0x00,0x00,0x00,0x00,0x00,0x00,
	0x00,0x00,0x00,0x00,0x00,0x00,0x00,0x00,0x00,0x00,0x00,0x00,0x00,0x00,0x00,0x00,
	0x00,0x00,0x00,0x00,0x00,0x00,0x00,0x00,0x00,0x00,0x00,0x00,0x00,0x00,0x00,0x00,
	0x00,0x00,0x00,0x00,0x03,0x02,0x00,0x00,0x00,0x00,0x00,0x00,0x00,0x00,0x00,0x00,
	0x00,0x00,0x00,0x00,0x00,0x00,0x00,0x00,0x00,0x00,0x00,0x00,0x12,0x41,0x00,0x01,
	0x00,0x00,0x00,0x00,0x00,0x00,0x00,0x00,0x00,0x00,0x00,0x00,0x00,0x00,0x00,0x00,
	0x00,0x00,0x00,0x00,0x00,0x00,0x00,0x00,0x04,0x2f,0xe5,0xdc,0xdb,0xfe,0x2b,0x9d,
	0x4f,0xa6,0x88,0x2c,0xac,0x8f,0x1a,0x6f,0xa5,0x5f,0xec,0x7a,0xf9,0x9c,0xc2,0xe2,
	0x84,0xec,0x75,0x1c,0x6f,0xa9,0x1f,0xe4,0x2e,0xf1,0x16,0xf9,0x79,0x18,0xcb,0x3f,
	0xb2,0x9b,0xa7,0x23,0x41,0xd9,0x7d,0x08,0x4e,0x39,0xd3,0x51,0x61,0xe6,0x8b,0xf4,
	0xe2,0xfb,0xdf,0x71,0xc7,0x5b,0x21,0xf8,0x00,0x00,0x00,0x40,0x00,0x00,0x00,0x00,
	0x00,0x00,0x00,0x00,0x00,0x00,0x00,0x00,0x00,0x00,0x00,0x00,0x00,0x00,0x00,0x00,
	0x00,0x00,0x00,0x00,0x00,0x00,0x00,0x00,0x00,0x00,0x00,0x00,0x00,0x00,0x00,0x00,
	0x04,0x02,0x00,0x00,0x00,0x00,0x00,0x00,0x00,0x00,0x00,0x00,0x00,0x00,0x00,0x00,
	0x00,0x00,0x00,0x00,0x00,0x00,0x00,0x00,0x00,0x00,0x00,0x00,0x00,0x00,0x00,0x00,
	0x00,0x00,0x00,0x00,0x00,0x00,0x00,0x00,0x00,0x00,0x00,0x00,0x00,0x00,0x00,0x00,
	0x00,0x00,0x00,0x00,0x00,0x00,0x00,0x00,0x00,0x00,0x00,0x00,0x00,0x00,0x00,0x00,
	0x04,0x02,0x00,0x00,0x00,0x00,0x00,0x00,0x00,0x00,0x00,0x00,0x00,0x00,0x00,0x00,
	0x00,0x00,0x00,0x00,0x00,0x00,0x00,0x00,0x00,0x00,0x00,0x00,0x00,0x00,0x00,0x00,
	0x00,0x00,0x00,0x00,0x00,0x00,0x00,0x00,0x00,0x00,0x00,0x00,0x00,0x00,0x00,0x00,
	0x00,0x00,0x00,0x00,0x00,0x00,0x00,0x00,0x00,0x00,0x00,0x00,0x00,0x00,0x00,0x00,
	0x00,0x01,0x00,0x00,0x00,0x00,0x00,0x00,0x00,0x00,0x00,0x00,0x00,0x00,0x00,0x00,
	0x00,0x00,0x00,0x00,0x00,0x00,0x00,0x00,0x00,0x00,0x00,0x00,0x00,0x00,0x00,0x00,
	0x00,0x00,0x00,0x00,0x00,0x00,0x00,0x00,0x00,0x00,0x00,0x00,0x00,0x00,0x00,0x00,
	0x00,0x00,0x00,0x00,0x00,0x00,0x00,0x00,0x00,0x00,0x00,0x00,0x00,0x00,0x00,0x00,
	0x00,0x01,0x00,0x00,0x00,0x00,0x00,0x00,0x00,0x00,0x00,0x00,0x00,0x00,0x00,0x00,
	0x00,0x00,0x00,0x00,0x00,0x00,0x00,0x00,0x00,0x00,0x00,0x00,0x00,0x00,0x00,0x00,
	0x00,0x00,0x00,0x00,0x00,0x00,0x00,0x00,0x00,0x00,0x00,0x00,0x00,0x00,0x00,0x00,
	0x00,0x00,0x00,0x00,0x00,0x00,0x00,0x00,0x00,0x00,0x00,0x00,0x00,0x00,0x00,0x00,
	0x00,0x01,0x00,0x00,0x00,0x00,0x00,0x00,0x00,0x00,0x00,0x00,0x00,0x00,0x00,0x00,
	0x00,0x00,0x00,0x00,0x00,0x00,0x00,0x00,0x00,0x00,0x00,0x00,0x00,0x00,0x00,0x00,
	0x00,0x00,0x00,0x00,0x00,0x00,0x00,0x00,0x00,0x00,0x00,0x00,0x00,0x00,0x00,0x00,
	0x00,0x00,0x00,0x00,0x00,0x00,0x00,0x00,0x00,0x00,0x00,0x00,0x00,0x00,0x00,0x00,
	0x00,0x01,0x00,0x00,0x00,0x00,0x00,0x00,0x00,0x00,0x00,0x00,0x00,0x00,0x00,0x00,
	0x00,0x00,0x00,0x00,0x00,0x00,0x00,0x00,0x00,0x00,0x00,0x00,0x00,0x00,0x00,0x00,
	0x00,0x00,0x00,0x00,0x00,0x00,0x00,0x00,0x00,0x00,0x00,0x00,0x00,0x00,0x00,0x00,
	0x00,0x00,0x00,0x00,0x00,0x00,0x00,0x00,0x00,0x00,0x00,0x00,0x00,0x00,0x00,0x00,
	0x03,0x02,0x00,0x00,0x00,0x00,0x00,0x00,0x00,0x00,0x00,0x00,0x00,0x00,0x00,0x00,
	0x00,0x00,0x00,0x00,0x00,0x00,0x00,0x00,0x12,0x41,0x00,0x01,0x00,0x00,0x00,0x00,
	0x00,0x00,0x00,0x00,0x00,0x00,0x00,0x00,0x00,0x00,0x00,0x00,0x00,0x00,0x00,0x00,
	0x00,0x00,0x00,0x00,0x04,0x2f,0xe5,0xdc,0xdb,0xfe,0x2b,0x9d,0x4f,0xa6,0x88,0x2c,
	0xac,0x8f,0x1a,0x6f,0xa5,0x5f,0xec,0x7a,0xf9,0x9c,0xc2,0xe2,0x84,0xec,0x75,0x1c,
	0x6f,0xa9,0x1f,0xe4,0x2e,0xf1,0x16,0xf9,0x79,0x18,0xcb,0x3f,0xb2,0x9b,0xa7,0x23,
	0x41,0xd9,0x7d,0x08,0x4e,0x39,0xd3,0x51,0x61,0xe6,0x8b,0xf4,0xe2,0xfb,0xdf,0x71,
	0xc7,0x5b,0x21,0xf8,0x00,0x00,0x00,0x40,0x00,0x00,0x00,0x00,0x00,0x00,0x00,0x00,
	0x00,0x00,0x00,0x00,0x00,0x00,0x00,0x00,0x00,0x00,0x00,0x00,0x00,0x00,0x00,0x00,
	0x00,0x00,0x00,0x00,0x00,0x00,0x00,0x00,0x00,0x00,0x00,0x00,0x04,0x02,0x00,0x00,
	0x00,0x00,0x00,0x00,0x00,0x00,0x00,0x00,0x00,0x00,0x00,0x00,0x00,0x00,0x00,0x00,
	0x00,0x00,0x00,0x00,0x00,0x00,0x00,0x00,0x00,0x00,0x00,0x00,0x00,0x00,0x00,0x00,
	0x00,0x00,0x00,0x00,0x00,0x00,0x00,0x00,0x00,0x00,0x00,0x00,0x00,0x00,0x00,0x00,
	0x00,0x00,0x00,0x00,0x00,0x00,0x00,0x00,0x00,0x00,0x00,0x00,0x04,0x02,0x00,0x00,
	0x00,0x00,0x00,0x00,0x00,0x00,0x00,0x00,0x00,0x00,0x00,0x00,0x00,0x00,0x00,0x00,
	0x00,0x00,0x00,0x00,0x00,0x00,0x00,0x00,0x00,0x00,0x00,0x00,0x00,0x00,0x00,0x00,
	0x00,0x00,0x00,0x00,0x00,0x00,0x00,0x00,0x00,0x00,0x00,0x00,0x00,0x00,0x00,0x00,
	0x00,0x00,0x00,0x00,0x00,0x00,0x00,0x00,0x00,0x00,0x00,0x00,0x00,0x01,0x00,0x00,
	0x00,0x00,0x00,0x00,0x00,0x00,0x00,0x00,0x00,0x00,0x00,0x00,0x00,0x00,0x00,0x00,
	0x00,0x00,0x00,0x00,0x00,0x00,0x00,0x00,0x00,0x00,0x00,0x00,0x00,0x00,0x00,0x00,
	0x00,0x00,0x00,0x00,0x00,0x00,0x00,0x00,0x00,0x00,0x00,0x00,0x00,0x00,0x00,0x00,
	0x00,0x00,0x00,0x00,0x00,0x00,0x00,0x00,0x00,0x00,0x00,0x00,0x00,0x01,0x00,0x00,
	0x00,0x00,0x00,0x00,0x00,0x00,0x00,0x00,0x00,0x00,0x00,0x00,0x00,0x00,0x00,0x00,
	0x00,0x00,0x00,0x00,0x00,0x00,0x00,0x00,0x00,0x00,0x00,0x00,0x00,0x00,0x00,0x00,
	0x00,0x00,0x00,0x00,0x00,0x00,0x00,0x00,0x00,0x00,0x00,0x00,0x00,0x00,0x00,0x00,
	0x00,0x00,0x00,0x00,0x00,0x00,0x00,0x00,0x00,0x00,0x00,0x00,0x00,0x01,0x00,0x00,
	0x00,0x00,0x00,0x00,0x00,0x00,0x00,0x00,0x00,0x00,0x00,0x00,0x00,0x00,0x00,0x00,
	0x00,0x00,0x00,0x00,0x00,0x00,0x00,0x00,0x00,0x00,0x00,0x00,0x00,0x00,0x00,0x00,
	0x00,0x00,0x00,0x00,0x00,0x00,0x00,0x00,0x00,0x00,0x00,0x00,0x00,0x00,0x00,0x00,
	0x00,0x00,0x00,0x00,0x00,0x00,0x00,0x00,0x00,0x00,0x00,0x00,0x00,0x01,0x00,0x00,
	0x00,0x00,0x00,0x00,0x00,0x00,0x00,0x00,0x00,0x00,0x00,0x00,0x00,0x00,0x00,0x00,
	0x00,0x00,0x00,0x00,0x00,0x00,0x00,0x00,0x00,0x00,0x00,0x00,0x00,0x00,0x00,0x00,
	0x00,0x00,0x00,0x00,0x00,0x00,0x00,0x00,0x00,0x00,0x00,0x00,0x00,0x00,0x00,0x00,
	0x00,0x00,0x00,0x00,0x00,0x00,0x00,0x00,0x00,0x00,0x00,0x00,0x03,0x02,0x00,0x00,
	0x00,0x00,0x00,0x00,0x00,0x00,0x00,0x00,0x00,0x00,0x00,0x00,0x00,0x00,0x00,0x00,
	0x00,0x00,0x00,0x00,0x12,0x41,0x00,0x01,0x00,0x00,0x00,0x00,0x00,0x00,0x00,0x00,
	0x00,0x00,0x00,0x00,0x00,0x00,0x00,0x00,0x00,0x00,0x00,0x00,0x00,0x00,0x00,0x00,
	0x04,0x2f,0xe5,0xdc,0xdb,0xfe,0x2b,0x9d,0x4f,0xa6,0x88,0x2c,0xac,0x8f,0x1a,0x6f,
	0xa5,0x5f,0xec,0x7a,0xf9,0x9c,0xc2,0xe2,0x84,0xec,0x75,0x1c,0x6f,0xa9,0x1f,0xe4,
	0x2e,0xf1,0x16,0xf9,0x79,0x18,0xcb,0x3f,0xb2,0x9b,0xa7,0x23,0x41,0xd9,0x7d,0x08,
	0x4e,0x39,0xd3,0x51,0x61,0xe6,0x8b,0xf4,0xe2,0xfb,0xdf,0x71,0xc7,0x5b,0x21,0xf8,
	0x00,0x00,0x00,0x40,0x00,0x00,0x00,0x00,0x00,0x00,0x00,0x00,0x00,0x00,0x00,0x00,
	0x00,0x00,0x00,0x00,0x00,0x00,0x00,0x00,0x00,0x00,0x00,0x00,0x00,0x00,0x00,0x00,
	0x00,0x00,0x00,0x00,0x00,0x00,0x00,0x00,0x04,0x02,0x00,0x00,0x00,0x00,0x00,0x00,
	0x00,0x00,0x00,0x00,0x00,0x00,0x00,0x00,0x00,0x00,0x00,0x00,0x00,0x00,0x00,0x00,
	0x00,0x00,0x00,0x00,0x00,0x00,0x00,0x00,0x00,0x00,0x00,0x00,0x00,0x00,0x00,0x00,
	0x00,0x00,0x00,0x00,0x00,0x00,0x00,0x00,0x00,0x00,0x00,0x00,0x00,0x00,0x00,0x00,
	0x00,0x00,0x00,0x00,0x00,0x00,0x00,0x00,0x04,0x02,0x00,0x00,0x00,0x00,0x00,0x00,
	0x00,0x00,0x00,0x00,0x00,0x00,0x00,0x00,0x00,0x00,0x00,0x00,0x00,0x00,0x00,0x00,
	0x00,0x00,0x00,0x00,0x00,0x00,0x00,0x00,0x00,0x00,0x00,0x00,0x00,0x00,0x00,0x00,
	0x00,0x00,0x00,0x00,0x00,0x00,0x00,0x00,0x00,0x00,0x00,0x00,0x00,0x00,0x00,0x00,
	0x00,0x00,0x00,0x00,0x00,0x00,0x00,0x00,0x00,0x01,0x00,0x00,0x00,0x00,0x00,0x00,
	0x00,0x00,0x00,0x00,0x00,0x00,0x00,0x00,0x00,0x00,0x00,0x00,0x00,0x00,0x00,0x00,
	0x00,0x00,0x00,0x00,0x00,0x00,0x00,0x00,0x00,0x00,0x00,0x00,0x00,0x00,0x00,0x00,
	0x00,0x00,0x00,0x00,0x00,0x00,0x00,0x00,0x00,0x00,0x00,0x00,0x00,0x00,0x00,0x00,
	0x00,0x00,0x00,0x00,0x00,0x00,0x00,0x00,0x00,0x01,0x00,0x00,0x00,0x00,0x00,0x00,
	0x00,0x00,0x00,0x00,0x00,0x00,0x00,0x00,0x00,0x00,0x00,0x00,0x00,0x00,0x00,0x00,
	0x00,0x00,0x00,0x00,0x00,0x00,0x00,0x00,0x00,0x00,0x00,0x00,0x00,0x00,0x00,0x00,
	0x00,0x00,0x00,0x00,0x00,0x00,0x00,0x00,0x00,0x00,0x00,0x00,0x00,0x00,0x00,0x00,
	0x00,0x00,0x00,0x00,0x00,0x00,0x00,0x00,0x00,0x01,0x00,0x00,0x00,0x00,0x00,0x00,
	0x00,0x00,0x00,0x00,0x00,0x00,0x00,0x00,0x00,0x00,0x00,0x00,0x00,0x00,0x00,0x00,
	0x00,0x00,0x00,0x00,0x00,0x00,0x00,0x00,0x00,0x00,0x00,0x00,0x00,0x00,0x00,0x00,
	0x00,0x00,0x00,0x00,0x00,0x00,0x00,0x00,0x00,0x00,0x00,0x00,0x00,0x00,0x00,0x00,
	0x00,0x00,0x00,0x00,0x00,0x00,0x00,0x00,0x00,0x01,0x00,0x00,0x00,0x00,0x00,0x00,
	0x00,0x00,0x00,0x00,0x00,0x00,0x00,0x00,0x00,0x00,0x00,0x00,0x00,0x00,0x00,0x00,
	0x00,0x00,0x00,0x00,0x00,0x00,0x00,0x00,0x00,0x00,0x00,0x00,0x00,0x00,0x00,0x00,
	0x00,0x00,0x00,0x00,0x00,0x00,0x00,0x00,0x00,0x00,0x00,0x00,0x00,0x00,0x00,0x00,
	0x00,0x00,0x00,0x00,0x00,0x00,0x00,0x00,0x03,0x02,0x00,0x00,0x00,0x00,0x00,0x00,
	0x00,0x00,0x00,0x00,0x00,0x00,0x00,0x00,0x00,0x00,0x00,0x00,0x00,0x00,0x00,0x00,
	0x12,0x41,0x00,0x01,0x00,0x00,0x00,0x00,0x00,0x00,0x00,0x00,0x00,0x00,0x00,0x00,
	0x00,0x00,0x00,0x00,0x00,0x00,0x00,0x00,0x00,0x00,0x00,0x00,0x04,0x2f,0xe5,0xdc,
	0xdb,0xfe,0x2b,0x9d,0x4f,0xa6,0x88,0x2c,0xac,0x8f,0x1a,0x6f,0xa5,0x5f,0xec,0x7a,
	0xf9,0x9c,0xc2,0xe2,0x84,0xec,0x75,0x1c,0x6f,0xa9,0x1f,0xe4,0x2e,0xf1,0x16,0xf9,
	0x79,0x18,0xcb,0x3f,0xb2,0x9b,0xa7,0x23,0x41,0xd9,0x7d,0x08,0x4e,0x39,0xd3,0x51,
	0x61,0xe6,0x8b,0xf4,0xe2,0xfb,0xdf,0x71,0xc7,0x5b,0x21,0xf8,0x00,0x00,0x00,0x40,
	0x00,0x00,0x00,0x00,0x00,0x00,0x00,0x00,0x00,0x00,0x00,0x00,0x00,0x00,0x00,0x00,
	0x00,0x00,0x00,0x00,0x00,0x00,0x00,0x00,0x00,0x00,0x00,0x00,0x00,0x00,0x00,0x00,
	0x00,0x00,0x00,0x00,0x04,0x02,0x00,0x00,0x00,0x00,0x00,0x00,0x00,0x00,0x00,0x00,
	0x00,0x00,0x00,0x00,0x00,0x00,0x00,0x00,0x00,0x00,0x00,0x00,0x00,0x00,0x00,0x00,
	0x00,0x00,0x00,0x00,0x00,0x00,0x00,0x00,0x00,0x00,0x00,0x00,0x00,0x00,0x00,0x00,
	0x00,0x00,0x00,0x00,0x00,0x00,0x00,0x00,0x00,0x00,0x00,0x00,0x00,0x00,0x00,0x00,
	0x00,0x00,0x00,0x00,0x04,0x02,0x00,0x00,0x00,0x00,0x00,0x00,0x00,0x00,0x00,0x00,
	0x00,0x00,0x00,0x00,0x00,0x00,0x00,0x00,0x00,0x00,0x00,0x00,0x00,0x00,0x00,0x00,
	0x00,0x00,0x00,0x00,0x00,0x00,0x00,0x00,0x00,0x00,0x00,0x00,0x00,0x00,0x00,0x00,
	0x00,0x00,0x00,0x00,0x00,0x00,0x00,0x00,0x00,0x00,0x00,0x00,0x00,0x00,0x00,0x00,
	0x00,0x00,0x00,0x00,0x00,0x01,0x00,0x00,0x00,0x00,0x00,0x00,0x00,0x00,0x00,0x00,
	0x00,0x00,0x00,0x00,0x00,0x00,0x00,0x00,0x00,0x00,0x00,0x00,0x00,0x00,0x00,0x00,
	0x00,0x00,0x00,0x00,0x00,0x00,0x00,0x00,0x00,0x00,0x00,0x00,0x00,0x00,0x00,0x00,
	0x00,0x00,0x00,0x00,0x00,0x00,0x00,0x00,0x00,0x00,0x00,0x00,0x00,0x00,0x00,0x00,
	0x00,0x00,0x00,0x00,0x00,0x01,0x00,0x00,0x00,0x00,0x00,0x00,0x00,0x00,0x00,0x00,
	0x00,0x00,0x00,0x00,0x00,0x00,0x00,0x00,0x00,0x00,0x00,0x00,0x00,0x00,0x00,0x00,
	0x00,0x00,0x00,0x00,0x00,0x00,0x00,0x00,0x00,0x00,0x00,0x00,0x00,0x00,0x00,0x00,
	0x00,0x00,0x00,0x00,0x00,0x00,0x00,0x00,0x00,0x00,0x00,0x00,0x00,0x00,0x00,0x00,
	0x00,0x00,0x00,0x00,0x00,0x01,0x00,0x00,0x00,0x00,0x00,0x00,0x00,0x00,0x00,0x00,
	0x00,0x00,0x00,0x00,0x00,0x00,0x00,0x00,0x00,0x00,0x00,0x00,0x00,0x00,0x00,0x00,
	0x00,0x00,0x00,0x00,0x00,0x00,0x00,0x00,0x00,0x00,0x00,0x00,0x00,0x00,0x00,0x00,
	0x00,0x00,0x00,0x00,0x00,0x00,0x00,0x00,0x00,0x00,0x00,0x00,0x00,0x00,0x00,0x00,
	0x00,0x00,0x00,0x00,0x00,0x01,0x00,0x00,0x00,0x00,0x00,0x00,0x00,0x00,0x00,0x00,
	0x00,0x00,0x00,0x00,0x00,0x00,0x00,0x00,0x00,0x00,0x00,0x00,0x00,0x00,0x00,0x00,
	0x00,0x00,0x00,0x00,0x00,0x00,0x00,0x00,0x00,0x00,0x00,0x00,0x00,0x00,0x00,0x00,
	0x00,0x00,0x00,0x00,0x00,0x00,0x00,0x00,0x00,0x00,0x00,0x00,0x00,0x00,0x00,0x00,
	0x00,0x00,0x00,0x00,0x03,0x02,0x00,0x00,0x00,0x00,0x00,0x00,0x00,0x00,0x00,0x00,
	0x00,0x00,0x00,0x00,0x00,0x00,0x00,0x00,0x00,0x00,0x00,0x00,0x12,0x41,0x00,0x01,
	0x00,0x00,0x00,0x00,0x00,0x00,0x00,0x00,0x00,0x00,0x00,0x00,0x00,0x00,0x00,0x00,
	0x00,0x00,0x00,0x00,0x00,0x00,0x00,0x00,0x04,0x2f,0xe5,0xdc,0xdb,0xfe,0x2b,0x9d,
	0x4f,0xa6,0x88,0x2c,0xac,0x8f,0x1a,0x6f,0xa5,0x5f,0xec,0x7a,0xf9,0x9c,0xc2,0xe2,
	0x84,0xec,0x75,0x1c,0x6f,0xa9,0x1f,0xe4,0x2e,0xf1,0x16,0xf9,0x79,0x18,0xcb,0x3f,
	0xb2,0x9b,0xa7,0x23,0x41,0xd9,0x7d,0x08,0x4e,0x39,0xd3,0x51,0x61,0xe6,0x8b,0xf4,
	0xe2,0xfb,0xdf,0x71,0xc7,0x5b,0x21,0xf8,0x00,0x00,0x00,0x40,0x00,0x00,0x00,0x00,
	0x00,0x00,0x00,0x00,0x00,0x00,0x00,0x00,0x00,0x00,0x00,0x00,0x00,0x00,0x00,0x00,
	0x00,0x00,0x00,0x00,0x00,0x00,0x00,0x00,0x00,0x00,0x00,0x00,0x00,0x00,0x00,0x00,
	0x04,0x02,0x00,0x00,0x00,0x00,0x00,0x00,0x00,0x00,0x00,0x00,0x00,0x00,0x00,0x00,
	0x00,0x00,0x00,0x00,0x00,0x00,0x00,0x00,0x00,0x00,0x00,0x00,0x00,0x00,0x00,0x00,
	0x00,0x00,0x00,0x00,0x00,0x00,0x00,0x00,0x00,0x00,0x00,0x00,0x00,0x00,0x00,0x00,
	0x00,0x00,0x00,0x00,0x00,0x00,0x00,0x00,0x00,0x00,0x00,0x00,0x00,0x00,0x00,0x00,
	0x04,0x02,0x00,0x00,0x00,0x00,0x00,0x00,0x00,0x00,0x00,0x00,0x00,0x00,0x00,0x00,
	0x00,0x00,0x00,0x00,0x00,0x00,0x00,0x00,0x00,0x00,0x00,0x00,0x00,0x00,0x00,0x00,
	0x00,0x00,0x00,0x00,0x00,0x00,0x00,0x00,0x00,0x00,0x00,0x00,0x00,0x00,0x00,0x00,
	0x00,0x00,0x00,0x00,0x00,0x00,0x00,0x00,0x00,0x00,0x00,0x00,0x00,0x00,0x00,0x00,
	0x00,0x01,0x00,0x00,0x00,0x00,0x00,0x00,0x00,0x00,0x00,0x00,0x00,0x00,0x00,0x00,
	0x00,0x00,0x00,0x00,0x00,0x00,0x00,0x00,0x00,0x00,0x00,0x00,0x00,0x00,0x00,0x00,
	0x00,0x00,0x00,0x00,0x00,0x00,0x00,0x00,0x00,0x00,0x00,0x00,0x00,0x00,0x00,0x00,
	0x00,0x00,0x00,0x00,0x00,0x00,0x00,0x00,0x00,0x00,0x00,0x00,0x00,0x00,0x00,0x00,
	0x00,0x01,0x00,0x00,0x00,0x00,0x00,0x00,0x00,0x00,0x00,0x00,0x00,0x00,0x00,0x00,
	0x00,0x00,0x00,0x00,0x00,0x00,0x00,0x00,0x00,0x00,0x00,0x00,0x00,0x00,0x00,0x00,
	0x00,0x00,0x00,0x00,0x00,0x00,0x00,0x00,0x00,0x00,0x00,0x00,0x00,0x00,0x00,0x00,
	0x00,0x00,0x00,0x00,0x00,0x00,0x00,0x00,0x00,0x00,0x00,0x00,0x00,0x00,0x00,0x00,
	0x00,0x01,0x00,0x00,0x00,0x00,0x00,0x00,0x00,0x00,0x00,0x00,0x00,0x00,0x00,0x00,
	0x00,0x00,0x00,0x00,0x00,0x00,0x00,0x00,0x00,0x00,0x00,0x00,0x00,0x00,0x00,0x00,
	0x00,0x00,0x00,0x00,0x00,0x00,0x00,0x00,0x00,0x00,0x00,0x00,0x00,0x00,0x00,0x00,
	0x00,0x00,0x00,0x00,0x00,0x00,0x00,0x00,0x00,0x00,0x00,0x00,0x00,0x00,0x00,0x00,
	0x00,0x01,0x00,0x00,0x00,0x00,0x00,0x00,0x00,0x00,0x00,0x00,0x00,0x00,0x00,0x00,
	0x00,0x00,0x00,0x00,0x00,0x00,0x00,0x00,0x00,0x00,0x00,0x00,0x00,0x00,0x00,0x00,
	0x00,0x00,0x00,0x00,0x00,0x00,0x00,0x00,0x00,0x00,0x00,0x00,0x00,0x00,0x00,0x00,
	0x00,0x00,0x00,0x00,0x00,0x00,0x00,0x00,0x00,0x00,0x00,0x00,0x00,0x00,0x00,0x00,
	0x03,0x02,0x00,0x00,0x00,0x00,0x00,0x00,0x00,0x00,0x00,0x00,0x00,0x00,0x00,0x00,
	0x00,0x00,0x00,0x00,0x00,0x00,0x00,0x00,0x12,0x41,0x00,0x01,0x00,0x00,0x00,0x00,
	0x00,0x00,0x00,0x00,0x00,0x00,0x00,0x00,0x00,0x00,0x00,0x00,0x00,0x00,0x00,0x00,
	0x00,0x00,0x00,0x00,0x04,0x2f,0xe5,0xdc,0xdb,0xfe,0x2b,0x9d,0x4f,0xa6,0x88,0x2c,
	0xac,0x8f,0x1a,0x6f,0xa5,0x5f,0xec,0x7a,0xf9,0x9c,0xc2,0xe2,0x84,0xec,0x75,0x1c,
	0x6f,0xa9,0x1f,0xe4,0x2e,0xf1,0x16,0xf9,0x79,0x18,0xcb,0x3f,0xb2,0x9b,0xa7,0x23,
	0x41,0xd9,0x7d,0x08,0x4e,0x39,0xd3,0x51,0x61,0xe6,0x8b,0xf4,0xe2,0xfb,0xdf,0x71,
	0xc7,0x5b,0x21,0xf8,0x00,0x00,0x00,0x40,0x00,0x00,0x00,0x00,0x00,0x00,0x00,0x00,
	0x00,0x00,0x00,0x00,0x00,0x00,0x00,0x00,0x00,0x00,0x00,0x00,0x00,0x00,0x00,0x00,
	0x00,0x00,0x00,0x00,0x00,0x00,0x00,0x00,0x00,0x00,0x00,0x00,0x04,0x02,0x00,0x00,
	0x00,0x00,0x00,0x00,0x00,0x00,0x00,0x00,0x00,0x00,0x00,0x00,0x00,0x00,0x00,0x00,
	0x00,0x00,0x00,0x00,0x00,0x00,0x00,0x00,0x00,0x00,0x00,0x00,0x00,0x00,0x00,0x00,
	0x00,0x00,0x00,0x00,0x00,0x00,0x00,0x00,0x00,0x00,0x00,0x00,0x00,0x00,0x00,0x00,
	0x00,0x00,0x00,0x00,0x00,0x00,0x00,0x00,0x00,0x00,0x00,0x00,0x04,0x02,0x00,0x00,
	0x00,0x00,0x00,0x00,0x00,0x00,0x00,0x00,0x00,0x00,0x00,0x00,0x00,0x00,0x00,0x00,
	0x00,0x00,0x00,0x00,0x00,0x00,0x00,0x00,0x00,0x00,0x00,0x00,0x00,0x00,0x00,0x00,
	0x00,0x00,0x00,0x00,0x00,0x00,0x00,0x00,0x00,0x00,0x00,0x00,0x00,0x00,0x00,0x00,
	0x00,0x00,0x00,0x00,0x00,0x00,0x00,0x00,0x00,0x00,0x00,0x00,0x00,0x01,0x00,0x00,
	0x00,0x00,0x00,0x00,0x00,0x00,0x00,0x00,0x00,0x00,0x00,0x00,0x00,0x00,0x00,0x00,
	0x00,0x00,0x00,0x00,0x00,0x00,0x00,0x00,0x00,0x00,0x00,0x00,0x00,0x00,0x00,0x00,
	0x00,0x00,0x00,0x00,0x00,0x00,0x00,0x00,0x00,0x00,0x00,0x00,0x00,0x00,0x00,0x00,
	0x00,0x00,0x00,0x00,0x00,0x00,0x00,0x00,0x00,0x00,0x00,0x00,0x00,0x01,0x00,0x00,
	0x00,0x00,0x00,0x00,0x00,0x00,0x00,0x00,0x00,0x00,0x00,0x00,0x00,0x00,0x00,0x00,
	0x00,0x00,0x00,0x00,0x00,0x00,0x00,0x00,0x00,0x00,0x00,0x00,0x00,0x00,0x00,0x00,
	0x00,0x00,0x00,0x00,0x00,0x00,0x00,0x00,0x00,0x00,0x00,0x00,0x00,0x00,0x00,0x00,
	0x00,0x00,0x00,0x00,0x00,0x00,0x00,0x00,0x00,0x00,0x00,0x00,0x00,0x01,0x00,0x00,
	0x00,0x00,0x00,0x00,0x00,0x00,0x00,0x00,0x00,0x00,0x00,0x00,0x00,0x00,0x00,0x00,
	0x00,0x00,0x00,0x00,0x00,0x00,0x00,0x00,0x00,0x00,0x00,0x00,0x00,0x00,0x00,0x00,
	0x00,0x00,0x00,0x00,0x00,0x00,0x00,0x00,0x00,0x00,0x00,0x00,0x00,0x00,0x00,0x00,
	0x00,0x00,0x00,0x00,0x00,0x00,0x00,0x00,0x00,0x00,0x00,0x00,0x00,0x01,0x00,0x00,
	0x00,0x00,0x00,0x00,0x00,0x00,0x00,0x00,0x00,0x00,0x00,0x00,0x00,0x00,0x00,0x00,
	0x00,0x00,0x00,0x00,0x00,0x00,0x00,0x00,0x00,0x00,0x00,0x00,0x00,0x00,0x00,0x00,
	0x00,0x00,0x00,0x00,0x00,0x00,0x00,0x00,0x00,0x00,0x00,0x00,0x00,0x00,0x00,0x00,
	0x00,0x00,0x00,0x00,0x00,0x00,0x00,0x00,0x00,0x00,0x00,0x00,0x03,0x02,0x00,0x00,
	0x00,0x00,0x00,0x00,0x00,0x00,0x00,0x00,0x00,0x00,0x00,0x00,0x00,0x00,0x00,0x00,
	0x00,0x00,0x00,0x00,0x12,0x41,0x00,0x01,0x00,0x00,0x00,0x00,0x00,0x00,0x00,0x00,
	0x00,0x00,0x00,0x00,0x00,0x00,0x00,0x00,0x00,0x00,0x00,0x00,0x00,0x00,0x00,0x00,
	0x04,0x2f,0xe5,0xdc,0xdb,0xfe,0x2b,0x9d,0x4f,0xa6,0x88,0x2c,0xac,0x8f,0x1a,0x6f,
	0xa5,0x5f,0xec,0x7a,0xf9,0x9c,0xc2,0xe2,0x84,0xec,0x75,0x1c,0x6f,0xa9,0x1f,0xe4,
	0x2e,0xf1,0x16,0xf9,0x79,0x18,0xcb,0x3f,0xb2,0x9b,0xa7,0x23,0x41,0xd9,0x7d,0x08,
	0x4e,0x39,0xd3,0x51,0x61,0xe6,0x8b,0xf4,0xe2,0xfb,0xdf,0x71,0xc7,0x5b,0x21,0xf8,
	0x00,0x00,0x00,0x40,0x00,0x00,0x00,0x00,0x00,0x00,0x00,0x00,0x00,0x00,0x00,0x00,
	0x00,0x00,0x00,0x00,0x00,0x00,0x00,0x00,0x00,0x00,0x00,0x00,0x00,0x00,0x00,0x00,
	0x00,0x00,0x00,0x00,0x00,0x00,0x00,0x00,0x04,0x02,0x00,0x00,0x00,0x00,0x00,0x00,
	0x00,0x00,0x00,0x00,0x00,0x00,0x00,0x00,0x00,0x00,0x00,0x00,0x00,0x00,0x00,0x00,
	0x00,0x00,0x00,0x00,0x00,0x00,0x00,0x00,0x00,0x00,0x00,0x00,0x00,0x00,0x00,0x00,
	0x00,0x00,0x00,0x00,0x00,0x00,0x00,0x00,0x00,0x00,0x00,0x00,0x00,0x00,0x00,0x00,
	0x00,0x00,0x00,0x00,0x00,0x00,0x00,0x00,0x04,0x02,0x00,0x00,0x00,0x00,0x00,0x00,
	0x00,0x00,0x00,0x00,0x00,0x00,0x00,0x00,0x00,0x00,0x00,0x00,0x00,0x00,0x00,0x00,
	0x00,0x00,0x00,0x00,0x00,0x00,0x00,0x00,0x00,0x00,0x00,0x00,0x00,0x00,0x00,0x00,
	0x00,0x00,0x00,0x00,0x00,0x00,0x00,0x00,0x00,0x00,0x00,0x00,0x00,0x00,0x00,0x00,
	0x00,0x00,0x00,0x00,0x00,0x00,0x00,0x00,0x00,0x01,0x00,0x00,0x00,0x00,0x00,0x00,
	0x00,0x00,0x00,0x00,0x00,0x00,0x00,0x00,0x00,0x00,0x00,0x00,0x00,0x00,0x00,0x00,
	0x00,0x00,0x00,0x00,0x00,0x00,0x00,0x00,0x00,0x00,0x00,0x00,0x00,0x00,0x00,0x00,
	0x00,0x00,0x00,0x00,0x00,0x00,0x00,0x00,0x00,0x00,0x00,0x00,0x00,0x00,0x00,0x00,
	0x00,0x00,0x00,0x00,0x00,0x00,0x00,0x00,0x00,0x01,0x00,0x00,0x00,0x00,0x00,0x00,
	0x00,0x00,0x00,0x00,0x00,0x00,0x00,0x00,0x00,0x00,0x00,0x00,0x00,0x00,0x00,0x00,
	0x00,0x00,0x00,0x00,0x00,0x00,0x00,0x00,0x00,0x00,0x00,0x00,0x00,0x00,0x00,0x00,
	0x00,0x00,0x00,0x00,0x00,0x00,0x00,0x00,0x00,0x00,0x00,0x00,0x00,0x00,0x00,0x00,
	0x00,0x00,0x00,0x00,0x00,0x00,0x00,0x00,0x00,0x01,0x00,0x00,0x00,0x00,0x00,0x00,
	0x00,0x00,0x00,0x00,0x00,0x00,0x00,0x00,0x00,0x00,0x00,0x00,0x00,0x00,0x00,0x00,
	0x00,0x00,0x00,0x00,0x00,0x00,0x00,0x00,0x00,0x00,0x00,0x00,0x00,0x00,0x00,0x00,
	0x00,0x00,0x00,0x00,0x00,0x00,0x00,0x00,0x00,0x00,0x00,0x00,0x00,0x00,0x00,0x00,
	0x00,0x00,0x00,0x00,0x00,0x00,0x00,0x00,0x00,0x01,0x00,0x00,0x00,0x00,0x00,0x00,
	0x00,0x00,0x00,0x00,0x00,0x00,0x00,0x00,0x00,0x00,0x00,0x00,0x00,0x00,0x00,0x00,
	0x00,0x00,0x00,0x00,0x00,0x00,0x00,0x00,0x00,0x00,0x00,0x00,0x00,0x00,0x00,0x00,
	0x00,0x00,0x00,0x00,0x00,0x00,0x00,0x00,0x00,0x00,0x00,0x00,0x00,0x00,0x00,0x00,
	0x00,0x00,0x00,0x00,0x00,0x00,0x00,0x00,0x03,0x02,0x00,0x00,0x00,0x00,0x00,0x00,
	0x00,0x00,0x00,0x00,0x00,0x00,0x00,0x00,0x00,0x00,0x00,0x00,0x00,0x00,0x00,0x00,
	0x12,0x41,0x00,0x01,0x00,0x00,0x00,0x00,0x00,0x00,0x00,0x00,0x00,0x00,0x00,0x00,
	0x00,0x00,0x00,0x00,0x00,0x00,0x00,0x00,0x00,0x00,0x00,0x00,0x04,0x2f,0xe5,0xdc,
	0xdb,0xfe,0x2b,0x9d,0x4f,0xa6,0x88,0x2c,0xac,0x8f,0x1a,0x6f,0xa5,0x5f,0xec,0x7a,
	0xf9,0x9c,0xc2,0xe2,0x84,0xec,0x75,0x1c,0x6f,0xa9,0x1f,0xe4,0x2e,0xf1,0x16,0xf9,
	0x79,0x18,0xcb,0x3f,0xb2,0x9b,0xa7,0x23,0x41,0xd9,0x7d,0x08,0x4e,0x39,0xd3,0x51,
	0x61,0xe6,0x8b,0xf4,0xe2,0xfb,0xdf,0x71,0xc7,0x5b,0x21,0xf8,0x00,0x00,0x00,0x40,
	0x00,0x00,0x00,0x00,0x00,0x00,0x00,0x00,0x00,0x00,0x00,0x00,0x00,0x00,0x00,0x00,
	0x00,0x00,0x00,0x00,0x00,0x00,0x00,0x00,0x00,0x00,0x00,0x00,0x00,0x00,0x00,0x00,
	0x00,0x00,0x00,0x00,0x04,0x02,0x00,0x00,0x00,0x00,0x00,0x00,0x00,0x00,0x00,0x00,
	0x00,0x00,0x00,0x00,0x00,0x00,0x00,0x00,0x00,0x00,0x00,0x00,0x00,0x00,0x00,0x00,
	0x00,0x00,0x00,0x00,0x00,0x00,0x00,0x00,0x00,0x00,0x00,0x00,0x00,0x00,0x00,0x00,
	0x00,0x00,0x00,0x00,0x00,0x00,0x00,0x00,0x00,0x00,0x00,0x00,0x00,0x00,0x00,0x00,
	0x00,0x00,0x00,0x00,0x04,0x02,0x00,0x00,0x00,0x00,0x00,0x00,0x00,0x00,0x00,0x00,
	0x00,0x00,0x00,0x00,0x00,0x00,0x00,0x00,0x00,0x00,0x00,0x00,0x00,0x00,0x00,0x00,
	0x00,0x00,0x00,0x00,0x00,0x00,0x00,0x00,0x00,0x00,0x00,0x00,0x00,0x00,0x00,0x00,
	0x00,0x00,0x00,0x00,0x00,0x00,0x00,0x00,0x00,0x00,0x00,0x00,0x00,0x00,0x00,0x00,
	0x00,0x00,0x00,0x00,0x00,0x01,0x00,0x00,0x00,0x00,0x00,0x00,0x00,0x00,0x00,0x00,
	0x00,0x00,0x00,0x00,0x00,0x00,0x00,0x00,0x00,0x00,0x00,0x00,0x00,0x00,0x00,0x00,
	0x00,0x00,0x00,0x00,0x00,0x00,0x00,0x00,0x00,0x00,0x00,0x00,0x00,0x00,0x00,0x00,
	0x00,0x00,0x00,0x00,0x00,0x00,0x00,0x00,0x00,0x00,0x00,0x00,0x00,0x00,0x00,0x00,
	0x00,0x00,0x00,0x00,0x00,0x01,0x00,0x00,0x00,0x00,0x00,0x00,0x00,0x00,0x00,0x00,
	0x00,0x00,0x00,0x00,0x00,0x00,0x00,0x00,0x00,0x00,0x00,0x00,0x00,0x00,0x00,0x00,
	0x00,0x00,0x00,0x00,0x00,0x00,0x00,0x00,0x00,0x00,0x00,0x00,0x00,0x00,0x00,0x00,
	0x00,0x00,0x00,0x00,0x00,0x00,0x00,0x00,0x00,0x00,0x00,0x00,0x00,0x00,0x00,0x00,
	0x00,0x00,0x00,0x00,0x00,0x01,0x00,0x00,0x00,0x00,0x00,0x00,0x00,0x00,0x00,0x00,
	0x00,0x00,0x00,0x00,0x00,0x00,0x00,0x00,0x00,0x00,0x00,0x00,0x00,0x00,0x00,0x00,
	0x00,0x00,0x00,0x00,0x00,0x00,0x00,0x00,0x00,0x00,0x00,0x00,0x00,0x00,0x00,0x00,
	0x00,0x00,0x00,0x00,0x00,0x00,0x00,0x00,0x00,0x00,0x00,0x00,0x00,0x00,0x00,0x00,
	0x00,0x00,0x00,0x00,0x00,0x01,0x00,0x00,0x00,0x00,0x00,0x00,0x00,0x00,0x00,0x00,
	0x00,0x00,0x00,0x00,0x00,0x00,0x00,0x00,0x00,0x00,0x00,0x00,0x00,0x00,0x00,0x00,
	0x00,0x00,0x00,0x00,0x00,0x00,0x00,0x00,0x00,0x00,0x00,0x00,0x00,0x00,0x00,0x00,
	0x00,0x00,0x00,0x00,0x00,0x00,0x00,0x00,0x00,0x00,0x00,0x00,0x00,0x00,0x00,0x00,
	0x00,0x00,0x00,0x00,0x03,0x02,0x00,0x00,0x00,0x00,0x00,0x00,0x00,0x00,0x00,0x00,
	0x00,0x00,0x00,0x00,0x00,0x00,0x00,0x00,0x00,0x00,0x00,0x00,0x12,0x41,0x00,0x01,
	0x00,0x00,0x00,0x00,0x00,0x00,0x00,0x00,0x00,0x00,0x00,0x00,0x00,0x00,0x00,0x00,
	0x00,0x00,0x00,0x00,0x00,0x00,0x00,0x00,0x04,0x2f,0xe5,0xdc,0xdb,0xfe,0x2b,0x9d,
	0x4f,0xa6,0x88,0x2c,0xac,0x8f,0x1a,0x6f,0xa5,0x5f,0xec,0x7a,0xf9,0x9c,0xc2,0xe2,
	0x84,0xec,0x75,0x1c,0x6f,0xa9,0x1f,0xe4,0x2e,0xf1,0x16,0xf9,0x79,0x18,0xcb,0x3f,
	0xb2,0x9b,0xa7,0x23,0x41,0xd9,0x7d,0x08,0x4e,0x39,0xd3,0x51,0x61,0xe6,0x8b,0xf4,
	0xe2,0xfb,0xdf,0x71,0xc7,0x5b,0x21,0xf8,0x00,0x00,0x00,0x40,0x00,0x00,0x00,0x00,
	0x00,0x00,0x00,0x00,0x00,0x00,0x00,0x00,0x00,0x00,0x00,0x00,0x00,0x00,0x00,0x00,
	0x00,0x00,0x00,0x00,0x00,0x00,0x00,0x00,0x00,0x00,0x00,0x00,0x00,0x00,0x00,0x00,
	0x04,0x02,0x00,0x00,0x00,0x00,0x00,0x00,0x00,0x00,0x00,0x00,0x00,0x00,0x00,0x00,
	0x00,0x00,0x00,0x00,0x00,0x00,0x00,0x00,0x00,0x00,0x00,0x00,0x00,0x00,0x00,0x00,
	0x00,0x00,0x00,0x00,0x00,0x00,0x00,0x00,0x00,0x00,0x00,0x00,0x00,0x00,0x00,0x00,
	0x00,0x00,0x00,0x00,0x00,0x00,0x00,0x00,0x00,0x00,0x00,0x00,0x00,0x00,0x00,0x00,
	0x04,0x02,0x00,0x00,0x00,0x00,0x00,0x00,0x00,0x00,0x00,0x00,0x00,0x00,0x00,0x00,
	0x00,0x00,0x00,0x00,0x00,0x00,0x00,0x00,0x00,0x00,0x00,0x00,0x00,0x00,0x00,0x00,
	0x00,0x00,0x00,0x00,0x00,0x00,0x00,0x00,0x00,0x00,0x00,0x00,0x00,0x00,0x00,0x00,
	0x00,0x00,0x00,0x00,0x00,0x00,0x00,0x00,0x00,0x00,0x00,0x00,0x00,0x00,0x00,0x00,
	0x00,0x01,0x00,0x00,0x00,0x00,0x00,0x00,0x00,0x00,0x00,0x00,0x00,0x00,0x00,0x00,
	0x00,0x00,0x00,0x00,0x00,0x00,0x00,0x00,0x00,0x00,0x00,0x00,0x00,0x00,0x00,0x00,
	0x00,0x00,0x00,0x00,0x00,0x00,0x00,0x00,0x00,0x00,0x00,0x00,0x00,0x00,0x00,0x00,
	0x00,0x00,0x00,0x00,0x00,0x00,0x00,0x00,0x00,0x00,0x00,0x00,0x00,0x00,0x00,0x00,
	0x00,0x01,0x00,0x00,0x00,0x00,0x00,0x00,0x00,0x00,0x00,0x00,0x00,0x00,0x00,0x00,
	0x00,0x00,0x00,0x00,0x00,0x00,0x00,0x00,0x00,0x00,0x00,0x00,0x00,0x00,0x00,0x00,
	0x00,0x00,0x00,0x00,0x00,0x00,0x00,0x00,0x00,0x00,0x00,0x00,0x00,0x00,0x00,0x00,
	0x00,0x00,0x00,0x00,0x00,0x00,0x00,0x00,0x00,0x00,0x00,0x00,0x00,0x00,0x00,0x00,
	0x00,0x01,0x00,0x00,0x00,0x00,0x00,0x00,0x00,0x00,0x00,0x00,0x00,0x00,0x00,0x00,
	0x00,0x00,0x00,0x00,0x00,0x00,0x00,0x00,0x00,0x00,0x00,0x00,0x00,0x00,0x00,0x00,
	0x00,0x00,0x00,0x00,0x00,0x00,0x00,0x00,0x00,0x00,0x00,0x00,0x00,0x00,0x00,0x00,
	0x00,0x00,0x00,0x00,0x00,0x00,0x00,0x00,0x00,0x00,0x00,0x00,0x00,0x00,0x00,0x00,
	0x00,0x01,0x00,0x00,0x00,0x00,0x00,0x00,0x00,0x00,0x00,0x00,0x00,0x00,0x00,0x00,
	0x00,0x00,0x00,0x00,0x00,0x00,0x00,0x00,0x00,0x00,0x00,0x00,0x00,0x00,0x00,0x00,
	0x00,0x00,0x00,0x00,0x00,0x00,0x00,0x00,0x00,0x00,0x00,0x00,0x00,0x00,0x00,0x00,
	0x00,0x00,0x00,0x00,0x00,0x00,0x00,0x00,0x00,0x00,0x00,0x00,0x00,0x00,0x00,0x00,
	0x03,0x02,0x00,0x00,0x00,0x00,0x00,0x00,0x00,0x00,0x00,0x00,0x00,0x00,0x00,0x00,
	0x00,0x00,0x00,0x00,0x00,0x00,0x00,0x00,0x12,0x41,0x00,0x01,0x00,0x00,0x00,0x00,
	0x00,0x00,0x00,0x00,0x00,0x00,0x00,0x00,0x00,0x00,0x00,0x00,0x00,0x00,0x00,0x00,
	0x00,0x00,0x00,0x00,0x04,0x2f,0xe5,0xdc,0xdb,0xfe,0x2b,0x9d,0x4f,0xa6,0x88,0x2c,
	0xac,0x8f,0x1a,0x6f,0xa5,0x5f,0xec,0x7a,0xf9,0x9c,0xc2,0xe2,0x84,0xec,0x75,0x1c,
	0x6f,0xa9,0x1f,0xe4,0x2e,0xf1,0x16,0xf9,0x79,0x18,0xcb,0x3f,0xb2,0x9b,0xa7,0x23,
	0x41,0xd9,0x7d,0x08,0x4e,0x39,0xd3,0x51,0x61,0xe6,0x8b,0xf4,0xe2,0xfb,0xdf,0x71,
	0xc7,0x5b,0x21,0xf8,0x00,0x00,0x00,0x40,0x00,0x00,0x00,0x00,0x00,0x00,0x00,0x00,
	0x00,0x00,0x00,0x00,0x00,0x00,0x00,0x00,0x00,0x00,0x00,0x00,0x00,0x00,0x00,0x00,
	0x00,0x00,0x00,0x00,0x00,0x00,0x00,0x00,0x00,0x00,0x00,0x00,0x04,0x02,0x00,0x00,
	0x00,0x00,0x00,0x00,0x00,0x00,0x00,0x00,0x00,0x00,0x00,0x00,0x00,0x00,0x00,0x00,
	0x00,0x00,0x00,0x00,0x00,0x00,0x00,0x00,0x00,0x00,0x00,0x00,0x00,0x00,0x00,0x00,
	0x00,0x00,0x00,0x00,0x00,0x00,0x00,0x00,0x00,0x00,0x00,0x00,0x00,0x00,0x00,0x00,
	0x00,0x00,0x00,0x00,0x00,0x00,0x00,0x00,0x00,0x00,0x00,0x00,0x04,0x02,0x00,0x00,
	0x00,0x00,0x00,0x00,0x00,0x00,0x00,0x00,0x00,0x00,0x00,0x00,0x00,0x00,0x00,0x00,
	0x00,0x00,0x00,0x00,0x00,0x00,0x00,0x00,0x00,0x00,0x00,0x00,0x00,0x00,0x00,0x00,
	0x00,0x00,0x00,0x00,0x00,0x00,0x00,0x00,0x00,0x00,0x00,0x00,0x00,0x00,0x00,0x00,
	0x00,0x00,0x00,0x00,0x00,0x00,0x00,0x00,0x00,0x00,0x00,0x00,0x00,0x01,0x00,0x00,
	0x00,0x00,0x00,0x00,0x00,0x00,0x00,0x00,0x00,0x00,0x00,0x00,0x00,0x00,0x00,0x00,
	0x00,0x00,0x00,0x00,0x00,0x00,0x00,0x00,0x00,0x00,0x00,0x00,0x00,0x00,0x00,0x00,
	0x00,0x00,0x00,0x00,0x00,0x00,0x00,0x00,0x00,0x00,0x00,0x00,0x00,0x00,0x00,0x00,
	0x00,0x00,0x00,0x00,0x00,0x00,0x00,0x00,0x00,0x00,0x00,0x00,0x00,0x01,0x00,0x00,
	0x00,0x00,0x00,0x00,0x00,0x00,0x00,0x00,0x00,0x00,0x00,0x00,0x00,0x00,0x00,0x00,
	0x00,0x00,0x00,0x00,0x00,0x00,0x00,0x00,0x00,0x00,0x00,0x00,0x00,0x00,0x00,0x00,
	0x00,0x00,0x00,0x00,0x00,0x00,0x00,0x00,0x00,0x00,0x00,0x00,0x00,0x00,0x00,0x00,
	0x00,0x00,0x00,0x00,0x00,0x00,0x00,0x00,0x00,0x00,0x00,0x00,0x00,0x01,0x00,0x00,
	0x00,0x00,0x00,0x00,0x00,0x00,0x00,0x00,0x00,0x00,0x00,0x00,0x00,0x00,0x00,0x00,
	0x00,0x00,0x00,0x00,0x00,0x00,0x00,0x00,0x00,0x00,0x00,0x00,0x00,0x00,0x00,0x00,
	0x00,0x00,0x00,0x00,0x00,0x00,0x00,0x00,0x00,0x00,0x00,0x00,0x00,0x00,0x00,0x00,
	0x00,0x00,0x00,0x00,0x00,0x00,0x00,0x00,0x00,0x00,0x00,0x00,0x00,0x01,0x00,0x00,
	0x00,0x00,0x00,0x00,0x00,0x00,0x00,0x00,0x00,0x00,0x00,0x00,0x00,0x00,0x00,0x00,
	0x00,0x00,0x00,0x00,0x00,0x00,0x00,0x00,0x00,0x00,0x00,0x00,0x00,0x00,0x00,0x00,
	0x00,0x00,0x00,0x00,0x00,0x00,0x00,0x00,0x00,0x00,0x00,0x00,0x00,0x00,0x00,0x00,
	0x00,0x00,0x00,0x00,0x00,0x00,0x00,0x00,0x00,0x00,0x00,0x00,0x03,0x02,0x00,0x00,
	0x00,0x00,0x00,0x00,0x00,0x00,0x00,0x00,0x00,0x00,0x00,0x00,0x00,0x00,0x00,0x00,
	0x00,0x00,0x00,0x00,0x12,0x41,0x00,0x01,0x00,0x00,0x00,0x00,0x00,0x00,0x00,0x00,
	0x00,0x00,0x00,0x00,0x00,0x00,0x00,0x00,0x00,0x00,0x00,0x00,0x00,0x00,0x00,0x00,
	0x04,0x2f,0xe5,0xdc,0xdb,0xfe,0x2b,0x9d,0x4f,0xa6,0x88,0x2c,0xac,0x8f,0x1a,0x6f,
	0xa5,0x5f,0xec,0x7a,0xf9,0x9c,0xc2,0xe2,0x84,0xec,0x75,0x1c,0x6f,0xa9,0x1f,0xe4,
	0x2e,0xf1,0x16,0xf9,0x79,0x18,0xcb,0x3f,0xb2,0x9b,0xa7,0x23,0x41,0xd9,0x7d,0x08,
	0x4e,0x39,0xd3,0x51,0x61,0xe6,0x8b,0xf4,0xe2,0xfb,0xdf,0x71,0xc7,0x5b,0x21,0xf8,
	0x00,0x00,0x00,0x40,0x00,0x00,0x00,0x00,0x00,0x00,0x00,0x00,0x00,0x00,0x00,0x00,
	0x00,0x00,0x00,0x00,0x00,0x00,0x00,0x00,0x00,0x00,0x00,0x00,0x00,0x00,0x00,0x00,
	0x00,0x00,0x00,0x00,0x00,0x00,0x00,0x00,0x04,0x02,0x00,0x00,0x00,0x00,0x00,0x00,
	0x00,0x00,0x00,0x00,0x00,0x00,0x00,0x00,0x00,0x00,0x00,0x00,0x00,0x00,0x00,0x00,
	0x00,0x00,0x00,0x00,0x00,0x00,0x00,0x00,0x00,0x00,0x00,0x00,0x00,0x00,0x00,0x00,
	0x00,0x00,0x00,0x00,0x00,0x00,0x00,0x00,0x00,0x00,0x00,0x00,0x00,0x00,0x00,0x00,
	0x00,0x00,0x00,0x00,0x00,0x00,0x00,0x00,0x04,0x02,0x00,0x00,0x00,0x00,0x00,0x00,
	0x00,0x00,0x00,0x00,0x00,0x00,0x00,0x00,0x00,0x00,0x00,0x00,0x00,0x00,0x00,0x00,
	0x00,0x00,0x00,0x00,0x00,0x00,0x00,0x00,0x00,0x00,0x00,0x00,0x00,0x00,0x00,0x00,
	0x00,0x00,0x00,0x00,0x00,0x00,0x00,0x00,0x00,0x00,0x00,0x00,0x00,0x00,0x00,0x00,
	0x00,0x00,0x00,0x00,0x00,0x00,0x00,0x00,0x00,0x01,0x00,0x00,0x00,0x00,0x00,0x00,
	0x00,0x00,0x00,0x00,0x00,0x00,0x00,0x00,0x00,0x00,0x00,0x00,0x00,0x00,0x00,0x00,
	0x00,0x00,0x00,0x00,0x00,0x00,0x00,0x00,0x00,0x00,0x00,0x00,0x00,0x00,0x00,0x00,
	0x00,0x00,0x00,0x00,0x00,0x00,0x00,0x00,0x00,0x00,0x00,0x00,0x00,0x00,0x00,0x00,
	0x00,0x00,0x00,0x00,0x00,0x00,0x00,0x00,0x00,0x01,0x00,0x00,0x00,0x00,0x00,0x00,
	0x00,0x00,0x00,0x00,0x00,0x00,0x00,0x00,0x00,0x00,0x00,0x00,0x00,0x00,0x00,0x00,
	0x00,0x00,0x00,0x00,0x00,0x00,0x00,0x00,0x00,0x00,0x00,0x00,0x00,0x00,0x00,0x00,
	0x00,0x00,0x00,0x00,0x00,0x00,0x00,0x00,0x00,0x00,0x00,0x00,0x00,0x00,0x00,0x00,
	0x00,0x00,0x00,0x00,0x00,0x00,0x00,0x00,0x00,0x01,0x00,0x00,0x00,0x00,0x00,0x00,
	0x00,0x00,0x00,0x00,0x00,0x00,0x00,0x00,0x00,0x00,0x00,0x00,0x00,0x00,0x00,0x00,
	0x00,0x00,0x00,0x00,0x00,0x00,0x00,0x00,0x00,0x00,0x00,0x00,0x00,0x00,0x00,0x00,
	0x00,0x00,0x00,0x00,0x00,0x00,0x00,0x00,0x00,0x00,0x00,0x00,0x00,0x00,0x00,0x00,
	0x00,0x00,0x00,0x00,0x00,0x00,0x00,0x00,0x00,0x01,0x00,0x00,0x00,0x00,0x00,0x00,
	0x00,0x00,0x00,0x00,0x00,0x00,0x00,0x00,0x00,0x00,0x00,0x00,0x00,0x00,0x00,0x00,
	0x00,0x00,0x00,0x00,0x00,0x00,0x00,0x00,0x00,0x00,0x00,0x00,0x00,0x00,0x00,0x00,
	0x00,0x00,0x00,0x00,0x00,0x00,0x00,0x00,0x00,0x00,0x00,0x00,0x00,0x00,0x00,0x00,
	0x00,0x00,0x00,0x00,0x00,0x00,0x00,0x00,0x03,0x02,0x00,0x00,0x00,0x00,0x00,0x00,
	0x00,0x00,0x00,0x00,0x00,0x00,0x00,0x00,0x00,0x00,0x00,0x00,0x00,0x00,0x00,0x00,
	0x12,0x41,0x00,0x01,0x00,0x00,0x00,0x00,0x00,0x00,0x00,0x00,0x00,0x00,0x00,0x00,
	0x00,0x00,0x00,0x00,0x00,0x00,0x00,0x00,0x00,0x00,0x00,0x00,0x04,0x2f,0xe5,0xdc,
	0xdb,0xfe,0x2b,0x9d,0x4f,0xa6,0x88,0x2c,0xac,0x8f,0x1a,0x6f,0xa5,0x5f,0xec,0x7a,
	0xf9,0x9c,0xc2,0xe2,0x84,0xec,0x75,0x1c,0x6f,0xa9,0x1f,0xe4,0x2e,0xf1,0x16,0xf9,
	0x79,0x18,0xcb,0x3f,0xb2,0x9b,0xa7,0x23,0x41,0xd9,0x7d,0x08,0x4e,0x39,0xd3,0x51,
	0x61,0xe6,0x8b,0xf4,0xe2,0xfb,0xdf,0x71,0xc7,0x5b,0x21,0xf8,0x00,0x00,0x00,0x40,
	0x00,0x00,0x00,0x00,0x00,0x00,0x00,0x00,0x00,0x00,0x00,0x00,0x00,0x00,0x00,0x00,
	0x00,0x00,0x00,0x00,0x00,0x00,0x00,0x00,0x00,0x00,0x00,0x00,0x00,0x00,0x00,0x00,
	0x00,0x00,0x00,0x00,0x04,0x02,0x00,0x00,0x00,0x00,0x00,0x00,0x00,0x00,0x00,0x00,
	0x00,0x00,0x00,0x00,0x00,0x00,0x00,0x00,0x00,0x00,0x00,0x00,0x00,0x00,0x00,0x00,
	0x00,0x00,0x00,0x00,0x00,0x00,0x00,0x00,0x00,0x00,0x00,0x00,0x00,0x00,0x00,0x00,
	0x00,0x00,0x00,0x00,0x00,0x00,0x00,0x00,0x00,0x00,0x00,0x00,0x00,0x00,0x00,0x00,
	0x00,0x00,0x00,0x00,0x04,0x02,0x00,0x00,0x00,0x00,0x00,0x00,0x00,0x00,0x00,0x00,
	0x00,0x00,0x00,0x00,0x00,0x00,0x00,0x00,0x00,0x00,0x00,0x00,0x00,0x00,0x00,0x00,
	0x00,0x00,0x00,0x00,0x00,0x00,0x00,0x00,0x00,0x00,0x00,0x00,0x00,0x00,0x00,0x00,
	0x00,0x00,0x00,0x00,0x00,0x00,0x00,0x00,0x00,0x00,0x00,0x00,0x00,0x00,0x00,0x00,
	0x00,0x00,0x00,0x00,0x00,0x01,0x00,0x00,0x00,0x00,0x00,0x00,0x00,0x00,0x00,0x00,
	0x00,0x00,0x00,0x00,0x00,0x00,0x00,0x00,0x00,0x00,0x00,0x00,0x00,0x00,0x00,0x00,
	0x00,0x00,0x00,0x00,0x00,0x00,0x00,0x00,0x00,0x00,0x00,0x00,0x00,0x00,0x00,0x00,
	0x00,0x00,0x00,0x00,0x00,0x00,0x00,0x00,0x00,0x00,0x00,0x00,0x00,0x00,0x00,0x00,
	0x00,0x00,0x00,0x00,0x00,0x01,0x00,0x00,0x00,0x00,0x00,0x00,0x00,0x00,0x00,0x00,
	0x00,0x00,0x00,0x00,0x00,0x00,0x00,0x00,0x00,0x00,0x00,0x00,0x00,0x00,0x00,0x00,
	0x00,0x00,0x00,0x00,0x00,0x00,0x00,0x00,0x00,0x00,0x00,0x00,0x00,0x00,0x00,0x00,
	0x00,0x00,0x00,0x00,0x00,0x00,0x00,0x00,0x00,0x00,0x00,0x00,0x00,0x00,0x00,0x00,
	0x00,0x00,0x00,0x00,0x00,0x01,0x00,0x00,0x00,0x00,0x00,0x00,0x00,0x00,0x00,0x00,
	0x00,0x00,0x00,0x00,0x00,0x00,0x00,0x00,0x00,0x00,0x00,0x00,0x00,0x00,0x00,0x00,
	0x00,0x00,0x00,0x00,0x00,0x00,0x00,0x00,0x00,0x00,0x00,0x00,0x00,0x00,0x00,0x00,
	0x00,0x00,0x00,0x00,0x00,0x00,0x00,0x00,0x00,0x00,0x00,0x00,0x00,0x00,0x00,0x00,
	0x00,0x00,0x00,0x00,0x00,0x01,0x00,0x00,0x00,0x00,0x00,0x00,0x00,0x00,0x00,0x00,
	0x00,0x00,0x00,0x00,0x00,0x00,0x00,0x00,0x00,0x00,0x00,0x00,0x00,0x00,0x00,0x00,
	0x00,0x00,0x00,0x00,0x00,0x00,0x00,0x00,0x00,0x00,0x00,0x00,0x00,0x00,0x00,0x00,
	0x00,0x00,0x00,0x00,0x00,0x00,0x00,0x00,0x00,0x00,0x00,0x00,0x00,0x00,0x00,0x00,
	0x00,0x00,0x00,0x00,0x03,0x02,0x00,0x00,0x00,0x00,0x00,0x00,0x00,0x00,0x00,0x00,
	0x00,0x00,0x00,0x00,0x00,0x00,0x00,0x00,0x00,0x00,0x00,0x00,0x12,0x41,0x00,0x01,
	0x00,0x00,0x00,0x00,0x00,0x00,0x00,0x00,0x00,0x00,0x00,0x00,0x00,0x00,0x00,0x00,
	0x00,0x00,0x00,0x00,0x00,0x00,0x00,0x00,0x04,0x2f,0xe5,0xdc,0xdb,0xfe,0x2b,0x9d,
	0x4f,0xa6,0x88,0x2c,0xac,0x8f,0x1a,0x6f,0xa5,0x5f,0xec,0x7a,0xf9,0x9c,0xc2,0xe2,
	0x84,0xec,0x75,0x1c,0x6f,0xa9,0x1f,0xe4,0x2e,0xf1,0x16,0xf9,0x79,0x18,0xcb,0x3f,
	0xb2,0x9b,0xa7,0x23,0x41,0xd9,0x7d,0x08,0x4e,0x39,0xd3,0x51,0x61,0xe6,0x8b,0xf4,
	0xe2,0xfb,0xdf,0x71,0xc7,0x5b,0x21,0xf8,0x00,0x00,0x00,0x40,0x00,0x00,0x00,0x00,
	0x00,0x00,0x00,0x00,0x00,0x00,0x00,0x00,0x00,0x00,0x00,0x00,0x00,0x00,0x00,0x00,
	0x00,0x00,0x00,0x00,0x00,0x00,0x00,0x00,0x00,0x00,0x00,0x00,0x00,0x00,0x00,0x00,
	0x04,0x02,0x00,0x00,0x00,0x00,0x00,0x00,0x00,0x00,0x00,0x00,0x00,0x00,0x00,0x00,
	0x00,0x00,0x00,0x00,0x00,0x00,0x00,0x00,0x00,0x00,0x00,0x00,0x00,0x00,0x00,0x00,
	0x00,0x00,0x00,0x00,0x00,0x00,0x00,0x00,0x00,0x00,0x00,0x00,0x00,0x00,0x00,0x00,
	0x00,0x00,0x00,0x00,0x00,0x00,0x00,0x00,0x00,0x00,0x00,0x00,0x00,0x00,0x00,0x00,
	0x04,0x02,0x00,0x00,0x00,0x00,0x00,0x00,0x00,0x00,0x00,0x00,0x00,0x00,0x00,0x00,
	0x00,0x00,0x00,0x00,0x00,0x00,0x00,0x00,0x00,0x00,0x00,0x00,0x00,0x00,0x00,0x00,
	0x00,0x00,0x00,0x00,0x00,0x00,0x00,0x00,0x00,0x00,0x00,0x00,0x00,0x00,0x00,0x00,
	0x00,0x00,0x00,0x00,0x00,0x00,0x00,0x00,0x00,0x00,0x00,0x00,0x00,0x00,0x00,0x00,
	0x00,0x01,0x00,0x00,0x00,0x00,0x00,0x00,0x00,0x00,0x00,0x00,0x00,0x00,0x00,0x00,
	0x00,0x00,0x00,0x00,0x00,0x00,0x00,0x00,0x00,0x00,0x00,0x00,0x00,0x00,0x00,0x00,
	0x00,0x00,0x00,0x00,0x00,0x00,0x00,0x00,0x00,0x00,0x00,0x00,0x00,0x00,0x00,0x00,
	0x00,0x00,0x00,0x00,0x00,0x00,0x00,0x00,0x00,0x00,0x00,0x00,0x00,0x00,0x00,0x00,
	0x00,0x01,0x00,0x00,0x00,0x00,0x00,0x00,0x00,0x00,0x00,0x00,0x00,0x00,0x00,0x00,
	0x00,0x00,0x00,0x00,0x00,0x00,0x00,0x00,0x00,0x00,0x00,0x00,0x00,0x00,0x00,0x00,
	0x00,0x00,0x00,0x00,0x00,0x00,0x00,0x00,0x00,0x00,0x00,0x00,0x00,0x00,0x00,0x00,
	0x00,0x00,0x00,0x00,0x00,0x00,0x00,0x00,0x00,0x00,0x00,0x00,0x00,0x00,0x00,0x00,
	0x00,0x01,0x00,0x00,0x00,0x00,0x00,0x00,0x00,0x00,0x00,0x00,0x00,0x00,0x00,0x00,
	0x00,0x00,0x00,0x00,0x00,0x00,0x00,0x00,0x00,0x00,0x00,0x00,0x00,0x00,0x00,0x00,
	0x00,0x00,0x00,0x00,0x00,0x00,0x00,0x00,0x00,0x00,0x00,0x00,0x00,0x00,0x00,0x00,
	0x00,0x00,0x00,0x00,0x00,0x00,0x00,0x00,0x00,0x00,0x00,0x00,0x00,0x00,0x00,0x00,
	0x00,0x01,0x00,0x00,0x00,0x00,0x00,0x00,0x00,0x00,0x00,0x00,0x00,0x00,0x00,0x00,
	0x00,0x00,0x00,0x00,0x00,0x00,0x00,0x00,0x00,0x00,0x00,0x00,0x00,0x00,0x00,0x00,
	0x00,0x00,0x00,0x00,0x00,0x00,0x00,0x00,0x00,0x00,0x00,0x00,0x00,0x00,0x00,0x00,
	0x00,0x00,0x00,0x00,0x00,0x00,0x00,0x00,0x00,0x00,0x00,0x00,0x00,0x00,0x00,0x00,
	0x03,0x02,0x00,0x00,0x00,0x00,0x00,0x00,0x00,0x00,0x00,0x00,0x00,0x00,0x00,0x00,
	0x00,0x00,0x00,0x00,0x00,0x00,0x00,0x00,0x12,0x41,0x00,0x01,0x00,0x00,0x00,0x00,
	0x00,0x00,0x00,0x00,0x00,0x00,0x00,0x00,0x00,0x00,0x00,0x00,0x00,0x00,0x00,0x00,
	0x00,0x00,0x00,0x00,0x04,0x2f,0xe5,0xdc,0xdb,0xfe,0x2b,0x9d,0x4f,0xa6,0x88,0x2c,
	0xac,0x8f,0x1a,0x6f,0xa5,0x5f,0xec,0x7a,0xf9,0x9c,0xc2,0xe2,0x84,0xec,0x75,0x1c,
	0x6f,0xa9,0x1f,0xe4,0x2e,0xf1,0x16,0xf9,0x79,0x18,0xcb,0x3f,0xb2,0x9b,0xa7,0x23,
	0x41,0xd9,0x7d,0x08,0x4e,0x39,0xd3,0x51,0x61,0xe6,0x8b,0xf4,0xe2,0xfb,0xdf,0x71,
	0xc7,0x5b,0x21,0xf8,0x00,0x00,0x00,0x40,0x00,0x00,0x00,0x00,0x00,0x00,0x00,0x00,
	0x00,0x00,0x00,0x00,0x00,0x00,0x00,0x00,0x00,0x00,0x00,0x00,0x00,0x00,0x00,0x00,
	0x00,0x00,0x00,0x00,0x00,0x00,0x00,0x00,0x00,0x00,0x00,0x00,0x04,0x02,0x00,0x00,
	0x00,0x00,0x00,0x00,0x00,0x00,0x00,0x00,0x00,0x00,0x00,0x00,0x00,0x00,0x00,0x00,
	0x00,0x00,0x00,0x00,0x00,0x00,0x00,0x00,0x00,0x00,0x00,0x00,0x00,0x00,0x00,0x00,
	0x00,0x00,0x00,0x00,0x00,0x00,0x00,0x00,0x00,0x00,0x00,0x00,0x00,0x00,0x00,0x00,
	0x00,0x00,0x00,0x00,0x00,0x00,0x00,0x00,0x00,0x00,0x00,0x00,0x04,0x02,0x00,0x00,
	0x00,0x00,0x00,0x00,0x00,0x00,0x00,0x00,0x00,0x00,0x00,0x00,0x00,0x00,0x00,0x00,
	0x00,0x00,0x00,0x00,0x00,0x00,0x00,0x00,0x00,0x00,0x00,0x00,0x00,0x00,0x00,0x00,
	0x00,0x00,0x00,0x00,0x00,0x00,0x00,0x00,0x00,0x00,0x00,0x00,0x00,0x00,0x00,0x00,
	0x00,0x00,0x00,0x00,0x00,0x00,0x00,0x00,0x00,0x00,0x00,0x00,0x00,0x01,0x00,0x00,
	0x00,0x00,0x00,0x00,0x00,0x00,0x00,0x00,0x00,0x00,0x00,0x00,0x00,0x00,0x00,0x00,
	0x00,0x00,0x00,0x00,0x00,0x00,0x00,0x00,0x00,0x00,0x00,0x00,0x00,0x00,0x00,0x00,
	0x00,0x00,0x00,0x00,0x00,0x00,0x00,0x00,0x00,0x00,0x00,0x00,0x00,0x00,0x00,0x00,
	0x00,0x00,0x00,0x00,0x00,0x00,0x00,0x00,0x00,0x00,0x00,0x00,0x00,0x01,0x00,0x00,
	0x00,0x00,0x00,0x00,0x00,0x00,0x00,0x00,0x00,0x00,0x00,0x00,0x00,0x00,0x00,0x00,
	0x00,0x00,0x00,0x00,0x00,0x00,0x00,0x00,0x00,0x00,0x00,0x00,0x00,0x00,0x00,0x00,
	0x00,0x00,0x00,0x00,0x00,0x00,0x00,0x00,0x00,0x00,0x00,0x00,0x00,0x00,0x00,0x00,
	0x00,0x00,0x00,0x00,0x00,0x00,0x00,0x00,0x00,0x00,0x00,0x00,0x00,0x01,0x00,0x00,
	0x00,0x00,0x00,0x00,0x00,0x00,0x00,0x00,0x00,0x00,0x00,0x00,0x00,0x00,0x00,0x00,
	0x00,0x00,0x00,0x00,0x00,0x00,0x00,0x00,0x00,0x00,0x00,0x00,0x00,0x00,0x00,0x00,
	0x00,0x00,0x00,0x00,0x00,0x00,0x00,0x00,0x00,0x00,0x00,0x00,0x00,0x00,0x00,0x00,
	0x00,0x00,0x00,0x00,0x00,0x00,0x00,0x00,0x00,0x00,0x00,0x00,0x00,0x01,0x00,0x00,
	0x00,0x00,0x00,0x00,0x00,0x00,0x00,0x00,0x00,0x00,0x00,0x00,0x00,0x00,0x00,0x00,
	0x00,0x00,0x00,0x00,0x00,0x00,0x00,0x00,0x00,0x00,0x00,0x00,0x00,0x00,0x00,0x00,
	0x00,0x00,0x00,0x00,0x00,0x00,0x00,0x00,0x00,0x00,0x00,0x00,0x00,0x00,0x00,0x00,
	0x00,0x00,0x00,0x00,0x00,0x00,0x00,0x00,0x00,0x00,0x00,0x00,0x03,0x02,0x00,0x00,
	0x00,0x00,0x00,0x00,0x00,0x00,0x00,0x00,0x00,0x00,0x00,0x00,0x00,0x00,0x00,0x00,
	0x00,0x00,0x00,0x00,0x12,0x41,0x00,0x01,0x00,0x00,0x00,0x00,0x00,0x00,0x00,0x00,
	0x00,0x00,0x00,0x00,0x00,0x00,0x00,0x00,0x00,0x00,0x00,0x00,0x00,0x00,0x00,0x00,
	0x04,0x2f,0xe5,0xdc,0xdb,0xfe,0x2b,0x9d,0x4f,0xa6,0x88,0x2c,0xac,0x8f,0x1a,0x6f,
	0xa5,0x5f,0xec,0x7a,0xf9,0x9c,0xc2,0xe2,0x84,0xec,0x75,0x1c,0x6f,0xa9,0x1f,0xe4,
	0x2e,0xf1,0x16,0xf9,0x79,0x18,0xcb,0x3f,0xb2,0x9b,0xa7,0x23,0x41,0xd9,0x7d,0x08,
	0x4e,0x39,0xd3,0x51,0x61,0xe6,0x8b,0xf4,0xe2,0xfb,0xdf,0x71,0xc7,0x5b,0x21,0xf8,
	0x00,0x00,0x00,0x40,0x00,0x00,0x00,0x00,0x00,0x00,0x00,0x00,0x00,0x00,0x00,0x00,
	0x00,0x00,0x00,0x00,0x00,0x00,0x00,0x00,0x00,0x00,0x00,0x00,0x00,0x00,0x00,0x00,
	0x00,0x00,0x00,0x00,0x00,0x00,0x00,0x00,0x04,0x02,0x00,0x00,0x00,0x00,0x00,0x00,
	0x00,0x00,0x00,0x00,0x00,0x00,0x00,0x00,0x00,0x00,0x00,0x00,0x00,0x00,0x00,0x00,
	0x00,0x00,0x00,0x00,0x00,0x00,0x00,0x00,0x00,0x00,0x00,0x00,0x00,0x00,0x00,0x00,
	0x00,0x00,0x00,0x00,0x00,0x00,0x00,0x00,0x00,0x00,0x00,0x00,0x00,0x00,0x00,0x00,
	0x00,0x00,0x00,0x00,0x00,0x00,0x00,0x00,0x04,0x02,0x00,0x00,0x00,0x00,0x00,0x00,
	0x00,0x00,0x00,0x00,0x00,0x00,0x00,0x00,0x00,0x00,0x00,0x00,0x00,0x00,0x00,0x00,
	0x00,0x00,0x00,0x00,0x00,0x00,0x00,0x00,0x00,0x00,0x00,0x00,0x00,0x00,0x00,0x00,
	0x00,0x00,0x00,0x00,0x00,0x00,0x00,0x00,0x00,0x00,0x00,0x00,0x00,0x00,0x00,0x00,
	0x00,0x00,0x00,0x00,0x00,0x00,0x00,0x00,0x00,0x01,0x00,0x00,0x00,0x00,0x00,0x00,
	0x00,0x00,0x00,0x00,0x00,0x00,0x00,0x00,0x00,0x00,0x00,0x00,0x00,0x00,0x00,0x00,
	0x00,0x00,0x00,0x00,0x00,0x00,0x00,0x00,0x00,0x00,0x00,0x00,0x00,0x00,0x00,0x00,
	0x00,0x00,0x00,0x00,0x00,0x00,0x00,0x00,0x00,0x00,0x00,0x00,0x00,0x00,0x00,0x00,
	0x00,0x00,0x00,0x00,0x00,0x00,0x00,0x00,0x00,0x01,0x00,0x00,0x00,0x00,0x00,0x00,
	0x00,0x00,0x00,0x00,0x00,0x00,0x00,0x00,0x00,0x00,0x00,0x00,0x00,0x00,0x00,0x00,
	0x00,0x00,0x00,0x00,0x00,0x00,0x00,0x00,0x00,0x00,0x00,0x00,0x00,0x00,0x00,0x00,
	0x00,0x00,0x00,0x00,0x00,0x00,0x00,0x00,0x00,0x00,0x00,0x00,0x00,0x00,0x00,0x00,
	0x00,0x00,0x00,0x00,0x00,0x00,0x00,0x00,0x00,0x01,0x00,0x00,0x00,0x00,0x00,0x00,
	0x00,0x00,0x00,0x00,0x00,0x00,0x00,0x00,0x00,0x00,0x00,0x00,0x00,0x00,0x00,0x00,
	0x00,0x00,0x00,0x00,0x00,0x00,0x00,0x00,0x00,0x00,0x00,0x00,0x00,0x00,0x00,0x00,
	0x00,0x00,0x00,0x00,0x00,0x00,0x00,0x00,0x00,0x00,0x00,0x00,0x00,0x00,0x00,0x00,
	0x00,0x00,0x00,0x00,0x00,0x00,0x00,0x00,0x03,0x02,0x00,0x00,0x00,0x00,0x00,0x00,
	0x00,0x00,0x00,0x00,0x00,0x00,0x00,0x00,0x00,0x00,0x00,0x00,0x00,0x00,0x00,0x00,
	0x12,0x41,0x00,0x01,0x00,0x00,0x00,0x00,0x00,0x00,0x00,0x00,0x00,0x00,0x00,0x00,
	0x00,0x00,0x00,0x00,0x00,0x00,0x00,0x00,0x00,0x00,0x00,0x00,0x04,0x2f,0xe5,0xdc,
	0xdb,0xfe,0x2b,0x9d,0x4f,0xa6,0x88,0x2c,0xac,0x8f,0x1a,0x6f,0xa5,0x5f,0xec,0x7a,
	0xf9,0x9c,0xc2,0xe2,0x84,0xec,0x75,0x1c,0x6f,0xa9,0x1f,0xe4,0x2e,0xf1,0x16,0xf9,
	0x79,0x18,0xcb,0x3f,0xb2,0x9b,0xa7,0x23,0x41,0xd9,0x7d,0x08,0x4e,0x39,0xd3,0x51,
	0x61,0xe6,0x8b,0xf4,0xe2,0xfb,0xdf,0x71,0xc7,0x5b,0x21,0xf8,0x00,0x00,0x00,0x40,
	0x00,0x00,0x00,0x00,0x00,0x00,0x00,0x00,0x00,0x00,0x00,0x00,0x00,0x00,0x00,0x00,
	0x00,0x00,0x00,0x00,0x00,0x00,0x00,0x00,0x00,0x00,0x00,0x00,0x00,0x00,0x00,0x00,
	0x00,0x00,0x00,0x00,0x04,0x02,0x00,0x00,0x00,0x00,0x00,0x00,0x00,0x00,0x00,0x00,
	0x00,0x00,0x00,0x00,0x00,0x00,0x00,0x00,0x00,0x00,0x00,0x00,0x00,0x00,0x00,0x00,
	0x00,0x00,0x00,0x00,0x00,0x00,0x00,0x00,0x00,0x00,0x00,0x00,0x00,0x00,0x00,0x00,
	0x00,0x00,0x00,0x00,0x00,0x00,0x00,0x00,0x00,0x00,0x00,0x00,0x00,0x00,0x00,0x00,
	0x00,0x00,0x00,0x00,0x07,0x03,0x00,0x00,0x00,0x00,0x00,0x00,0x00,0x00,0x00,0x00,
	0x00,0x00,0x00,0x00,0x00,0x00,0x00,0x00,0x00,0x00,0x00,0x00,0x00,0x00,0x00,0x00,
	0x09,0x00,0x00,0x02,0x00,0x00,0x00,0x00,0x00,0x00,0x00,0x00,0x00,0x00,0x00,0x00,
	0x00,0x00,0x00,0x00,0x00,0x00,0x00,0x00,0x00,0x00,0x00,0x00,0x00,0x00,0x00,0x00,
	0x00,0x00,0x00,0x00,0x02,0x03,0x00,0x00,0x00,0x00,0x00,0x00,0x00,0x00,0x00,0x00,
	0x00,0x00,0x00,0x00,0x00,0x00,0x00,0x00,0x00,0x00,0x00,0x00,0x00,0x00,0x00,0x00,
	0x00,0x00,0x00,0x00,0x00,0x00,0x00,0x00,0x00,0x00,0x00,0x00,0x00,0x00,0x00,0x00,
	0x00,0x00,0x00,0x00,0x00,0x00,0x00,0x00,0x00,0x00,0x00,0x00,0x00,0x00,0x00,0x00,
	0x00,0x00,0x00,0x00,0x07,0x03,0x00,0x00,0x00,0x00,0x00,0x00,0x00,0x00,0x00,0x00,
	0x00,0x00,0x00,0x00,0x00,0x00,0x00,0x00,0x00,0x00,0x00,0x00,0x00,0x00,0x00,0x00,
	0x0a,0x00,0x00,0x02,0x00,0x00,0x00,0x00,0x00,0x00,0x00,0x00,0x00,0x00,0x00,0x00,
	0x00,0x00,0x00,0x00,0x00,0x00,0x00,0x00,0x00,0x00,0x00,0x00,0x00,0x00,0x00,0x00,
	0x00,0x00,0x00,0x00,0x02,0x03,0x00,0x00,0x00,0x00,0x00,0x00,0x00,0x00,0x00,0x00,
	0x00,0x00,0x00,0x00,0x00,0x00,0x00,0x00,0x00,0x00,0x00,0x00,0x00,0x00,0x00,0x00,
	0x00,0x00,0x00,0x00,0x00,0x00,0x00,0x00,0x00,0x00,0x00,0x00,0x00,0x00,0x00,0x00,
	0x00,0x00,0x00,0x00,0x00,0x00,0x00,0x00,0x00,0x00,0x00,0x00,0x00,0x00,0x00,0x00,
	0x00,0x00,0x00,0x00,0x00,0x01,0x00,0x00,0x00,0x00,0x00,0x00,0x00,0x00,0x00,0x00,
	0x00,0x00,0x00,0x00,0x00,0x00,0x00,0x00,0x00,0x00,0x00,0x00,0x00,0x00,0x00,0x00,
	0x00,0x00,0x00,0x00,0x00,0x00,0x00,0x00,0x00,0x00,0x00,0x00,0x00,0x00,0x00,0x00,
	0x00,0x00,0x00,0x00,0x00,0x00,0x00,0x00,0x00,0x00,0x00,0x00,0x00,0x00,0x00,0x00,
	0x00,0x00,0x00,0x00,0x00,0x01,0x00,0x00,0x00,0x00,0x00,0x00,0x00,0x00,0x00,0x00,
	0x00,0x00,0x00,0x00,0x00,0x00,0x00,0x00,0x00,0x00,0x00,0x00,0x00,0x00,0x00,0x00,
	0x00,0x00,0x00,0x00,0x00,0x00,0x00,0x00,0x00,0x00,0x00,0x00,0x00,0x00,0x00,0x00,
	0x00,0x00,0x00,0x00,0x00,0x00,0x00,0x00,0x00,0x00,0x00,0x00,0x00,0x00,0x00,0x00,
	0x00,0x00,0x00,0x00,0x09,0x02,0x00,0x00,0x00,0x00,0x00,0x00,0x00,0x00,0x00,0x00,
	0x00,0x00,0x00,0x00,0x00,0x00,0x00,0x00,0x00,0x00,0x00,0x00,0x12,0x71,0x00,0x01,
	0x00,0x00,0x00,0x00,0x00,0x40,0x00,0x00,0x00,0x00,0x02,0x09,0x00,0x00,0x00,0x00,
	0x00,0x00,0x00,0x00,0x00,0x00,0x00,0x00,0x00,0x00,0x00,0x40,0x00,0x00,0x00,0x00,
	0x00,0x00,0x00,0x00,0x00,0x00,0x00,0x00,0x00,0x00,0x00,0x00,0x00,0x00,0x00,0x00,
	0x00,0x00,0x00,0x00,0x00,0x00,0x00,0x00,0x00,0x00,0x00,0x00,0x00,0x00,0x00,0x00,
	0x06,0x02,0x00,0x00,0x00,0x00,0x00,0x00,0x00,0x00,0x00,0x00,0x00,0x00,0x00,0x00,
	0x00,0x00,0x00,0x00,0x00,0x00,0x00,0x00,0x00,0x00,0x00,0x00,0x00,0x00,0x00,0x00,
	0x01,0x00,0x00,0x00,0x00,0x00,0x00,0x00,0x00,0x00,0x00,0x00,0x00,0x00,0x00,0x00,
	0x00,0x00,0x00,0x00,0x00,0x00,0x00,0x00,0x00,0x00,0x00,0x00,0x00,0x00,0x00,0x00,
	0x03,0x03,0x00,0x00,0x00,0x00,0x00,0x00,0x00,0x00,0x00,0x00,0x00,0x00,0x00,0x00,
	0x00,0x00,0x00,0x00,0x00,0x00,0x00,0x00,0x01,0x00,0x01,0x27,0x00,0x00,0x00,0x00,
	0x00,0x00,0x00,0x00,0x02,0x00,0x00,0x00,0x00,0x00,0x00,0x00,0x00,0x00,0x00,0x00,
	0x00,0x00,0x00,0x00,0x00,0x00,0x00,0x00,0x00,0x00,0x00,0x00,0x00,0x00,0x00,0x00,
	0x00,0x00,0x00,0x00,0x03,0x03,0x00,0x00,0x00,0x00,0x00,0x00,0x00,0x00,0x00,0x00,
	0x00,0x00,0x00,0x00,0x00,0x00,0x00,0x00,0x00,0x00,0x00,0x00,0x01,0x00,0x01,0x27,
	0x00,0x00,0x00,0x00,0x00,0x00,0x00,0x00,0x01,0x00,0x00,0x00,0x00,0x00,0x00,0x00,
	0x00,0x00,0x00,0x00,0x00,0x00,0x00,0x00,0x00,0x00,0x00,0x00,0x00,0x00,0x00,0x00,
	0x00,0x00,0x00,0x00,0x00,0x00,0x00,0x00,0x03,0x03,0x00,0x00,0x00,0x00,0x00,0x00,
	0x00,0x00,0x00,0x00,0x00,0x00,0x00,0x00,0x00,0x00,0x00,0x00,0x00,0x00,0x00,0x00,
	0x03,0x03,0x61,0x5d,0xd9,0xc3,0xc5,0x08,0xe9,0x78,0x38,0x59,0x17,0xe3,0x75,0xd7,
	0x8d,0xa9,0xb7,0xd9,0x45,0x31,0xec,0x47,0xa0,0x24,0xa0,0x20,0x70,0x56,0xad,0xfa,
	0x0d,0x48,0x20,0x8c,0xbb,0xb0,0x50,0x53,0x06,0xaa,0x30,0x8b,0xd2,0xfd,0xfc,0xa6,
	0x74,0x23,0x23,0x2c,0x88,0x9e,0x45,0x52,0x5d,0x18,0x77,0xd6,0xbc,0x3f,0x0b,0x0e,
	0x00,0x00,0x00,0x00,0x00,0x00,0x00,0x00,0x02,0x00,0x00,0x00,0x00,0x00,0x00,0x00,
	0x00,0x00,0x00,0x00,0x00,0x00,0x00,0x00,0x00,0x00,0x00,0x00,0x00,0x00,0x00,0x00,
	0x00,0x00,0x00,0x00,0x00,0x00,0x00,0x00,0x03,0x03,0x00,0x00,0x00,0x00,0x00,0x00,
	0x00,0x00,0x00,0x00,0x00,0x00,0x00,0x00,0x00,0x00,0x00,0x00,0x00,0x00,0x00,0x00,
	0x03,0x03,0x61,0x5d,0xd9,0xc3,0xc5,0x08,0xe9,0x78,0x38,0x59,0x17,0xe3,0x75,0xd7,
	0x8d,0xa9,0xb7,0xd9,0x45,0x31,0xec,0x47,0xa0,0x24,0xa0,0x20,0x70,0x56,0xad,0xfa,
	0x0d,0x48,0x20,0x8c,0xbb,0xb0,0x50,0x53,0x06,0xaa,0x30,0x8b,0xd2,0xfd,0xfc,0xa6,
	0x74,0x23,0x23,0x2c,0x88,0x9e,0x45,0x52,0x5d,0x18,0x77,0xd6,0xbc,0x3f,0x0b,0x0e,
	0x00,0x00,0x00,0x00,0x00,0x00,0x00,0x00,0x01,0x00,0x00,0x00,0x00,0x00,0x00,0x00,
	0x00,0x00,0x00,0x00,0x00,0x00,0x00,0x00,0x00,0x00,0x00,0x00,0x00,0x00,0x00,0x00,
	0x00,0x00,0x00,0x00,0x00,0x00,0x00,0x00,0x04,0x03,0x00,0x00,0x00,0x00,0x00,0x00,
	0x00,0x00,0x00,0x00,0x00,0x00,0x00,0x00,0x00,0x00,0x00,0x00,0x00,0x00,0x00,0x00,
	0x00,0x00,0x00,0x00,0x00,0x00,0x00,0x00,0x00,0x00,0x00,0x00,0x03,0x00,0x00,0x00,
	0x00,0x00,0x00,0x00,0x00,0x00,0x00,0x00,0x00,0x00,0x00,0x00,0x00,0x00,0x00,0x00,
	0x00,0x00,0x00,0x00,0x00,0x00,0x00,0x00,0x00,0x00,0x00,0x00,0x05,0x03,0x00,0x00,
	0x00,0x00,0x00,0x00,0x00,0x00,0x00,0x00,0x00,0x00,0x00,0x00,0x00,0x00,0x00,0x00,
	0x00,0x00,0x00,0x00,0x00,0x00,0x00,0x00,0x09,0x04,0x00,0x08,0x00,0x00,0x00,0x00,
	0x00,0x00,0x00,0x00,0x00,0x00,0x00,0x00,0x00,0x00,0x00,0x00,0x00,0x00,0x00,0x00,
	0x00,0x00,0x00,0x00,0x00,0x00,0x00,0x00,0x00,0x00,0x00,0x00,0x01,0x09,0x00,0x00,
	0x00,0x00,0x00,0x00,0x00,0x00,0x00,0x00,0x00,0x00,0x00,0x00,0x00,0x00,0x00,0x00,
	0x00,0x00,0x00,0x00,0x00,0x00,0x00,0x00,0x00,0x00,0x00,0x00,0x03,0x00,0x00,0x00,
	0x00,0x00,0x00,0x00,0x00,0x00,0x00,0x00,0x00,0x00,0x00,0x00,0x00,0x00,0x00,0x00,
	0x00,0x00,0x00,0x00,0x00,0x00,0x00,0x00,0x00,0x00,0x00,0x00,0x04,0x09,0x02,0x02,
	0x00,0x00,0x00,0x00,0x00,0x00,0x00,0x00,0x00,0x00,0x00,0x00,0x00,0x00,0x00,0x00,
	0x00,0x00,0x00,0x00,0x00,0x00,0x00,0x00,0x00,0x00,0x00,0x00,0x00,0x00,0x00,0x00,
	0x00,0x00,0x00,0x00,0x00,0x00,0x00,0x00,0x00,0x00,0x00,0x00,0x00,0x00,0x00,0x00,
	0x00,0x00,0x00,0x00,0x00,0x00,0x00,0x00,0x00,0x00,0x00,0x00,0x03,0x00,0x00,0x00,
	0x00,0x00,0x00,0x00,0x00,0x00,0x00,0x00,0x00,0x00,0x00,0x00,0x00,0x00,0x00,0x00,
	0x00,0x00,0x00,0x00,0x00,0x00,0x00,0x00,0x00,0x00,0x00,0x00,0x04,0x09,0x01,0x01,
	0x00,0x00,0x00,0x00,0x00,0x00,0x00,0x00,0x00,0x00,0x00,0x00,0x00,0x00,0x00,0x00,
	0x00,0x00,0x00,0x00,0x01,0x01,0x02,0x03,0x04,0x05,0x06,0x07,0x08,0x09,0x0a,0x0b,
	0x0c,0x0d,0x0e,0x0f,0x00,0x00,0x00,0x00,0x00,0x00,0x00,0x00,0x03,0x00,0x00,0x00,
	0x00,0x00,0x00,0x00,0x00,0x00,0x00,0x00,0x00,0x00,0x00,0x00,0x00,0x00,0x00,0x00,
	0x00,0x00,0x00,0x00,0x00,0x00,0x00,0x00,0x00,0x00,0x00,0x00,0x08,0x09,0x00,0x00,
	0x00,0x00,0x00,0x00,0x00,0x00,0x00,0x00,0x00,0x00,0x00,0x00,0x00,0x00,0x00,0x00,
	0x00,0x00,0x00,0x00,0x00,0x00,0x00,0x00,0x00,0x00,0x00,0x00,0x03,0x00,0x00,0x00,
	0x00,0x00,0x00,0x00,0x00,0x00,0x00,0x00,0x00,0x00,0x00,0x00,0x00,0x00,0x00,0x00,
	0x00,0x00,0x00,0x00,0x00,0x00,0x00,0x00,0x00,0x00,0x00,0x00,0x0a,0x09,0x00,0x00,
	0x00,0x00,0x00,0x00,0x00,0x00,0x00,0x00,0x00,0x00,0x00,0x00,0x00,0x00,0x00,0x00,
	0x00,0x00,0x00,0x00,0x00,0x00,0x00,0x00,0x09,0x00,0x00,0x02,0x00,0x00,0x00,0x00,
	0x00,0x00,0x00,0x00,0x00,0x00,0x00,0x00,0x00,0x00,0x00,0x00,0x00,0x00,0x00,0x00,
	0x00,0x00,0x00,0x00,0x00,0x00,0x00,0x00,0x00,0x00,0x00,0x00,0x00,0x03,0x00,0x00,
	0x00,0x00,0x00,0x00,0x00,0x00,0x00,0x00,0x00,0x00,0x00,0x00,0x00,0x00,0x00,0x00,
	0x00,0x00,0x00,0x00,0x00,0x00,0x00,0x00,0x09,0x05,0x00,0x08,0x00,0x00,0x00,0x00,
	0x00,0x00,0x00,0x00,0x00,0x00,0x00,0x00,0x00,0x00,0x00,0x00,0x00,0x00,0x00,0x00,
	0x00,0x00,0x00,0x00,0x00,0x00,0x00,0x00,0x00,0x00,0x00,0x00,0x01,0x09,0x00,0x00,
	0x00,0x00,0x00,0x00,0x00,0x00,0x00,0x00,0x00,0x00,0x00,0x00,0x00,0x00,0x00,0x00,
	0x00,0x00,0x00,0x00,0x00,0x00,0x00,0x00,0x00,0x00,0x00,0x00,0x03,0x00,0x00,0x00,
	0x00,0x00,0x00,0x00,0x00,0x00,0x00,0x00,0x00,0x00,0x00,0x00,0x00,0x00,0x00,0x00,
	0x00,0x00,0x00,0x00,0x00,0x00,0x00,0x00,0x00,0x00,0x00,0x00,0x04,0x09,0x01,0x01,
	0x00,0x00,0x00,0x00,0x00,0x00,0x00,0x00,0x00,0x00,0x00,0x00,0x00,0x00,0x00,0x00,
	0x00,0x00,0x00,0x00,0x1b,0xd7,0x33,0xcb,0x04,0x6a,0x94,0x02,0x28,0xa9,0xb5,0x8f,
	0x97,0xdc,0x9d,0x29,0x0b,0x07,0x7c,0xd0,0x98,0x39,0xb6,0xed,0x22,0x90,0xc0,0xe5,
	0xa2,0x8e,0xe8,0xda,0x00,0x00,0x00,0x00,0x00,0x00,0x00,0x00,0x03,0x00,0x00,0x00,
	0x00,0x00,0x00,0x00,0x00,0x00,0x00,0x00,0x00,0x00,0x00,0x00,0x00,0x00,0x00,0x00,
	0x00,0x00,0x00,0x00,0x00,0x00,0x00,0x00,0x00,0x00,0x00,0x00,0x04,0x09,0x03,0x02,
	0x00,0x00,0x00,0x00,0x00,0x00,0x00,0x00,0x00,0x00,0x00,0x00,0x00,0x00,0x00,0x00,
	0x00,0x00,0x00,0x00,0x00,0x20,0x10,0x74,0x6c,0x73,0x31,0x33,0x20,0x65,0x78,0x74,
	0x20,0x62,0x69,0x6e,0x64,0x65,0x72,0x20,0xe3,0xb0,0xc4,0x42,0x98,0xfc,0x1c,0x14,
	0x9a,0xfb,0xf4,0xc8,0x99,0x6f,0xb9,0x24,0x27,0xae,0x41,0xe4,0x64,0x9b,0x93,0x4c,
	0xa4,0x95,0x99,0x1b,0x78,0x52,0xb8,0x55,0x00,0x00,0x00,0x00,0x00,0x00,0x00,0x00,
	0x03,0x00,0x00,0x00,0x00,0x00,0x00,0x00,0x00,0x00,0x00,0x00,0x00,0x00,0x00,0x00,
	0x00,0x00,0x00,0x00,0x00,0x00,0x00,0x00,0x00,0x00,0x00,0x00,0x00,0x00,0x00,0x00,
	0x08,0x09,0x00,0x00,0x00,0x00,0x00,0x00,0x00,0x00,0x00,0x00,0x00,0x00,0x00,0x00,
	0x00,0x00,0x00,0x00,0x00,0x00,0x00,0x00,0x00,0x00,0x00,0x00,0x00,0x00,0x00,0x00,
	0x03,0x00,0x00,0x00,0x00,0x00,0x00,0x00,0x00,0x00,0x00,0x00,0x00,0x00,0x00,0x00,
	0x00,0x00,0x00,0x00,0x00,0x00,0x00,0x00,0x00,0x00,0x00,0x00,0x00,0x00,0x00,0x00,
	0x0a,0x09,0x00,0x00,0x00,0x00,0x00,0x00,0x00,0x00,0x00,0x00,0x00,0x00,0x00,0x00,
	0x00,0x00,0x00,0x00,0x00,0x00,0x00,0x00,0x00,0x00,0x00,0x00,0x09,0x05,0x00,0x08,
	0x00,0x00,0x00,0x00,0x00,0x00,0x00,0x00,0x00,0x00,0x00,0x00,0x00,0x00,0x00,0x00,
	0x00,0x00,0x00,0x00,0x00,0x00,0x00,0x00,0x00,0x00,0x00,0x00,0x00,0x00,0x00,0x00,
	0x01,0x09,0x00,0x00,0x00,0x00,0x00,0x00,0x00,0x00,0x00,0x00,0x00,0x00,0x00,0x00,
	0x00,0x00,0x00,0x00,0x00,0x00,0x00,0x00,0x00,0x00,0x00,0x00,0x00,0x00,0x00,0x00,
	0x03,0x00,0x00,0x00,0x00,0x00,0x00,0x00,0x00,0x00,0x00,0x00,0x00,0x00,0x00,0x00,
	0x00,0x00,0x00,0x00,0x00,0x00,0x00,0x00,0x00,0x00,0x00,0x00,0x00,0x00,0x00,0x00,
	0x04,0x09,0x01,0x01,0x00,0x00,0x00,0x00,0x00,0x00,0x00,0x00,0x00,0x00,0x00,0x00,
	0x00,0x00,0x00,0x00,0x00,0x00,0x00,0x00,0x70,0x66,0x40,0x89,0xec,0xfb,0x2d,0x35,
	0xd6,0xf0,0xe8,0xcf,0xc9,0x84,0x43,0x46,0xc2,0xfa,0x38,0xbc,0xd2,0xf9,0x31,0x57,
	0x9d,0x26,0xbd,0x48,0x8b,0x19,0x54,0x96,0x00,0x00,0x00,0x00,0x00,0x00,0x00,0x00,
	0x03,0x00,0x00,0x00,0x00,0x00,0x00,0x00,0x00,0x00,0x00,0x00,0x00,0x00,0x00,0x00,
	0x00,0x00,0x00,0x00,0x00,0x00,0x00,0x00,0x00,0x00,0x00,0x00,0x00,0x00,0x00,0x00,
	0x04,0x09,0x03,0x02,0x00,0x00,0x00,0x00,0x00,0x00,0x00,0x00,0x00,0x00,0x00,0x00,
	0x00,0x00,0x00,0x00,0x00,0x00,0x00,0x00,0x00,0x20,0x0e,0x74,0x6c,0x73,0x31,0x33,
	0x20,0x66,0x69,0x6e,0x69,0x73,0x68,0x65,0x64,0x00,0x00,0x00,0x00,0x00,0x00,0x00,
	0x00,0x00,0x03,0x00,0x00,0x00,0x00,0x00,0x00,0x00,0x00,0x00,0x00,0x00,0x00,0x00,
	0x00,0x00,0x00,0x00,0x00,0x00,0x00,0x00,0x00,0x00,0x00,0x00,0x00,0x00,0x00,0x00,
	0x00,0x00,0x08,0x09,0x00,0x00,0x00,0x00,0x00,0x00,0x00,0x00,0x00,0x00,0x00,0x00,
	0x00,0x00,0x00,0x00,0x00,0x00,0x00,0x00,0x00,0x00,0x00,0x00,0x00,0x00,0x00,0x00,
	0x00,0x00,0x03,0x00,0x00,0x00,0x00,0x00,0x00,0x00,0x00,0x00,0x00,0x00,0x00,0x00,
	0x00,0x00,0x00,0x00,0x00,0x00,0x00,0x00,0x00,0x00,0x00,0x00,0x00,0x00,0x00,0x00,
	0x00,0x00,0x0a,0x09,0x00,0x00,0x00,0x00,0x00,0x00,0x00,0x00,0x00,0x00,0x00,0x00,
	0x00,0x00,0x00,0x00,0x00,0x00,0x00,0x00,0x00,0x00,0x00,0x00,0x00,0x00,0x00,0x00,
	0x00,0x00,0x00,0x00,0x00,0x00,0x00,0x00,0x00,0x00,0x00,0x00,0x00,0x00,0x00,0x00,
	0x00,0x00,0x00,0x00,0x00,0x00,0x00,0x00,0x00,0x00,0x00,0x00,0x00,0x00,0x00,0x00,
	0x00,0x00,0x03,0x02,0x00,0x00,0x00,0x00,0x00,0x00,0x00,0x00,0x00,0x00,0x00,0x00,
	0x00,0x00,0x00,0x00,0x00,0x00,0x00,0x00,0x00,0x00,0x00,0x11,0x00,0x00,0x00,0x00,
	0x00,0x00,0x00,0x04,0x00,0x00,0x09,0x00,0x80,0x03,0x00,0x00,0x00,0x00,0x00,0x00,
	0x00,0x00,0x00,0x00,0x00,0x00,0x3e,0x75,0x6f,0x83,0xba,0x2e,0x69,0x24,0x08,0xdb,
	0x5d,0x0e,0x90,0x87,0x9b,0x9a,0x46,0xeb,0x16,0xc4,0xdf,0x8f,0x46,0x6e,0x0c,0x5b,
	0x3c,0x28,0xdf,0x94,0x54,0x0e,0x01,0x00,0x00,0x40,0x09,0x00,0x80,0x03,0x00,0x00,
	0x00,0x00,0x00,0x00,0x00,0x00,0x00,0x00,0x00,0x00,0x00,0x00,0x00,0x00,0x00,0x00,
	0x00,0x00,0x00,0x00,0x00,0x00,0x00,0x00,0x00,0x00,0x00,0x00,0x00,0x00,0x00,0x04,
	0x00,0x00,0x00,0x00,0x00,0x00,0x00,0x00,0x00,0x00,0x00,0x00,0x00,0x00,0x00,0x00,
	0x00,0x00,0x00,0x00,0x00,0x00,0x6e,0xa8,0x1a,0x04,0x25,0x91,0x99,0x45,0x68,0x33,
	0x11,0xdd,0x79,0xc1,0xe7,0xed,0xfb,0x11,0x55,0x14,0x02,0x6a,0xcb,0xed,0x36,0x4a,
	0x1f,0xc9,0x5f,0xd2,0x2d,0x66,0x01,0x00,0x00,0x40,0x00,0x00,0x00,0x00,0x00,0x00,
	0x00,0x00,0x00,0x00,0x00,0x00,0x00,0x00,0x00,0x00,0x00,0x00,0x00,0x00,0x00,0x00,
	0x00,0x00,0x00,0x00,0x00,0x00,0x00,0x00,0x00,0x00,0x00,0x00,0x00,0x00,0x04,0x02,
	0x00,0x00,0x00,0x00,0x00,0x00,0x00,0x00,0x00,0x00,0x00,0x00,0x00,0x00,0x00,0x00,
	0x00,0x00,0x00,0x00,0x00,0x00,0x00,0x00,0x00,0x00,0x00,0x00,0x00,0x00,0x01,0x00,
	0x00,0x00,0x00,0x00,0x00,0x00,0x00,0x00,0x00,0x00,0x00,0x00,0x00,0x00,0x00,0x00,
	0x00,0x00,0x00,0x00,0x00,0x00,0x00,0x00,0x00,0x00,0x00,0x00,0x00,0x00,0x03,0x03,
	0x00,0x00,0x00,0x00,0x00,0x00,0x00,0x00,0x00,0x00,0x00,0x00,0x00,0x00,0x00,0x00,
	0x00,0x00,0x00,0x00,0x00,0x00,0x00,0x21,0x20,0x43,0x64,0xd4,0xeb,0xa3,0xd6,0x43,
	0xfc,0x93,0x39,0x1e,0x95,0x32,0x83,0xbb,0x23,0x9c,0xb3,0x00,0x22,0xc7,0x10,0xa4,
	0x76,0xf1,0x93,0x49,0x29,0xaa,0xa0,0xc3,0x62,0x00,0x00,0x00,0x00,0x00,0x00,0x00,
	0x00,0x02,0x00,0x00,0x00,0x00,0x00,0x00,0x00,0x00,0x00,0x00,0x00,0x00,0x00,0x00,
	0x00,0x00,0x00,0x00,0x00,0x00,0x00,0x00,0x00,0x00,0x00,0x00,0x00,0x00,0x00,0x00,
	0x00,0x03,0x03,0x00,0x00,0x00,0x00,0x00,0x00,0x00,0x00,0x00,0x00,0x00,0x00,0x00,
	0x00,0x00,0x00,0x00,0x00,0x00,0x00,0x00,0x00,0x00,0x21,0x20,0x43,0x64,0xd4,0xeb,
	0xa3,0xd6,0x43,0xfc,0x93,0x39,0x1e,0x95,0x32,0x83,0xbb,0x23,0x9c,0xb3,0x00,0x22,
	0xc7,0x10,0xa4,0x76,0xf1,0x93,0x49,0x29,0xaa,0xa0,0xc3,0x62,0x00,0x00,0x00,0x00,
	0x00,0x00,0x00,0x00,0x02,0x00,0x00,0x00,0x00,0x00,0x00,0x00,0x00,0x00,0x00,0x00,
	0x00,0x00,0x00,0x00,0x00,0x00,0x00,0x00,0x00,0x00,0x00,0x00,0x00,0x00,0x00,0x00,
	0x00,0x00,0x00,0x00,0x03,0x03,0x00,0x00,0x00,0x00,0x00,0x00,0x00,0x00,0x00,0x00,
	0x00,0x00,0x00,0x00,0x00,0x00,0x00,0x00,0x00,0x00,0x00,0x00,0x02,0x00,0x00,0x97,
	0x00,0x00,0x00,0x00,0x00,0x00,0x00,0x00,0x02,0x00,0x00,0x00,0x00,0x00,0x00,0x00,
	0x00,0x00,0x00,0x00,0x00,0x00,0x00,0x00,0x00,0x00,0x00,0x00,0x00,0x00,0x00,0x00,
	0x00,0x00,0x00,0x00,0x00,0x00,0x00,0x00,0x03,0x03,0x00,0x00,0x00,0x00,0x00,0x00,
	0x00,0x00,0x00,0x00,0x00,0x00,0x00,0x00,0x00,0x00,0x00,0x00,0x00,0x00,0x00,0x00,
	0x03,0x03,0xef,0x61,0x97,0xe0,0x39,0xb0,0x81,0x22,0x5e,0x97,0xb0,0x8f,0x50,0x0b,
	0x18,0x3b,0x5c,0x16,0x60,0x3c,0xd6,0x56,0x46,0x74,0xea,0x6b,0xd1,0xf6,0xb9,0x34,
	0x1b,0xf4,0x20,0x8c,0xbb,0xb0,0x50,0x53,0x06,0xaa,0x30,0x8b,0xd2,0xfd,0xfc,0xa6,
	0x74,0x23,0x23,0x2c,0x88,0x9e,0x45,0x52,0x5d,0x18,0x77,0xd6,0xbc,0x3f,0x0b,0x0e,
	0x00,0x00,0x00,0x00,0x0a,0x04,0x00,0x08,0x00,0x00,0x00,0x00,0x00,0x00,0x00,0x00,
	0x00,0x00,0x00,0x00,0x00,0x00,0x00,0x00,0x00,0x00,0x00,0x00,0x00,0x00,0x00,0x00,
	0x00,0x00,0x00,0x00,0x00,0x00,0x00,0x00,0x01,0x09,0x00,0x00,0x00,0x00,0x00,0x00,
	0x00,0x00,0x00,0x00,0x00,0x00,0x00,0x00,0x00,0x00,0x00,0x00,0x00,0x00,0x00,0x00,
	0x00,0x00,0x00,0x00,0x00,0x00,0x00,0x00,0x03,0x00,0x00,0x00,0x00,0x00,0x00,0x00,
	0x00,0x00,0x00,0x00,0x00,0x00,0x00,0x00,0x00,0x00,0x00,0x00,0x00,0x00,0x00,0x00,
	0x00,0x00,0x00,0x00,0x00,0x00,0x00,0x00,0x04,0x09,0x02,0x02,0x00,0x00,0x00,0x00,
	0x00,0x00,0x00,0x00,0x00,0x00,0x00,0x00,0x00,0x00,0x00,0x00,0x00,0x00,0x00,0x00,
	0x00,0x00,0x00,0x00,0x00,0x00,0x00,0x00,0x00,0x00,0x00,0x00,0x00,0x00,0x00,0x00,
	0x00,0x00,0x00,0x00,0x00,0x00,0x00,0x00,0x00,0x00,0x00,0x00,0x00,0x00,0x00,0x00,
	0x00,0x00,0x00,0x00,0x00,0x00,0x00,0x00,0x00,0x00,0x00,0x00,0x00,0x00,0x00,0x00,
	0x00,0x00,0x00,0x00,0x00,0x00,0x00,0x00,0x03,0x00,0x00,0x00,0x00,0x00,0x00,0x00,
	0x00,0x00,0x00,0x00,0x00,0x00,0x00,0x00,0x00,0x00,0x00,0x00,0x00,0x00,0x00,0x00,
	0x00,0x00,0x00,0x00,0x00,0x00,0x00,0x00,0x04,0x09,0x01,0x01,0x00,0x00,0x00,0x00,
	0x00,0x00,0x00,0x00,0x00,0x00,0x00,0x00,0x00,0x00,0x00,0x00,0x00,0x00,0x00,0x00,
	0x00,0x00,0x00,0x00,0x00,0x00,0x00,0x00,0x00,0x00,0x00,0x00,0x00,0x00,0x00,0x00,
	0x00,0x00,0x00,0x00,0x00,0x00,0x00,0x00,0x00,0x00,0x00,0x00,0x00,0x00,0x00,0x00,
	0x00,0x00,0x00,0x00,0x00,0x00,0x00,0x00,0x00,0x00,0x00,0x00,0x00,0x00,0x00,0x00,
	0x00,0x00,0x00,0x00,0x00,0x00,0x00,0x00,0x03,0x00,0x00,0x00,0x00,0x00,0x00,0x00,
	0x00,0x00,0x00,0x00,0x00,0x00,0x00,0x00,0x00,0x00,0x00,0x00,0x00,0x00,0x00,0x00,
	0x00,0x00,0x00,0x00,0x00,0x00,0x00,0x00,0x08,0x09,0x00,0x00,0x00,0x00,0x00,0x00,
	0x00,0x00,0x00,0x00,0x00,0x00,0x00,0x00,0x00,0x00,0x00,0x00,0x00,0x00,0x00,0x00,
	0x00,0x00,0x00,0x00,0x00,0x00,0x00,0x00,0x03,0x00,0x00,0x00,0x00,0x00,0x00,0x00,
	0x00,0x00,0x00,0x00,0x00,0x00,0x00,0x00,0x00,0x00,0x00,0x00,0x00,0x00,0x00,0x00,
	0x00,0x00,0x00,0x00,0x00,0x00,0x00,0x00,0x0a,0x09,0x00,0x00,0x00,0x00,0x00,0x00,
	0x00,0x00,0x00,0x00,0x00,0x00,0x00,0x00,0x00,0x00,0x00,0x00,0x00,0x00,0x00,0x00,
	0x00,0x00,0x00,0x40,0x00,0x00,0x00,0x00,0x00,0x00,0x00,0x00,0x00,0x00,0x00,0x00,
	0x00,0x00,0x00,0x00,0x00,0x00,0x00,0x00,0x00,0x00,0x00,0x00,0x00,0x00,0x00,0x00,
	0x00,0x00,0x00,0x00,0x00,0x00,0x00,0x00,0x00,0x02,0x00,0x00,0x00,0x00,0x00,0x00,
	0x00,0x00,0x00,0x00,0x00,0x00,0x00,0x00,0x00,0x00,0x00,0x00,0x00,0x00,0x00,0x00,
	0x00,0x00,0x00,0x40,0x00,0x00,0x02,0x09,0x00,0x00,0x00,0x00,0x00,0x00,0x00,0x00,
	0x00,0x00,0x00,0x00,0x00,0x00,0x00,0x00,0x00,0x00,0x00,0x00,0x00,0x00,0x00,0x00,
	0x00,0x00,0x00,0x00,0x00,0x00,0x00,0x00,0x00,0x09,0x00,0x00,0x00,0x00,0x00,0x00,
	0x00,0x00,0x00,0x00,0x00,0x00,0x00,0x00,0x00,0x00,0x00,0x00,0x00,0x00,0x00,0x00,
	0x04,0x95,0x12,0x38,0xb8,0x7a,0x43,0x18,0x98,0xc4,0x21,0xa1,0x6a,0x02,0x0b,0x95,
	0x60,0x19,0x83,0x04,0xcb,0xee,0x77,0x7a,0xd4,0xf7,0x5a,0xdc,0xdf,0xcc,0x43,0x35,
	0xe3,0xa1,0x40,0x1d,0xe5,0x52,0x11,0x79,0x2b,0x7d,0xbe,0xa2,0x8a,0x95,0x77,0x20,
	0xd2,0xf3,0x9e,0x42,0xe9,0xa4,0x07,0x22,0xfb,0xee,0x4f,0xf6,0x96,0xb2,0x21,0x60,
	0x00,0x00,0x00,0x40,0x00,0x00,0x00,0x00,0x00,0x00,0x00,0x00,0x00,0x00,0x00,0x00,
	0x00,0x00,0x00,0x00,0x00,0x00,0x00,0x00,0x00,0x00,0x00,0x00,0x00,0x00,0x00,0x00,
	0x00,0x00,0x00,0x00,0x00,0x00,0x00,0x00,0x04,0x02,0x00,0x00,0x00,0x00,0x00,0x00,
	0x00,0x00,0x00,0x00,0x00,0x00,0x00,0x00,0x00,0x00,0x00,0x00,0x00,0x00,0x00,0x00,
	0x00,0x00,0x00,0x00,0x0a,0x00,0x00,0x02,0x00,0x00,0x00,0x00,0x00,0x00,0x00,0x00,
	0x00,0x00,0x00,0x00,0x00,0x00,0x00,0x00,0x00,0x00,0x00,0x00,0x00,0x00,0x00,0x00,
	0x00,0x00,0x00,0x00,0x00,0x00,0x00,0x00,0x00,0x03,0x00,0x00,0x00,0x00,0x00,0x00,
	0x00,0x00,0x00,0x00,0x00,0x00,0x00,0x00,0x00,0x00,0x00,0x00,0x00,0x00,0x00,0x00,
	0x00,0x00,0x00,0x00,0x0a,0x05,0x00,0x08,0x00,0x00,0x00,0x00,0x00,0x00,0x00,0x00,
	0x00,0x00,0x00,0x00,0x00,0x00,0x00,0x00,0x00,0x00,0x00,0x00,0x00,0x00,0x00,0x00,
	0x00,0x00,0x00,0x00,0x00,0x00,0x00,0x00,0x01,0x09,0x00,0x00,0x00,0x00,0x00,0x00,
	0x00,0x00,0x00,0x00,0x00,0x00,0x00,0x00,0x00,0x00,0x00,0x00,0x00,0x00,0x00,0x00,
	0x00,0x00,0x00,0x00,0x00,0x00,0x00,0x00,0x03,0x00,0x00,0x00,0x00,0x00,0x00,0x00,
	0x00,0x00,0x00,0x00,0x00,0x00,0x00,0x00,0x00,0x00,0x00,0x00,0x00,0x00,0x00,0x00,
	0x00,0x00,0x00,0x00,0x00,0x00,0x00,0x00,0x04,0x09,0x01,0x01,0x00,0x00,0x00,0x00,
	0x00,0x00,0x00,0x00,0x00,0x00,0x00,0x00,0x00,0x00,0x00,0x00,0x00,0x00,0x00,0x00,
	0x7e,0xe8,0x20,0x6f,0x55,0x70,0x02,0x3e,0x6d,0xc7,0x51,0x9e,0xb1,0x07,0x3b,0xc4,
	0xe7,0x91,0xad,0x37,0xb5,0xc3,0x82,0xaa,0x10,0xba,0x18,0xe2,0x35,0x7e,0x71,0x69,
	0x71,0xf9,0x36,0x2f,0x2c,0x2f,0xe2,0xa7,0x6b,0xfd,0x78,0xdf,0xec,0x4e,0xa9,0xb5,
	0x00,0x00,0x00,0x00,0x00,0x00,0x00,0x00,0x03,0x00,0x00,0x00,0x00,0x00,0x00,0x00,
	0x00,0x00,0x00,0x00,0x00,0x00,0x00,0x00,0x00,0x00,0x00,0x00,0x00,0x00,0x00,0x00,
	0x00,0x00,0x00,0x00,0x00,0x00,0x00,0x00,0x04,0x09,0x03,0x02,0x00,0x00,0x00,0x00,
	0x00,0x00,0x00,0x00,0x00,0x00,0x00,0x00,0x00,0x00,0x00,0x00,0x00,0x00,0x00,0x00,
	0x00,0x30,0x0d,0x74,0x6c,0x73,0x31,0x33,0x20,0x64,0x65,0x72,0x69,0x76,0x65,0x64,
	0x30,0x38,0xb0,0x60,0xa7,0x51,0xac,0x96,0x38,0x4c,0xd9,0x32,0x7e,0xb1,0xb1,0xe3,
	0x6a,0x21,0xfd,0xb7,0x11,0x14,0xbe,0x07,0x43,0x4c,0x0c,0xc7,0xbf,0x63,0xf6,0xe1,
	0xda,0x27,0x4e,0xde,0xbf,0xe7,0x6f,0x65,0xfb,0xd5,0x1a,0xd2,0xf1,0x48,0x98,0xb9,
	0x00,0x00,0x00,0x00,0x00,0x00,0x00,0x00,0x03,0x00,0x00,0x00,0x00,0x00,0x00,0x00,
	0x00,0x00,0x00,0x00,0x00,0x00,0x00,0x00,0x00,0x00,0x00,0x00,0x00,0x00,0x00,0x00,
	0x00,0x00,0x00,0x00,0x00,0x00,0x00,0x00,0x08,0x09,0x00,0x00,0x00,0x00,0x00,0x00,
	0x00,0x00,0x00,0x00,0x00,0x00,0x00,0x00,0x00,0x00,0x00,0x00,0x00,0x00,0x00,0x00,
	0x00,0x00,0x00,0x00,0x00,0x00,0x00,0x00,0x03,0x00,0x00,0x00,0x00,0x00,0x00,0x00,
	0x00,0x00,0x00,0x00,0x00,0x00,0x00,0x00,0x00,0x00,0x00,0x00,0x00,0x00,0x00,0x00,
	0x00,0x00,0x00,0x00,0x00,0x00,0x00,0x00,0x0a,0x09,0x00,0x00,0x00,0x00,0x00,0x00,
	0x00,0x00,0x00,0x00,0x00,0x00,0x00,0x00,0x00,0x00,0x00,0x00,0x00,0x00,0x00,0x00,
	0x00,0x00,0x00,0x00,0x0a,0x04,0x00,0x08,0x00,0x00,0x00,0x00,0x00,0x00,0x00,0x00,
	0x00,0x00,0x00,0x00,0x00,0x00,0x00,0x00,0x00,0x00,0x00,0x00,0x00,0x00,0x00,0x00,
	0x00,0x00,0x00,0x00,0x00,0x00,0x00,0x00,0x01,0x09,0x00,0x00,0x00,0x00,0x00,0x00,
	0x00,0x00,0x00,0x00,0x00,0x00,0x00,0x00,0x00,0x00,0x00,0x00,0x00,0x00,0x00,0x00,
	0x00,0x00,0x00,0x00,0x00,0x00,0x00,0x00,0x03,0x00,0x00,0x00,0x00,0x00,0x00,0x00,
	0x00,0x00,0x00,0x00,0x00,0x00,0x00,0x00,0x00,0x00,0x00,0x00,0x00,0x00,0x00,0x00,
	0x00,0x00,0x00,0x00,0x00,0x00,0x00,0x00,0x04,0x09,0x02,0x02,0x00,0x00,0x00,0x00,
	0x00,0x00,0x00,0x00,0x00,0x00,0x00,0x00,0x00,0x00,0x00,0x00,0x00,0x00,0x00,0x00,
	0x15,0x91,0xda,0xc5,0xcb,0xbf,0x03,0x30,0xa4,0xa8,0x4d,0xe9,0xc7,0x53,0x33,0x0e,
	0x92,0xd0,0x1f,0x0a,0x88,0x21,0x4b,0x44,0x64,0x97,0x2f,0xd6,0x68,0x04,0x9e,0x93,
	0xe5,0x2f,0x2b,0x16,0xfa,0xd9,0x22,0xfd,0xc0,0x58,0x44,0x78,0x42,0x8f,0x28,0x2b,
	0x00,0x00,0x00,0x00,0x00,0x00,0x00,0x00,0x03,0x00,0x00,0x00,0x00,0x00,0x00,0x00,
	0x00,0x00,0x00,0x00,0x00,0x00,0x00,0x00,0x00,0x00,0x00,0x00,0x00,0x00,0x00,0x00,
	0x00,0x00,0x00,0x00,0x00,0x00,0x00,0x00,0x04,0x09,0x01,0x01,0x00,0x00,0x00,0x00,
	0x00,0x00,0x00,0x00,0x00,0x00,0x00,0x00,0x00,0x00,0x00,0x00,0x00,0x00,0x00,0x00,
	0xfa,0x2b,0x9d,0x54,0xb3,0xdf,0x45,0x37,0x7b,0xd1,0x29,0x7d,0xb3,0x50,0x76,0x98,
	0xa6,0x02,0xcd,0x3b,0xed,0x1e,0xa1,0x5d,0xf0,0x46,0xff,0x29,0xb8,0x0f,0x4d,0xcb,
	0x00,0x00,0x00,0x00,0x00,0x00,0x00,0x00,0x03,0x00,0x00,0x00,0x00,0x00,0x00,0x00,
	0x00,0x00,0x00,0x00,0x00,0x00,0x00,0x00,0x00,0x00,0x00,0x00,0x00,0x00,0x00,0x00,
	0x00,0x00,0x00,0x00,0x00,0x00,0x00,0x00,0x08,0x09,0x00,0x00,0x00,0x00,0x00,0x00,
	0x00,0x00,0x00,0x00,0x00,0x00,0x00,0x00,0x00,0x00,0x00,0x00,0x00,0x00,0x00,0x00,
	0x00,0x00,0x00,0x00,0x00,0x00,0x00,0x00,0x03,0x00,0x00,0x00,0x00,0x00,0x00,0x00,
	0x00,0x00,0x00,0x00,0x00,0x00,0x00,0x00,0x00,0x00,0x00,0x00,0x00,0x00,0x00,0x00,
	0x00,0x00,0x00,0x00,0x00,0x00,0x00,0x00,0x0a,0x09,0x00,0x00,0x00,0x00,0x00,0x00,
	0x00,0x00,0x00,0x00,0x00,0x00,0x00,0x00,0x00,0x00,0x00,0x00,0x00,0x00,0x00,0x00,
	0x00,0x00,0x00,0x00,0x00,0x00,0x00,0x00,0x02,0x00,0x00,0x00,0x00,0x00,0x00,0x00,
	0x00,0x00,0x00,0x00,0x00,0x00,0x00,0x00,0x00,0x00,0x00,0x00,0x00,0x00,0x00,0x00,
	0x00,0x00,0x00,0x00,0x00,0x00,0x00,0x00,0x04,0x03,0x00,0x00,0x00,0x00,0x00,0x00,
	0x00,0x00,0x00,0x00,0x00,0x00,0x00,0x00,0x00,0x00,0x00,0x00,0x00,0x00,0x00,0x00,
	0x00,0x00,0x00,0x00,0x00,0x00,0x00,0x00,0x00,0x00,0x00,0x00,0x03,0x00,0x00,0x00,
	0x00,0x00,0x00,0x00,0x00,0x00,0x00,0x00,0x00,0x00,0x00,0x00,0x00,0x00,0x00,0x00,
	0x00,0x00,0x00,0x00,0x00,0x00,0x00,0x00,0x00,0x00,0x00,0x00,0x05,0x03,0x00,0x00,
	0x00,0x00,0x00,0x00,0x00,0x00,0x00,0x00,0x00,0x00,0x00,0x00,0x00,0x00,0x00,0x00,
	0x00,0x00,0x00,0x00,0x00,0x00,0x00,0x00,0x0a,0x05,0x00,0x08,0x00,0x00,0x00,0x00,
	0x00,0x00,0x00,0x00,0x00,0x00,0x00,0x00,0x00,0x00,0x00,0x00,0x00,0x00,0x00,0x00,
	0x00,0x00,0x00,0x00,0x00,0x00,0x00,0x00,0x00,0x00,0x00,0x00,0x01,0x09,0x00,0x00,
	0x00,0x00,0x00,0x00,0x00,0x00,0x00,0x00,0x00,0x00,0x00,0x00,0x00,0x00,0x00,0x00,
	0x00,0x00,0x00,0x00,0x00,0x00,0x00,0x00,0x00,0x00,0x00,0x00,0x03,0x00,0x00,0x00,
	0x00,0x00,0x00,0x00,0x00,0x00,0x00,0x00,0x00,0x00,0x00,0x00,0x00,0x00,0x00,0x00,
	0x00,0x00,0x00,0x00,0x00,0x00,0x00,0x00,0x00,0x00,0x00,0x00,0x04,0x09,0x01,0x01,
	0x00,0x00,0x00,0x00,0x00,0x00,0x00,0x00,0x00,0x00,0x00,0x00,0x00,0x00,0x00,0x00,
	0x00,0x00,0x00,0x00,0x02,0x3c,0x84,0xb3,0x77,0x39,0x9e,0x66,0x67,0xbf,0x63,0x03,
	0x0c,0x87,0xa7,0xc9,0x08,0x05,0x74,0xf0,0x88,0xa7,0xd2,0x72,0x68,0xf7,0x61,0x56,
	0x19,0xa4,0xf7,0xc5,0xf8,0xdb,0x50,0x01,0x5c,0xca,0x9d,0x9b,0x19,0x54,0x0f,0x7a,
	0x6c,0x1d,0xda,0x50,0x00,0x00,0x00,0x00,0x00,0x00,0x00,0x00,0x03,0x00,0x00,0x00,
	0x00,0x00,0x00,0x00,0x00,0x00,0x00,0x00,0x00,0x00,0x00,0x00,0x00,0x00,0x00,0x00,
	0x00,0x00,0x00,0x00,0x00,0x00,0x00,0x00,0x00,0x00,0x00,0x00,0x04,0x09,0x03,0x02,
	0x00,0x00,0x00,0x00,0x00,0x00,0x00,0x00,0x00,0x00,0x00,0x00,0x00,0x00,0x00,0x00,
	0x00,0x00,0x00,0x00,0x00,0x30,0x12,0x74,0x6c,0x73,0x31,0x33,0x20,0x63,0x20,0x68,
	0x73,0x20,0x74,0x72,0x61,0x66,0x66,0x69,0x63,0x30,0xb5,0x8a,0xc9,0xc9,0x89,0x05,
	0xf3,0xdf,0xdb,0x71,0xa0,0x32,0x81,0xea,0x61,0x40,0x4d,0x95,0x26,0x40,0xf6,0x54,
	0x46,0x19,0xa9,0x81,0xf3,0x04,0x0a,0xdd,0xfb,0x03,0xcf,0x38,0x33,0xc2,0x81,0xd6,
	0x70,0x5f,0x6a,0x16,0x00,0x00,0x00,0x00,0x00,0x00,0x00,0x00,0x03,0x00,0x00,0x00,
	0x00,0x00,0x00,0x00,0x00,0x00,0x00,0x00,0x00,0x00,0x00,0x00,0x00,0x00,0x00,0x00,
	0x00,0x00,0x00,0x00,0x00,0x00,0x00,0x00,0x00,0x00,0x00,0x00,0x08,0x09,0x00,0x00,
	0x00,0x00,0x00,0x00,0x00,0x00,0x00,0x00,0x00,0x00,0x00,0x00,0x00,0x00,0x00,0x00,
	0x00,0x00,0x00,0x00,0x00,0x00,0x00,0x00,0x00,0x00,0x00,0x00,0x03,0x00,0x00,0x00,
	0x00,0x00,0x00,0x00,0x00,0x00,0x00,0x00,0x00,0x00,0x00,0x00,0x00,0x00,0x00,0x00,
	0x00,0x00,0x00,0x00,0x00,0x00,0x00,0x00,0x00,0x00,0x00,0x00,0x0a,0x09,0x00,0x00,
	0x00,0x00,0x00,0x00,0x00,0x00,0x00,0x00,0x00,0x00,0x00,0x00,0x00,0x00,0x00,0x00,
	0x00,0x00,0x00,0x00,0x00,0x00,0x00,0x00,0x0a,0x05,0x00,0x08,0x00,0x00,0x00,0x00,
	0x00,0x00,0x00,0x00,0x00,0x00,0x00,0x00,0x00,0x00,0x00,0x00,0x00,0x00,0x00,0x00,
	0x00,0x00,0x00,0x00,0x00,0x00,0x00,0x00,0x00,0x00,0x00,0x00,0x01,0x09,0x00,0x00,
	0x00,0x00,0x00,0x00,0x00,0x00,0x00,0x00,0x00,0x00,0x00,0x00,0x00,0x00,0x00,0x00,
	0x00,0x00,0x00,0x00,0x00,0x00,0x00,0x00,0x00,0x00,0x00,0x00,0x03,0x00,0x00,0x00,
	0x00,0x00,0x00,0x00,0x00,0x00,0x00,0x00,0x00,0x00,0x00,0x00,0x00,0x00,0x00,0x00,
	0x00,0x00,0x00,0x00,0x00,0x00,0x00,0x00,0x00,0x00,0x00,0x00,0x04,0x09,0x01,0x01,
	0x00,0x00,0x00,0x00,0x00,0x00,0x00,0x00,0x00,0x00,0x00,0x00,0x00,0x00,0x00,0x00,
	0x00,0x00,0x00,0x00,0x02,0x3c,0x84,0xb3,0x77,0x39,0x9e,0x66,0x67,0xbf,0x63,0x03,
	0x0c,0x87,0xa7,0xc9,0x08,0x05,0x74,0xf0,0x88,0xa7,0xd2,0x72,0x68,0xf7,0x61,0x56,
	0x19,0xa4,0xf7,0xc5,0xf8,0xdb,0x50,0x01,0x5c,0xca,0x9d,0x9b,0x19,0x54,0x0f,0x7a,
	0x6c,0x1d,0xda,0x50,0x00,0x00,0x00,0x00,0x00,0x00,0x00,0x00,0x03,0x00,0x00,0x00,
	0x00,0x00,0x00,0x00,0x00,0x00,0x00,0x00,0x00,0x00,0x00,0x00,0x00,0x00,0x00,0x00,
	0x00,0x00,0x00,0x00,0x00,0x00,0x00,0x00,0x00,0x00,0x00,0x00,0x04,0x09,0x03,0x02,
	0x00,0x00,0x00,0x00,0x00,0x00,0x00,0x00,0x00,0x00,0x00,0x00,0x00,0x00,0x00,0x00,
	0x00,0x00,0x00,0x00,0x00,0x30,0x12,0x74,0x6c,0x73,0x31,0x33,0x20,0x73,0x20,0x68,
	0x73,0x20,0x74,0x72,0x61,0x66,0x66,0x69,0x63,0x30,0xb5,0x8a,0xc9,0xc9,0x89,0x05,
	0xf3,0xdf,0xdb,0x71,0xa0,0x32,0x81,0xea,0x61,0x40,0x4d,0x95,0x26,0x40,0xf6,0x54,
	0x46,0x19,0xa9,0x81,0xf3,0x04,0x0a,0xdd,0xfb,0x03,0xcf,0x38,0x33,0xc2,0x81,0xd6,
	0x70,0x5f,0x6a,0x16,0x00,0x00,0x00,0x00,0x00,0x00,0x00,0x00,0x03,0x00,0x00,0x00,
	0x00,0x00,0x00,0x00,0x00,0x00,0x00,0x00,0x00,0x00,0x00,0x00,0x00,0x00,0x00,0x00,
	0x00,0x00,0x00,0x00,0x00,0x00,0x00,0x00,0x00,0x00,0x00,0x00,0x08,0x09,0x00,0x00,
	0x00,0x00,0x00,0x00,0x00,0x00,0x00,0x00,0x00,0x00,0x00,0x00,0x00,0x00,0x00,0x00,
	0x00,0x00,0x00,0x00,0x00,0x00,0x00,0x00,0x00,0x00,0x00,0x00,0x03,0x00,0x00,0x00,
	0x00,0x00,0x00,0x00,0x00,0x00,0x00,0x00,0x00,0x00,0x00,0x00,0x00,0x00,0x00,0x00,
	0x00,0x00,0x00,0x00,0x00,0x00,0x00,0x00,0x00,0x00,0x00,0x00,0x0a,0x09,0x00,0x00,
	0x00,0x00,0x00,0x00,0x00,0x00,0x00,0x00,0x00,0x00,0x00,0x00,0x00,0x00,0x00,0x00,
	0x00,0x00,0x00,0x00,0x00,0x00,0x00,0x00,0x0a,0x05,0x00,0x08,0x00,0x00,0x00,0x00,
	0x00,0x00,0x00,0x00,0x00,0x00,0x00,0x00,0x00,0x00,0x00,0x00,0x00,0x00,0x00,0x00,
	0x00,0x00,0x00,0x00,0x00,0x00,0x00,0x00,0x00,0x00,0x00,0x00,0x01,0x09,0x00,0x00,
	0x00,0x00,0x00,0x00,0x00,0x00,0x00,0x00,0x00,0x00,0x00,0x00,0x00,0x00,0x00,0x00,
	0x00,0x00,0x00,0x00,0x00,0x00,0x00,0x00,0x00,0x00,0x00,0x00,0x03,0x00,0x00,0x00,
	0x00,0x00,0x00,0x00,0x00,0x00,0x00,0x00,0x00,0x00,0x00,0x00,0x00,0x00,0x00,0x00,
	0x00,0x00,0x00,0x00,0x00,0x00,0x00,0x00,0x00,0x00,0x00,0x00,0x04,0x09,0x01,0x01,
	0x00,0x00,0x00,0x00,0x00,0x00,0x00,0x00,0x00,0x00,0x00,0x00,0x00,0x00,0x00,0x00,
	0x00,0x00,0x00,0x00,0xbc,0xfd,0xfd,0x1b,0x57,0x7d,0xae,0x73,0xd4,0x72,0x73,0x06,
	0x0e,0xb9,0x8d,0x46,0x70,0xc2,0xb6,0x34,0x52,0x49,0x4e,0x54,0x4e,0x44,0x13,0x3b,
	0xe2,0x0c,0x1e,0x52,0x52,0x8d,0x41,0x8e,0xc5,0xa7,0x8e,0xeb,0x89,0x03,0xad,0x81,
	0x6c,0x24,0x89,0x0b,0x00,0x00,0x00,0x00,0x00,0x00,0x00,0x00,0x03,0x00,0x00,0x00,
	0x00,0x00,0x00,0x00,0x00,0x00,0x00,0x00,0x00,0x00,0x00,0x00,0x00,0x00,0x00,0x00,
	0x00,0x00,0x00,0x00,0x00,0x00,0x00,0x00,0x00,0x00,0x00,0x00,0x04,0x09,0x03,0x02,
	0x00,0x00,0x00,0x00,0x00,0x00,0x00,0x00,0x00,0x00,0x00,0x00,0x00,0x00,0x00,0x00,
	0x00,0x00,0x00,0x00,0x00,0x20,0x09,0x74,0x6c,0x73,0x31,0x33,0x20,0x6b,0x65,0x79,
	0x00,0x00,0x00,0x00,0x00,0x00,0x00,0x00,0x00,0x03,0x00,0x00,0x00,0x00,0x00,0x00,
	0x00,0x00,0x00,0x00,0x00,0x00,0x00,0x00,0x00,0x00,0x00,0x00,0x00,0x00,0x00,0x00,
	0x00,0x00,0x00,0x00,0x00,0x00,0x00,0x00,0x00,0x08,0x09,0x00,0x00,0x00,0x00,0x00,
	0x00,0x00,0x00,0x00,0x00,0x00,0x00,0x00,0x00,0x00,0x00,0x00,0x00,0x00,0x00,0x00,
	0x00,0x00,0x00,0x00,0x00,0x00,0x00,0x00,0x00,0x03,0x00,0x00,0x00,0x00,0x00,0x00,
	0x00,0x00,0x00,0x00,0x00,0x00,0x00,0x00,0x00,0x00,0x00,0x00,0x00,0x00,0x00,0x00,
	0x00,0x00,0x00,0x00,0x00,0x00,0x00,0x00,0x00,0x0a,0x09,0x00,0x00,0x00,0x00,0x00,
	0x00,0x00,0x00,0x00,0x00,0x00,0x00,0x00,0x00,0x00,0x00,0x00,0x00,0x00,0x00,0x00,
	0x00,0x00,0x00,0x00,0x00,0x0a,0x05,0x00,0x08,0x00,0x00,0x00,0x00,0x00,0x00,0x00,
	0x00,0x00,0x00,0x00,0x00,0x00,0x00,0x00,0x00,0x00,0x00,0x00,0x00,0x00,0x00,0x00,
	0x00,0x00,0x00,0x00,0x00,0x00,0x00,0x00,0x00,0x01,0x09,0x00,0x00,0x00,0x00,0x00,
	0x00,0x00,0x00,0x00,0x00,0x00,0x00,0x00,0x00,0x00,0x00,0x00,0x00,0x00,0x00,0x00,
	0x00,0x00,0x00,0x00,0x00,0x00,0x00,0x00,0x00,0x03,0x00,0x00,0x00,0x00,0x00,0x00,
	0x00,0x00,0x00,0x00,0x00,0x00,0x00,0x00,0x00,0x00,0x00,0x00,0x00,0x00,0x00,0x00,
	0x00,0x00,0x00,0x00,0x00,0x00,0x00,0x00,0x00,0x04,0x09,0x01,0x01,0x00,0x00,0x00,
	0x00,0x00,0x00,0x00,0x00,0x00,0x00,0x00,0x00,0x00,0x00,0x00,0x00,0x00,0x00,0x00,
	0x00,0xbc,0xfd,0xfd,0x1b,0x57,0x7d,0xae,0x73,0xd4,0x72,0x73,0x06,0x0e,0xb9,0x8d,
	0x46,0x70,0xc2,0xb6,0x34,0x52,0x49,0x4e,0x54,0x4e,0x44,0x13,0x3b,0xe2,0x0c,0x1e,
	0x52,0x52,0x8d,0x41,0x8e,0xc5,0xa7,0x8e,0xeb,0x89,0x03,0xad,0x81,0x6c,0x24,0x89,
	0x0b,0x00,0x00,0x00,0x00,0x00,0x00,0x00,0x00,0x03,0x00,0x00,0x00,0x00,0x00,0x00,
	0x00,0x00,0x00,0x00,0x00,0x00,0x00,0x00,0x00,0x00,0x00,0x00,0x00,0x00,0x00,0x00,
	0x00,0x00,0x00,0x00,0x00,0x00,0x00,0x00,0x00,0x04,0x09,0x03,0x02,0x00,0x00,0x00,
	0x00,0x00,0x00,0x00,0x00,0x00,0x00,0x00,0x00,0x00,0x00,0x00,0x00,0x00,0x00,0x00,
	0x00,0x00,0x0c,0x08,0x74,0x6c,0x73,0x31,0x33,0x20,0x69,0x76,0x00,0x00,0x00,0x00,
	0x00,0x00,0x00,0x00,0x00,0x03,0x00,0x00,0x00,0x00,0x00,0x00,0x00,0x00,0x00,0x00,
	0x00,0x00,0x00,0x00,0x00,0x00,0x00,0x00,0x00,0x00,0x00,0x00,0x00,0x00,0x00,0x00,
	0x00,0x00,0x00,0x00,0x00,0x08,0x09,0x00,0x00,0x00,0x00,0x00,0x00,0x00,0x00,0x00,
	0x00,0x00,0x00,0x00,0x00,0x00,0x00,0x00,0x00,0x00,0x00,0x00,0x00,0x00,0x00,0x00,
	0x00,0x00,0x00,0x00,0x00,0x03,0x00,0x00,0x00,0x00,0x00,0x00,0x00,0x00,0x00,0x00,
	0x00,0x00,0x00,0x00,0x00,0x00,0x00,0x00,0x00,0x00,0x00,0x00,0x00,0x00,0x00,0x00,
	0x00,0x00,0x00,0x00,0x00,0x0a,0x09,0x00,0x00,0x00,0x00,0x00,0x00,0x00,0x00,0x00,
	0x00,0x00,0x00,0x00,0x00,0x00,0x00,0x00,0x00,0x00,0x00,0x00,0x00,0x00,0x00,0x00,
	0x00,0x0a,0x05,0x00,0x08,0x00,0x00,0x00,0x00,0x00,0x00,0x00,0x00,0x00,0x00,0x00,
	0x00,0x00,0x00,0x00,0x00,0x00,0x00,0x00,0x00,0x00,0x00,0x00,0x00,0x00,0x00,0x00,
	0x00,0x00,0x00,0x00,0x00,0x01,0x09,0x00,0x00,0x00,0x00,0x00,0x00,0x00,0x00,0x00,
	0x00,0x00,0x00,0x00,0x00,0x00,0x00,0x00,0x00,0x00,0x00,0x00,0x00,0x00,0x00,0x00,
	0x00,0x00,0x00,0x00,0x00,0x03,0x00,0x00,0x00,0x00,0x00,0x00,0x00,0x00,0x00,0x00,
	0x00,0x00,0x00,0x00,0x00,0x00,0x00,0x00,0x00,0x00,0x00,0x00,0x00,0x00,0x00,0x00,
	0x00,0x00,0x00,0x00,0x00,0x04,0x09,0x01,0x01,0x00,0x00,0x00,0x00,0x00,0x00,0x00,
	0x00,0x00,0x00,0x00,0x00,0x00,0x00,0x00,0x00,0x00,0x00,0x00,0x00,0x2e,0x5c,0x81,
	0xcc,0xde,0x71,0xdf,0x51,0x23,0x7e,0xa5,0x4e,0x7c,0x9c,0xc3,0x18,0xbc,0x30,0xd1,
	0xd3,0xd3,0x9c,0x57,0x6a,0xdb,0xdd,0xba,0xd4,0x52,0x92,0x11,0x89,0x45,0x7a,0xee,
	0x96,0x01,0x2f,0xe7,0x4d,0x68,0x91,0x98,0xe6,0x2a,0x51,0x07,0xb6,0x00,0x00,0x00,
	0x00,0x00,0x00,0x00,0x00,0x03,0x00,0x00,0x00,0x00,0x00,0x00,0x00,0x00,0x00,0x00,
	0x00,0x00,0x00,0x00,0x00,0x00,0x00,0x00,0x00,0x00,0x00,0x00,0x00,0x00,0x00,0x00,
	0x00,0x00,0x00,0x00,0x00,0x04,0x09,0x03,0x02,0x00,0x00,0x00,0x00,0x00,0x00,0x00,
	0x00,0x00,0x00,0x00,0x00,0x00,0x00,0x00,0x00,0x00,0x00,0x00,0x00,0x00,0x20,0x09,
	0x74,0x6c,0x73,0x31,0x33,0x20,0x6b,0x65,0x79,0x00,0x00,0x00,0x00,0x00,0x00,0x00,
	0x00,0x00,0x03,0x00,0x00,0x00,0x00,0x00,0x00,0x00,0x00,0x00,0x00,0x00,0x00,0x00,
	0x00,0x00,0x00,0x00,0x00,0x00,0x00,0x00,0x00,0x00,0x00,0x00,0x00,0x00,0x00,0x00,
	0x00,0x00,0x08,0x09,0x00,0x00,0x00,0x00,0x00,0x00,0x00,0x00,0x00,0x00,0x00,0x00,
	0x00,0x00,0x00,0x00,0x00,0x00,0x00,0x00,0x00,0x00,0x00,0x00,0x00,0x00,0x00,0x00,
	0x00,0x00,0x03,0x00,0x00,0x00,0x00,0x00,0x00,0x00,0x00,0x00,0x00,0x00,0x00,0x00,
	0x00,0x00,0x00,0x00,0x00,0x00,0x00,0x00,0x00,0x00,0x00,0x00,0x00,0x00,0x00,0x00,
	0x00,0x00,0x0a,0x09,0x00,0x00,0x00,0x00,0x00,0x00,0x00,0x00,0x00,0x00,0x00,0x00,
	0x00,0x00,0x00,0x00,0x00,0x00,0x00,0x00,0x00,0x00,0x00,0x00,0x00,0x00,0x0a,0x05,
	0x00,0x08,0x00,0x00,0x00,0x00,0x00,0x00,0x00,0x00,0x00,0x00,0x00,0x00,0x00,0x00,
	0x00,0x00,0x00,0x00,0x00,0x00,0x00,0x00,0x00,0x00,0x00,0x00,0x00,0x00,0x00,0x00,
	0x00,0x00,0x01,0x09,0x00,0x00,0x00,0x00,0x00,0x00,0x00,0x00,0x00,0x00,0x00,0x00,
	0x00,0x00,0x00,0x00,0x00,0x00,0x00,0x00,0x00,0x00,0x00,0x00,0x00,0x00,0x00,0x00,
	0x00,0x00,0x03,0x00,0x00,0x00,0x00,0x00,0x00,0x00,0x00,0x00,0x00,0x00,0x00,0x00,
	0x00,0x00,0x00,0x00,0x00,0x00,0x00,0x00,0x00,0x00,0x00,0x00,0x00,0x00,0x00,0x00,
	0x00,0x00,0x04,0x09,0x01,0x01,0x00,0x00,0x00,0x00,0x00,0x00,0x00,0x00,0x00,0x00,
	0x00,0x00,0x00,0x00,0x00,0x00,0x00,0x00,0x00,0x00,0x2e,0x5c,0x81,0xcc,0xde,0x71,
	0xdf,0x51,0x23,0x7e,0xa5,0x4e,0x7c,0x9c,0xc3,0x18,0xbc,0x30,0xd1,0xd3,0xd3,0x9c,
	0x57,0x6a,0xdb,0xdd,0xba,0xd4,0x52,0x92,0x11,0x89,0x45,0x7a,0xee,0x96,0x01,0x2f,
	0xe7,0x4d,0x68,0x91,0x98,0xe6,0x2a,0x51,0x07,0xb6,0x00,0x00,0x00,0x00,0x00,0x00,
	0x00,0x00,0x03,0x00,0x00,0x00,0x00,0x00,0x00,0x00,0x00,0x00,0x00,0x00,0x00,0x00,
	0x00,0x00,0x00,0x00,0x00,0x00,0x00,0x00,0x00,0x00,0x00,0x00,0x00,0x00,0x00,0x00,
	0x00,0x00,0x04,0x09,0x03,0x02,0x00,0x00,0x00,0x00,0x00,0x00,0x00,0x00,0x00,0x00,
	0x00,0x00,0x00,0x00,0x00,0x00,0x00,0x00,0x00,0x00,0x00,0x0c,0x08,0x74,0x6c,0x73,
	0x31,0x33,0x20,0x69,0x76,0x00,0x00,0x00,0x00,0x00,0x00,0x00,0x00,0x00,0x03,0x00,
	0x00,0x00,0x00,0x00,0x00,0x00,0x00,0x00,0x00,0x00,0x00,0x00,0x00,0x00,0x00,0x00,
	0x00,0x00,0x00,0x00,0x00,0x00,0x00,0x00,0x00,0x00,0x00,0x00,0x00,0x00,0x08,0x09,
	0x00,0x00,0x00,0x00,0x00,0x00,0x00,0x00,0x00,0x00,0x00,0x00,0x00,0x00,0x00,0x00,
	0x00,0x00,0x00,0x00,0x00,0x00,0x00,0x00,0x00,0x00,0x00,0x00,0x00,0x00,0x03,0x00,
	0x00,0x00,0x00,0x00,0x00,0x00,0x00,0x00,0x00,0x00,0x00,0x00,0x00,0x00,0x00,0x00,
	0x00,0x00,0x00,0x00,0x00,0x00,0x00,0x00,0x00,0x00,0x00,0x00,0x00,0x00,0x0a,0x09,
	0x00,0x00,0x00,0x00,0x00,0x00,0x00,0x00,0x00,0x00,0x00,0x00,0x00,0x00,0x00,0x00,
	0x00,0x00,0x00,0x00,0x00,0x00,0x00,0x00,0x00,0x00,0x00,0x00,0x00,0x00,0x00,0x00,
	0x00,0x00,0x00,0x00,0x00,0x00,0x00,0x00,0x00,0x00,0x00,0x00,0x00,0x00,0x00,0x00,
	0x00,0x00,0x00,0x00,0x00,0x00,0x00,0x00,0x00,0x00,0x00,0x00,0x00,0x00,0x03,0x02,
	0x00,0x00,0x00,0x00,0x00,0x00,0x00,0x00,0x00,0x00,0x00,0x00,0x00,0x00,0x00,0x00,
	0x00,0x00,0x00,0x00,0x00,0x00,0x00,0x24,0x00,0x00,0x00,0x00,0x00,0x00,0x00,0x01,
	0x00,0x00,0x00,0x02,0x50,0x05,0x00,0x00,0x00,0x00,0x00,0x00,0x00,0x00,0x00,0x00,
	0x00,0x00,0x24,0xe0,0x20,0x25,0xba,0x46,0xe5,0x07,0x10,0x27,0x09,0xde,0x28,0x95,
	0x39,0xc1,0xa2,0x5b,0x4c,0x94,0x1c,0x7a,0xed,0x68,0x99,0x68,0xc2,0xb3,0x75,0x73,
	0x6e,0x78,0x00,0x00,0x00,0x00,0x00,0x00,0x00,0x00,0x00,0x00,0x00,0x00,0x00,0x00,
	0x00,0x00,0x00,0x00,0x00,0x00,0x00,0x00,0x00,0x00,0x00,0x00,0x00,0x00,0x00,0x00,
	0x00,0x00,0x00,0x00,0x00,0x00,0x00,0x00,0x00,0x00,0x03,0x02,0x00,0x00,0x00,0x00,
	0x00,0x00,0x00,0x00,0x00,0x00,0x00,0x00,0x00,0x00,0x00,0x00,0x00,0x00,0x00,0x00,
	0x00,0x00,0x00,0x24,0x00,0x00,0x00,0x00,0x00,0x00,0x00,0x02,0x00,0x00,0x00,0x02,
	0x50,0x05,0x00,0x00,0x00,0x00,0x00,0x00,0x00,0x00,0x00,0x00,0x00,0x00,0xca,0x68,
	0xc1,0x6d,0x38,0xa4,0x39,0x0c,0xbd,0x9c,0x14,0x70,0xea,0x44,0x51,0x42,0x88,0x53,
	0xd3,0x04,0xd4,0x1b,0x23,0x35,0xa5,0x31,0xc8,0x91,0x75,0x1b,0x97,0xb1,0x01,0x00,
	0x00,0x40,0x00,0x02,0x50,0x05,0x00,0x00,0x00,0x00,0x00,0x00,0x00,0x00,0x00,0x00,
	0x00,0x00,0x05,0x8b,0xba,0xfb,0x7c,0xeb,0x5b,0xdb,0x84,0x0a,0xba,0xaf,0x00,0x00,
	0x00,0x00,0x0c,0x00,0x00,0x00,0x01,0x06,0x00,0x00,0x00,0x00,0x00,0x00,0x00,0x00,
	0x00,0x00,0x00,0x00,0x00,0x00,0x00,0x00,0x00,0x00,0x00,0x00,0x00,0x00,0x74,0x31,
	0xae,0xcb,0x58,0xe4,0xa1,0xaf,0xd7,0x14,0x84,0xb8,0xfe,0xdc,0x1c,0x7e,0x16,0x30,
	0xfb,0x4d,0xcc,0xd6,0xb9,0x28,0x52,0x89,0xf9,0xad,0x43,0x81,0xd5,0x92,0x44,0xcc,
	0x8c,0x65,0x2f,0x94,0x01,0x96,0x46,0xce,0x39,0x92,0x1a,0x17,0x03,0x03,0x00,0x2d,
	0x00,0x00,0x00,0x00,0x00,0x00,0x00,0x00,0x02,0x00,0x00,0x00,0x00,0x00,0x00,0x00,
	0x00,0x00,0x00,0x00,0x00,0x00,0x00,0x00,0x00,0x00,0x00,0x00,0x00,0x00,0x00,0x00,
	0x00,0x00,0x00,0x00,0x00,0x00,0x00,0x00,0x03,0x03,0x00,0x00,0x00,0x00,0x00,0x00,
	0x00,0x00,0x00,0x00,0x00,0x00,0x00,0x00,0x00,0x00,0x00,0x00,0x00,0x00,0x00,0x00,
	0x08,0x00,0x00,0x18,0x00,0x00,0x00,0x00,0x00,0x00,0x00,0x00,0x02,0x00,0x00,0x00,
	0x00,0x00,0x00,0x00,0x00,0x00,0x00,0x00,0x00,0x00,0x00,0x00,0x00,0x00,0x00,0x00,
	0x00,0x00,0x00,0x00,0x00,0x00,0x00,0x00,0x00,0x00,0x00,0x00,0x03,0x03,0x00,0x00,
	0x00,0x00,0x00,0x00,0x00,0x00,0x00,0x00,0x00,0x00,0x00,0x00,0x00,0x00,0x00,0x00,
	0x00,0x00,0x00,0x00,0x00,0x16,0x00,0x0a,0x00,0x12,0x00,0x10,0x11,0xec,0x00,0x1d,
	0x00,0x17,0x00,0x1e,0x00,0x18,0x00,0x19,0x01,0x00,0x01,0x01,0x01,0x00,0x00,0x40,
	0x00,0x02,0x50,0x05,0x00,0x00,0x00,0x00,0x00,0x00,0x00,0x00,0x00,0x00,0x00,0x00,
	0x05,0x8b,0xba,0xfb,0x7c,0xeb,0x5b,0xdb,0x84,0x0a,0xba,0xae,0x00,0x00,0x00,0x00,
	0x0c,0x00,0x00,0x00,0x01,0x06,0x00,0x00,0x00,0x00,0x00,0x00,0x00,0x00,0x00,0x00,
	0x00,0x00,0x00,0x00,0x00,0x00,0x00,0x00,0x00,0x00,0x00,0x00,0x74,0x66,0x99,0x5d,
	0xe9,0xe1,0xe9,0xb0,0xd3,0xa2,0x97,0xbb,0x80,0x5c,0x0e,0x5d,0x31,0xc2,0xd6,0x04,
	0x77,0xf6,0x35,0x89,0xe7,0x6f,0x53,0x3a,0xed,0x5e,0xd8,0xe1,0xfa,0xb7,0x65,0x8f,
	0x9b,0x99,0x29,0xa9,0x33,0x50,0xaa,0x63,0x23,0xb6,0xa5,0xfa,0x70,0xa4,0xa9,0xba,
	0x82,0x83,0xb6,0xaa,0x8c,0xf1,0xf8,0xd7,0xb6,0xc5,0x08,0x55,0x17,0x03,0x03,0x01,
	0xc7,0x00,0x00,0x00,0x00,0x00,0x00,0x00,0x00,0x00,0x00,0x00,0x00,0x00,0x00,0x00,
	0x00,0x00,0x00,0x00,0x00,0x00,0x00,0x00,0x00,0x00,0x00,0x00,0x00,0x00,0x00,0x00,
	0x00,0x00,0x00,0x00,0x00,0x00,0x00,0x00,0x00,0x03,0x02,0x00,0x00,0x00,0x00,0x00,
	0x00,0x00,0x00,0x00,0x00,0x00,0x00,0x00,0x00,0x00,0x00,0x00,0x00,0x00,0x00,0x00,
	0x00,0x12,0x41,0x00,0x01,0x00,0x00,0x00,0x00,0x00,0x00,0x00,0x00,0x00,0x00,0x00,
	0x00,0x00,0x00,0x00,0x00,0x00,0x00,0x00,0x00,0x00,0x00,0x00,0x00,0x04,0xf9,0x2a,
	0xfb,0x35,0xb1,0xb9,0x46,0xba,0x7f,0x56,0x9b,0xf8,0xdb,0x48,0x9e,0xd1,0x0c,0x56,
	0xe9,0xe9,0x82,0x98,0xb7,0xf6,0x98,0x4f,0x52,0xb6,0xe3,0xa9,0x48,0xf8,0x3d,0x72,
	0xe6,0x5f,0x53,0x47,0xb5,0xe9,0x7a,0x32,0x40,0x7f,0x96,0xb4,0x37,0xfa,0xbe,0x12,
	0x0a,0xef,0x77,0x74,0x25,0xa3,0x0f,0x1f,0x15,0xcf,0x13,0x55,0x2b,0x02,0x00,0x00,
	0x40,0x00,0x00,0x00,0x00,0x00,0x00,0x00,0x00,0x00,0x00,0x00,0x00,0x00,0x00,0x00,
	0x00,0x00,0x00,0x00,0x00,0x00,0x00,0x00,0x00,0x00,0x00,0x00,0x00,0x00,0x00,0x00,
	0x00,0x00,0x00,0x00,0x00,0x04,0x02,0x00,0x00,0x00,0x00,0x00,0x00,0x00,0x00,0x00,
	0x00,0x00,0x00,0x00,0x00,0x00,0x00,0x00,0x00,0x00,0x00,0x00,0x00,0x00,0x00,0x00,
	0x00,0x09,0x00,0x00,0x02,0x00,0x00,0x00,0x00,0x00,0x00,0x00,0x00,0x00,0x00,0x00,
	0x00,0x00,0x00,0x00,0x00,0x00,0x00,0x00,0x00,0x00,0x00,0x00,0x00,0x00,0x00,0x00,
	0x00,0x00,0x00,0x00,0x00,0x00,0x03,0x00,0x00,0x00,0x00,0x00,0x00,0x00,0x00,0x00,
	0x00,0x00,0x00,0x00,0x00,0x00,0x00,0x00,0x00,0x00,0x00,0x00,0x00,0x30,0x82,0x01,
	0x4c,0x02,0x14,0x4a,0x2b,0xeb,0x97,0x0d,0x4b,0x37,0x66,0x46,0x94,0x2c,0x25,0x94,
	0x36,0x37,0xd3,0xc4,0xa6,0x93,0xd1,0x30,0x0a,0x06,0x08,0x2a,0x86,0x48,0xce,0x3d,
	0x04,0x03,0x02,0x30,0x52,0x31,0x0b,0x30,0x09,0x06,0x03,0x55,0x04,0x06,0x13,0x02,
	0x41,0x55,0x31,0x13,0x30,0x11,0x06,0x03,0x55,0x04,0x08,0x0c,0x0a,0x00,0x00,0x00,
	0x00,0x00,0x00,0x00,0x00,0x00,0x00,0x00,0x00,0x00,0x00,0x00,0x00,0x00,0x00,0x00,
	0x00,0x00,0x00,0x00,0x00,0x00,0x00,0x00,0x00,0x00,0x00,0x00,0x00,0x00,0x00,0x00,
	0x00,0x00,0x00,0x00,0x00,0x03,0x02,0x00,0x00,0x00,0x00,0x00,0x00,0x00,0x00,0x00,
	0x00,0x00,0x00,0x00,0x00,0x00,0x00,0x00,0x00,0x00,0x00,0x00,0x00,0x12,0x41,0x00,
	0x00,0x00,0x00,0x00,0x00,0x00,0x28,0x00,0x00,0x00,0x06,0x00,0x06,0x00,0x00,0x00,
	0x00,0x00,0x00,0x00,0x00,0x00,0x00,0x00,0x00,0x04,0x2f,0xe5,0xdc,0xdb,0xfe,0x2b,
	0x9d,0x4f,0xa6,0x88,0x2c,0xac,0x8f,0x1a,0x6f,0xa5,0x5f,0xec,0x7a,0xf9,0x9c,0xc2,
	0xe2,0x84,0xec,0x75,0x1c,0x6f,0xa9,0x1f,0xe4,0x2e,0xf1,0x16,0xf9,0x79,0x18,0xcb,
	0x3f,0xb2,0x9b,0xa7,0x23,0x41,0xd9,0x7d,0x08,0x4e,0x39,0xd3,0x51,0x61,0xe6,0x8b,
	0xf4,0xe2,0xfb,0xdf,0x71,0xc7,0x5b,0x21,0xf8,0x02,0x00,0x00,0x40,0x00,0x06,0x00,
	0x06,0x00,0x00,0x00,0x00,0x00,0x00,0x00,0x00,0x00,0x00,0x00,0x00,0x00,0x00,0x00,
	0x00,0x00,0x00,0x00,0x00,0x00,0x00,0x00,0x00,0x00,0x00,0x00,0x00,0x00,0x00,0x00,
	0x00,0x03,0x07,0x00,0x00,0x00,0x00,0x00,0x00,0x00,0x00,0x00,0x00,0x00,0x00,0x00,
	0x00,0x00,0x00,0x00,0x00,0x00,0x00,0x00,0x00,0x09,0xa4,0xec,0x18,0x3e,0x73,0x8e,
	0xa8,0xda,0x0b,0x52,0xa3,0x67,0x4b,0x12,0x59,0xa1,0x3a,0x26,0x1a,0x94,0xb5,0x82,
	0x32,0xec,0xdf,0x7a,0xd1,0x59,0x89,0x48,0x6c,0x63,0xab,0x7d,0x85,0x83,0x64,0xdc,
	0xaf,0x94,0x78,0x55,0x02,0x22,0x30,0x04,0x09,0x4e,0x91,0xd8,0x66,0xbf,0xea,0x79,
	0xf4,0xde,0x34,0x6c,0xdc,0x19,0x8e,0xe0,0x94,0x29,0x7d,0x5e,0xb2,0xda,0x09,0x5f,
	0x0e,0x92,0x25,0xe4,0xc6,0xf9,0xe3,0x34,0x45,0x49,0x67,0x04,0xa5,0xeb,0xf9,0xbd,
	0xea,0x6e,0xbf,0x9d,0x67,0x62,0xfe,0x44,0x6b,0x02,0x00,0x00,0x40,0x00,0x00,0x00,
	0x00,0x00,0x00,0x00,0x00,0x00,0x00,0x00,0x00,0x00,0x00,0x00,0x00,0x00,0x00,0x00,
	0x00,0x00,0x00,0x00,0x00,0x00,0x00,0x00,0x00,0x00,0x00,0x00,0x00,0x00,0x00,0x00,
	0x00,0x04,0x02,0x00,0x00,0x00,0x00,0x00,0x00,0x00,0x00,0x00,0x00,0x00,0x00,0x00,
	0x00,0x00,0x00,0x00,0x00,0x00,0x00,0x00,0x00,0x00,0x00,0x00,0x00,0x00,0x00,0x00,
	0x00,0x02,0x00,0x00,0x00,0x00,0x00,0x00,0x00,0x00,0x00,0x00,0x00,0x00,0x00,0x00,
	0x00,0x00,0x00,0x00,0x00,0x00,0x00,0x00,0x00,0x00,0x00,0x00,0x00,0x00,0x00,0x00,
	0x00,0x03,0x03,0x00,0x00,0x00,0x00,0x00,0x00,0x00,0x00,0x00,0x00,0x00,0x00,0x00,
	0x00,0x00,0x00,0x00,0x00,0x00,0x00,0x00,0x00,0x0b,0x00,0x01,0xb2,0x00,0x00,0x00,
	0x00,0x00,0x00,0x00,0x00,0x02,0x00,0x00,0x00,0x00,0x00,0x00,0x00,0x00,0x00,0x00,
	0x00,0x00,0x00,0x00,0x00,0x00,0x00,0x00,0x00,0x00,0x00,0x00,0x00,0x00,0x00,0x00,
	0x00,0x00,0x00,0x00,0x00,0x03,0x03,0x00,0x00,0x00,0x00,0x00,0x00,0x00,0x00,0x00,
	0x00,0x00,0x00,0x00,0x00,0x00,0x00,0x00,0x00,0x00,0x00,0x00,0x00,0x00,0x00,0x01,
	0xae,0x00,0x01,0xa9,0x30,0x82,0x01,0xa5,0x30,0x82,0x01,0x4c,0x02,0x14,0x4a,0x2b,
	0xeb,0x97,0x0d,0x4b,0x37,0x66,0x46,0x94,0x2c,0x25,0x94,0x36,0x37,0xd3,0xc4,0xa6,
	0x93,0xd1,0x30,0x0a,0x06,0x08,0x2a,0x86,0x48,0xce,0x3d,0x04,0x03,0x02,0x30,0x52,
	0x31,0x0b,0x30,0x09,0x06,0x03,0x55,0x04,0x06,0x13,0x02,0x41,0x55,0x01,0x00,0x00,
	0x40,0x00,0x02,0x50,0x05,0x00,0x00,0x00,0x00,0x00,0x00,0x00,0x00,0x00,0x00,0x00,
	0x00,0x05,0x8b,0xba,0xfb,0x7c,0xeb,0x5b,0xdb,0x84,0x0a,0xba,0xad,0x00,0x00,0x00,
	0x00,0x0c,0x00,0x00,0x00,0x01,0x06,0x00,0x00,0x00,0x00,0x00,0x00,0x00,0x00,0x00,
	0x00,0x00,0x00,0x00,0x00,0x00,0x00,0x00,0x00,0x00,0x00,0x00,0x00,0x16,0x07,0xcd,
	0x0a,0x96,0xb1,0x73,0x56,0x32,0x22,0x65,0xa7,0xc4,0xd7,0x5c,0x47,0xc2,0x64,0x91,
	0x54,0x50,0xa5,0x52,0x66,0xd7,0x99,0x73,0x26,0x0b,0xb0,0xd1,0x32,0xb9,0x68,0xeb,
	0x69,0x1d,0x59,0xc2,0x7b,0x45,0x5d,0x6d,0xbb,0xf4,0xc2,0x9c,0x28,0x27,0x4c,0x14,
	0x8d,0xe3,0x83,0xb7,0x9c,0x33,0x4a,0xc4,0x27,0x01,0xa5,0xab,0x07,0x17,0x03,0x03,
	0x00,0x5f,0x00,0x00,0x00,0x00,0x00,0x00,0x00,0x00,0x02,0x00,0x00,0x00,0x00,0x00,
	0x00,0x00,0x00,0x00,0x00,0x00,0x00,0x00,0x00,0x00,0x00,0x00,0x00,0x00,0x00,0x00,
	0x00,0x00,0x00,0x00,0x00,0x00,0x00,0x00,0x00,0x00,0x04,0x03,0x00,0x00,0x00,0x00,
	0x00,0x00,0x00,0x00,0x00,0x00,0x00,0x00,0x00,0x00,0x00,0x00,0x00,0x00,0x00,0x00,
	0x00,0x00,0x00,0x00,0x00,0x00,0x00,0x00,0x00,0x00,0x00,0x00,0x00,0x00,0x03,0x00,
	0x00,0x00,0x00,0x00,0x00,0x00,0x00,0x00,0x00,0x00,0x00,0x00,0x00,0x00,0x00,0x00,
	0x00,0x00,0x00,0x00,0x00,0x00,0x00,0x00,0x00,0x00,0x00,0x00,0x00,0x00,0x05,0x03,
	0x00,0x00,0x00,0x00,0x00,0x00,0x00,0x00,0x00,0x00,0x00,0x00,0x00,0x00,0x00,0x00,
	0x00,0x00,0x00,0x00,0x00,0x00,0x00,0x00,0x00,0x00,0x09,0x00,0x00,0x02,0x00,0x00,
	0x00,0x00,0x00,0x00,0x00,0x00,0x00,0x00,0x00,0x00,0x00,0x00,0x00,0x00,0x00,0x00,
	0x00,0x00,0x00,0x00,0x00,0x00,0x00,0x00,0x00,0x00,0x00,0x00,0x00,0x00,0x00,0x03,
	0x00,0x00,0x00,0x00,0x00,0x00,0x00,0x00,0x00,0x00,0x00,0x00,0x00,0x00,0x00,0x00,
	0x00,0x00,0x00,0x00,0x00,0x00,0x20,0x20,0x20,0x20,0x20,0x20,0x20,0x20,0x20,0x20,
	0x20,0x20,0x20,0x20,0x20,0x20,0x20,0x20,0x20,0x20,0x20,0x20,0x20,0x20,0x20,0x20,
	0x20,0x20,0x20,0x20,0x20,0x20,0x20,0x20,0x20,0x20,0x20,0x20,0x20,0x20,0x20,0x20,
	0x20,0x20,0x20,0x20,0x20,0x20,0x20,0x20,0x20,0x20,0x20,0x20,0x20,0x20,0x20,0x20,
	0x20,0x20,0x20,0x20,0x20,0x20,0x00,0x00,0x00,0x00,0x00,0x00,0x00,0x00,0x00,0x00,
	0x00,0x00,0x00,0x00,0x00,0x00,0x00,0x00,0x00,0x00,0x00,0x00,0x00,0x00,0x00,0x00,
	0x00,0x00,0x00,0x00,0x00,0x00,0x00,0x00,0x00,0x00,0x00,0x00,0x00,0x00,0x03,0x02,
	0x00,0x00,0x00,0x00,0x00,0x00,0x00,0x00,0x00,0x00,0x00,0x00,0x00,0x00,0x00,0x00,
	0x00,0x00,0x00,0x00,0x00,0x00,0x12,0x41,0x00,0x00,0x00,0x00,0x00,0x00,0x00,0x28,
	0x00,0x00,0x00,0x06,0x00,0x06,0x00,0x00,0x00,0x00,0x00,0x00,0x00,0x00,0x00,0x00,
	0x00,0x00,0x04,0xf9,0x2a,0xfb,0x35,0xb1,0xb9,0x46,0xba,0x7f,0x56,0x9b,0xf8,0xdb,
	0x48,0x9e,0xd1,0x0c,0x56,0xe9,0xe9,0x82,0x98,0xb7,0xf6,0x98,0x4f,0x52,0xb6,0xe3,
	0xa9,0x48,0xf8,0x3d,0x72,0xe6,0x5f,0x53,0x47,0xb5,0xe9,0x7a,0x32,0x40,0x7f,0x96,
	0xb4,0x37,0xfa,0xbe,0x12,0x0a,0xef,0x77,0x74,0x25,0xa3,0x0f,0x1f,0x15,0xcf,0x13,
	0x55,0x2b,0x02,0x00,0x00,0x40,0x00,0x06,0x00,0x06,0x00,0x00,0x00,0x00,0x00,0x00,
	0x00,0x00,0x00,0x00,0x00,0x00,0x00,0x00,0x00,0x00,0x00,0x00,0x00,0x00,0x00,0x00,
	0x00,0x00,0x00,0x00,0x00,0x00,0x00,0x00,0x00,0x00,0x03,0x07,0x00,0x00,0x00,0x00,
	0x00,0x00,0x00,0x00,0x00,0x00,0x00,0x00,0x00,0x00,0x00,0x00,0x00,0x00,0x00,0x00,
	0x00,0x00,0x1f,0xf5,0xb9,0x77,0x26,0x75,0x04,0x57,0x01,0x48,0x91,0x59,0x4d,0xd6,
	0xc7,0x7a,0xb3,0xce,0xe5,0x11,0xf9,0xbc,0xda,0x58,0xff,0x5f,0x5c,0xc4,0xd0,0x2f,
	0xa8,0x20,0x76,0x49,0xa4,0x4b,0x9e,0xab,0x6c,0xeb,0x6d,0x27,0xd0,0x05,0xcb,0x99,
	0x3b,0xe8,0x76,0x53,0x4c,0xa9,0xb3,0xfe,0x6e,0x49,0xb8,0xc3,0x24,0x6b,0x5b,0xd1,
	0x88,0x55,0x1b,0xcf,0xd6,0xf7,0x37,0x69,0x24,0x7a,0x13,0x50,0xdc,0x23,0xd2,0x7d,
	0x72,0x6e,0x01,0x4f,0xc8,0x48,0xa8,0xc0,0xcd,0x91,0xec,0x50,0xc7,0xb8,0x04,0x30,
	0x3f,0xef,0x02,0x00,0x00,0x40,0x00,0x00,0x00,0x00,0x00,0x00,0x00,0x00,0x00,0x00,
	0x00,0x00,0x00,0x00,0x00,0x00,0x00,0x00,0x00,0x00,0x00,0x00,0x00,0x00,0x00,0x00,
	0x00,0x00,0x00,0x00,0x00,0x00,0x00,0x00,0x00,0x00,0x04,0x02,0x00,0x00,0x00,0x00,
	0x00,0x00,0x00,0x00,0x00,0x00,0x00,0x00,0x00,0x00,0x00,0x00,0x00,0x00,0x00,0x00,
	0x00,0x00,0x00,0x00,0x00,0x00,0x00,0x00,0x00,0x00,0x02,0x00,0x00,0x00,0x00,0x00,
	0x00,0x00,0x00,0x00,0x00,0x00,0x00,0x00,0x00,0x00,0x00,0x00,0x00,0x00,0x00,0x00,
	0x00,0x00,0x00,0x00,0x00,0x00,0x00,0x00,0x00,0x00,0x03,0x03,0x00,0x00,0x00,0x00,
	0x00,0x00,0x00,0x00,0x00,0x00,0x00,0x00,0x00,0x00,0x00,0x00,0x00,0x00,0x00,0x00,
	0x00,0x00,0x0f,0x00,0x00,0x4a,0x00,0x00,0x00,0x00,0x00,0x00,0x00,0x00,0x02,0x00,
	0x00,0x00,0x00,0x00,0x00,0x00,0x00,0x00,0x00,0x00,0x00,0x00,0x00,0x00,0x00,0x00,
	0x00,0x00,0x00,0x00,0x00,0x00,0x00,0x00,0x00,0x00,0x00,0x00,0x00,0x00,0x03,0x03,
	0x00,0x00,0x00,0x00,0x00,0x00,0x00,0x00,0x00,0x00,0x00,0x00,0x00,0x00,0x00,0x00,
	0x00,0x00,0x00,0x00,0x00,0x00,0x04,0x03,0x00,0x46,0x30,0x44,0x02,0x20,0x76,0x49,
	0xa4,0x4b,0x9e,0xab,0x6c,0xeb,0x6d,0x27,0xd0,0x05,0xcb,0x99,0x3b,0xe8,0x76,0x53,
	0x4c,0xa9,0xb3,0xfe,0x6e,0x49,0xb8,0xc3,0x24,0x6b,0x5b,0xd1,0x88,0x55,0x02,0x20,
	0x1b,0xcf,0xd6,0xf7,0x37,0x69,0x24,0x7a,0x13,0x50,0xdc,0x23,0xd2,0x7d,0x72,0x6e,
	0x01,0x4f,0xc8,0x48,0xa8,0xc0,0x01,0x00,0x00,0x40,0x00,0x02,0x50,0x05,0x00,0x00,
	0x00,0x00,0x00,0x00,0x00,0x00,0x00,0x00,0x00,0x00,0x05,0x8b,0xba,0xfb,0x7c,0xeb,
	0x5b,0xdb,0x84,0x0a,0xba,0xac,0x00,0x00,0x00,0x00,0x0c,0x00,0x00,0x00,0x01,0x06,
	0x00,0x00,0x00,0x00,0x00,0x00,0x00,0x00,0x00,0x00,0x00,0x00,0x00,0x00,0x00,0x00,
	0x00,0x00,0x00,0x00,0x00,0x00,0x2d,0x4c,0x91,0x98,0x59,0x50,0x8c,0x58,0x30,0x05,
	0x05,0x8f,0x67,0x1e,0x95,0xdf,0x99,0xb5,0xd6,0x31,0xc5,0xc8,0x25,0xd0,0x06,0xe7,
	0x9d,0x13,0x86,0xdf,0xf5,0xb5,0x71,0xa9,0x29,0xd3,0xf9,0x5a,0x48,0xa4,0x98,0x18,
	0xd6,0xcf,0x6a,0xb8,0xd7,0x67,0x2e,0xac,0xe7,0x1d,0xe8,0xfc,0x21,0x53,0xad,0xc6,
	0x16,0x70,0x4f,0x1a,0xb5,0x21,0x17,0x03,0x03,0x00,0x45,0x00,0x00,0x00,0x00,0x00,
	0x00,0x00,0x00,0x02,0x00,0x00,0x00,0x00,0x00,0x00,0x00,0x00,0x00,0x00,0x00,0x00,
	0x00,0x00,0x00,0x00,0x00,0x00,0x00,0x00,0x00,0x00,0x00,0x00,0x00,0x00,0x00,0x00,
	0x00,0x00,0x00,0x04,0x03,0x00,0x00,0x00,0x00,0x00,0x00,0x00,0x00,0x00,0x00,0x00,
	0x00,0x00,0x00,0x00,0x00,0x00,0x00,0x00,0x00,0x00,0x00,0x00,0x00,0x00,0x00,0x00,
	0x00,0x00,0x00,0x00,0x00,0x00,0x00,0x03,0x00,0x00,0x00,0x00,0x00,0x00,0x00,0x00,
	0x00,0x00,0x00,0x00,0x00,0x00,0x00,0x00,0x00,0x00,0x00,0x00,0x00,0x00,0x00,0x00,
	0x00,0x00,0x00,0x00,0x00,0x00,0x00,0x05,0x03,0x00,0x00,0x00,0x00,0x00,0x00,0x00,
	0x00,0x00,0x00,0x00,0x00,0x00,0x00,0x00,0x00,0x00,0x00,0x00,0x00,0x00,0x00,0x00,
	0x00,0x00,0x00,0x0a,0x05,0x00,0x08,0x00,0x00,0x00,0x00,0x00,0x00,0x00,0x00,0x00,
	0x00,0x00,0x00,0x00,0x00,0x00,0x00,0x00,0x00,0x00,0x00,0x00,0x00,0x00,0x00,0x00,
	0x00,0x00,0x00,0x00,0x00,0x00,0x00,0x01,0x09,0x00,0x00,0x00,0x00,0x00,0x00,0x00,
	0x00,0x00,0x00,0x00,0x00,0x00,0x00,0x00,0x00,0x00,0x00,0x00,0x00,0x00,0x00,0x00,
	0x00,0x00,0x00,0x00,0x00,0x00,0x00,0x03,0x00,0x00,0x00,0x00,0x00,0x00,0x00,0x00,
	0x00,0x00,0x00,0x00,0x00,0x00,0x00,0x00,0x00,0x00,0x00,0x00,0x00,0x00,0x00,0x00,
	0x00,0x00,0x00,0x00,0x00,0x00,0x00,0x04,0x09,0x01,0x01,0x00,0x00,0x00,0x00,0x00,
	0x00,0x00,0x00,0x00,0x00,0x00,0x00,0x00,0x00,0x00,0x00,0x00,0x00,0x00,0x00,0x2e,
	0x5c,0x81,0xcc,0xde,0x71,0xdf,0x51,0x23,0x7e,0xa5,0x4e,0x7c,0x9c,0xc3,0x18,0xbc,
	0x30,0xd1,0xd3,0xd3,0x9c,0x57,0x6a,0xdb,0xdd,0xba,0xd4,0x52,0x92,0x11,0x89,0x45,
	0x7a,0xee,0x96,0x01,0x2f,0xe7,0x4d,0x68,0x91,0x98,0xe6,0x2a,0x51,0x07,0xb6,0x00,
	0x00,0x00,0x00,0x00,0x00,0x00,0x00,0x03,0x00,0x00,0x00,0x00,0x00,0x00,0x00,0x00,
	0x00,0x00,0x00,0x00,0x00,0x00,0x00,0x00,0x00,0x00,0x00,0x00,0x00,0x00,0x00,0x00,
	0x00,0x00,0x00,0x00,0x00,0x00,0x00,0x04,0x09,0x03,0x02,0x00,0x00,0x00,0x00,0x00,
	0x00,0x00,0x00,0x00,0x00,0x00,0x00,0x00,0x00,0x00,0x00,0x00,0x00,0x00,0x00,0x00,
	0x30,0x0e,0x74,0x6c,0x73,0x31,0x33,0x20,0x66,0x69,0x6e,0x69,0x73,0x68,0x65,0x64,
	0x00,0x00,0x00,0x00,0x00,0x00,0x00,0x00,0x00,0x03,0x00,0x00,0x00,0x00,0x00,0x00,
	0x00,0x00,0x00,0x00,0x00,0x00,0x00,0x00,0x00,0x00,0x00,0x00,0x00,0x00,0x00,0x00,
	0x00,0x00,0x00,0x00,0x00,0x00,0x00,0x00,0x00,0x08,0x09,0x00,0x00,0x00,0x00,0x00,
	0x00,0x00,0x00,0x00,0x00,0x00,0x00,0x00,0x00,0x00,0x00,0x00,0x00,0x00,0x00,0x00,
	0x00,0x00,0x00,0x00,0x00,0x00,0x00,0x00,0x00,0x03,0x00,0x00,0x00,0x00,0x00,0x00,
	0x00,0x00,0x00,0x00,0x00,0x00,0x00,0x00,0x00,0x00,0x00,0x00,0x00,0x00,0x00,0x00,
	0x00,0x00,0x00,0x00,0x00,0x00,0x00,0x00,0x00,0x0a,0x09,0x00,0x00,0x00,0x00,0x00,
	0x00,0x00,0x00,0x00,0x00,0x00,0x00,0x00,0x00,0x00,0x00,0x00,0x00,0x00,0x00,0x00,
	0x00,0x00,0x00,0x00,0x00,0x00,0x00,0x00,0x00,0x00,0x00,0x00,0x00,0x00,0x00,0x00,
	0x00,0x00,0x00,0x00,0x00,0x00,0x00,0x00,0x00,0x00,0x00,0x00,0x00,0x00,0x00,0x00,
	0x00,0x00,0x00,0x00,0x00,0x00,0x00,0x00,0x00,0x03,0x02,0x00,0x00,0x00,0x00,0x00,
	0x00,0x00,0x00,0x00,0x00,0x00,0x00,0x00,0x00,0x00,0x00,0x00,0x00,0x00,0x00,0x00,
	0x00,0x00,0x11,0x00,0x00,0x00,0x00,0x00,0x00,0x00,0x04,0x00,0x00,0x0a,0x00,0x80,
	0x03,0x00,0x00,0x00,0x00,0x00,0x00,0x00,0x00,0x00,0x00,0x00,0x00,0x41,0xfa,0x0f,
	0xfc,0x62,0x85,0x36,0xc4,0x2f,0xf5,0x67,0x94,0x07,0xdb,0x6c,0xc5,0x4e,0x54,0x57,
	0xed,0xed,0xb1,0x26,0xc2,0x02,0x54,0x46,0x9a,0x8f,0x6c,0xe3,0xf2,0x89,0x3f,0x31,
	0x6f,0xae,0x0b,0x81,0xf3,0x21,0x1d,0xf3,0x51,0x7c,0x4d,0x43,0xa5,0x02,0x00,0x00,
	0x40,0x0a,0x00,0x80,0x03,0x00,0x00,0x00,0x00,0x00,0x00,0x00,0x00,0x00,0x00,0x00,
	0x00,0x00,0x00,0x00,0x00,0x00,0x00,0x00,0x00,0x00,0x00,0x00,0x00,0x00,0x00,0x00,
	0x00,0x00,0x00,0x00,0x00,0x00,0x04,0x00,0x00,0x00,0x00,0x00,0x00,0x00,0x00,0x00,
	0x00,0x00,0x00,0x00,0x00,0x00,0x00,0x00,0x00,0x00,0x00,0x00,0x00,0x9d,0x29,0x4e,
	0x68,0x23,0x30,0x84,0x68,0x50,0xee,0xf8,0x47,0xb2,0x33,0x14,0xeb,0xfb,0x8e,0x2d,
	0x35,0xf4,0x21,0xd0,0xd6,0x39,0x83,0x97,0xdb,0x2c,0x80,0x0b,0x49,0x29,0xbb,0x59,
	0x9a,0x97,0xf3,0xf3,0x37,0xea,0x8a,0x20,0x63,0x49,0xe8,0x30,0xc1,0x02,0x00,0x00,
	0x40,0x00,0x00,0x00,0x00,0x00,0x00,0x00,0x00,0x00,0x00,0x00,0x00,0x00,0x00,0x00,
	0x00,0x00,0x00,0x00,0x00,0x00,0x00,0x00,0x00,0x00,0x00,0x00,0x00,0x00,0x00,0x00,
	0x00,0x00,0x00,0x00,0x00,0x04,0x02,0x00,0x00,0x00,0x00,0x00,0x00,0x00,0x00,0x00,
	0x00,0x00,0x00,0x00,0x00,0x00,0x00,0x00,0x00,0x00,0x00,0x00,0x00,0x00,0x00,0x00,
	0x00,0x00,0x00,0x00,0x00,0x02,0x00,0x00,0x00,0x00,0x00,0x00,0x00,0x00,0x00,0x00,
	0x00,0x00,0x00,0x00,0x00,0x00,0x00,0x00,0x00,0x00,0x00,0x00,0x00,0x00,0x00,0x00,
	0x00,0x00,0x00,0x00,0x00,0x03,0x03,0x00,0x00,0x00,0x00,0x00,0x00,0x00,0x00,0x00,
	0x00,0x00,0x00,0x00,0x00,0x00,0x00,0x00,0x00,0x00,0x00,0x00,0x00,0x14,0x00,0x00,
	0x30,0x00,0x00,0x00,0x00,0x00,0x00,0x00,0x00,0x02,0x00,0x00,0x00,0x00,0x00,0x00,
	0x00,0x00,0x00,0x00,0x00,0x00,0x00,0x00,0x00,0x00,0x00,0x00,0x00,0x00,0x00,0x00,
	0x00,0x00,0x00,0x00,0x00,0x00,0x00,0x00,0x00,0x03,0x03,0x00,0x00,0x00,0x00,0x00,
	0x00,0x00,0x00,0x00,0x00,0x00,0x00,0x00,0x00,0x00,0x00,0x00,0x00,0x00,0x00,0x00,
	0x00,0xad,0x35,0xb7,0x4f,0x92,0x77,0x25,0x7c,0x2c,0xc0,0xf0,0x7a,0xcc,0x54,0xd6,
	0x48,0x07,0x44,0x35,0xd2,0x02,0xc9,0x46,0x3f,0x2d,0xb8,0xa7,0x84,0xaf,0x6f,0x9e,
	0x52,0x99,0xa2,0x5f,0xeb,0x91,0xf6,0x7c,0xac,0xda,0xa7,0x13,0xc4,0xc1,0x0e,0x55,
	0x95,0x00,0x00,0x00,0x00,0x0a,0x00,0x00,0x02,0x00,0x00,0x00,0x00,0x00,0x00,0x00,
	0x00,0x00,0x00,0x00,0x00,0x00,0x00,0x00,0x00,0x00,0x00,0x00,0x00,0x00,0x00,0x00,
	0x00,0x00,0x00,0x00,0x00,0x00,0x00,0x00,0x00,0x00,0x03,0x00,0x00,0x00,0x00,0x00,
	0x00,0x00,0x00,0x00,0x00,0x00,0x00,0x00,0x00,0x00,0x00,0x00,0x00,0x00,0x00,0x00,
	0x00,0x00,0x00,0x00,0x00,0x0a,0x05,0x00,0x08,0x00,0x00,0x00,0x00,0x00,0x00,0x00,
	0x00,0x00,0x00,0x00,0x00,0x00,0x00,0x00,0x00,0x00,0x00,0x00,0x00,0x00,0x00,0x00,
	0x00,0x00,0x00,0x00,0x00,0x00,0x00,0x00,0x00,0x01,0x09,0x00,0x00,0x00,0x00,0x00,
	0x00,0x00,0x00,0x00,0x00,0x00,0x00,0x00,0x00,0x00,0x00,0x00,0x00,0x00,0x00,0x00,
	0x00,0x00,0x00,0x00,0x00,0x00,0x00,0x00,0x00,0x03,0x00,0x00,0x00,0x00,0x00,0x00,
	0x00,0x00,0x00,0x00,0x00,0x00,0x00,0x00,0x00,0x00,0x00,0x00,0x00,0x00,0x00,0x00,
	0x00,0x00,0x00,0x00,0x00,0x00,0x00,0x00,0x00,0x04,0x09,0x01,0x01,0x00,0x00,0x00,
	0x00,0x00,0x00,0x00,0x00,0x00,0x00,0x00,0x00,0x00,0x00,0x00,0x00,0x00,0x00,0x00,
	0x00,0x02,0x3c,0x84,0xb3,0x77,0x39,0x9e,0x66,0x67,0xbf,0x63,0x03,0x0c,0x87,0xa7,
	0xc9,0x08,0x05,0x74,0xf0,0x88,0xa7,0xd2,0x72,0x68,0xf7,0x61,0x56,0x19,0xa4,0xf7,
	0xc5,0xf8,0xdb,0x50,0x01,0x5c,0xca,0x9d,0x9b,0x19,0x54,0x0f,0x7a,0x6c,0x1d,0xda,
	0x50,0x00,0x00,0x00,0x00,0x00,0x00,0x00,0x00,0x03,0x00,0x00,0x00,0x00,0x00,0x00,
	0x00,0x00,0x00,0x00,0x00,0x00,0x00,0x00,0x00,0x00,0x00,0x00,0x00,0x00,0x00,0x00,
	0x00,0x00,0x00,0x00,0x00,0x00,0x00,0x00,0x00,0x04,0x09,0x03,0x02,0x00,0x00,0x00,
	0x00,0x00,0x00,0x00,0x00,0x00,0x00,0x00,0x00,0x00,0x00,0x00,0x00,0x00,0x00,0x00,
	0x00,0x00,0x30,0x0d,0x74,0x6c,0x73,0x31,0x33,0x20,0x64,0x65,0x72,0x69,0x76,0x65,
	0x64,0x30,0x38,0xb0,0x60,0xa7,0x51,0xac,0x96,0x38,0x4c,0xd9,0x32,0x7e,0xb1,0xb1,
	0xe3,0x6a,0x21,0xfd,0xb7,0x11,0x14,0xbe,0x07,0x43,0x4c,0x0c,0xc7,0xbf,0x63,0xf6,
	0xe1,0xda,0x27,0x4e,0xde,0xbf,0xe7,0x6f,0x65,0xfb,0xd5,0x1a,0xd2,0xf1,0x48,0x98,
	0xb9,0x00,0x00,0x00,0x00,0x00,0x00,0x00,0x00,0x03,0x00,0x00,0x00,0x00,0x00,0x00,
	0x00,0x00,0x00,0x00,0x00,0x00,0x00,0x00,0x00,0x00,0x00,0x00,0x00,0x00,0x00,0x00,
	0x00,0x00,0x00,0x00,0x00,0x00,0x00,0x00,0x00,0x08,0x09,0x00,0x00,0x00,0x00,0x00,
	0x00,0x00,0x00,0x00,0x00,0x00,0x00,0x00,0x00,0x00,0x00,0x00,0x00,0x00,0x00,0x00,
	0x00,0x00,0x00,0x00,0x00,0x00,0x00,0x00,0x00,0x03,0x00,0x00,0x00,0x00,0x00,0x00,
	0x00,0x00,0x00,0x00,0x00,0x00,0x00,0x00,0x00,0x00,0x00,0x00,0x00,0x00,0x00,0x00,
	0x00,0x00,0x00,0x00,0x00,0x00,0x00,0x00,0x00,0x0a,0x09,0x00,0x00,0x00,0x00,0x00,
	0x00,0x00,0x00,0x00,0x00,0x00,0x00,0x00,0x00,0x00,0x00,0x00,0x00,0x00,0x00,0x00,
	0x00,0x00,0x00,0x00,0x00,0x0a,0x04,0x00,0x08,0x00,0x00,0x00,0x00,0x00,0x00,0x00,
	0x00,0x00,0x00,0x00,0x00,0x00,0x00,0x00,0x00,0x00,0x00,0x00,0x00,0x00,0x00,0x00,
	0x00,0x00,0x00,0x00,0x00,0x00,0x00,0x00,0x00,0x01,0x09,0x00,0x00,0x00,0x00,0x00,
	0x00,0x00,0x00,0x00,0x00,0x00,0x00,0x00,0x00,0x00,0x00,0x00,0x00,0x00,0x00,0x00,
	0x00,0x00,0x00,0x00,0x00,0x00,0x00,0x00,0x00,0x03,0x00,0x00,0x00,0x00,0x00,0x00,
	0x00,0x00,0x00,0x00,0x00,0x00,0x00,0x00,0x00,0x00,0x00,0x00,0x00,0x00,0x00,0x00,
	0x00,0x00,0x00,0x00,0x00,0x00,0x00,0x00,0x00,0x04,0x09,0x02,0x02,0x00,0x00,0x00,
	0x00,0x00,0x00,0x00,0x00,0x00,0x00,0x00,0x00,0x00,0x00,0x00,0x00,0x00,0x00,0x00,
	0x00,0xa4,0x14,0x87,0x1f,0x1c,0x83,0xce,0x68,0xd1,0xdd,0x05,0x7a,0xda,0xe6,0xd2,
	0xa4,0x7b,0x5b,0x30,0xe4,0xd8,0x06,0x06,0x73,0xe4,0xf5,0x31,0x86,0xe6,0x10,0x7b,
	0xb7,0xbf,0x4e,0xfb,0x13,0xfd,0xb8,0xd6,0x1e,0x56,0x50,0x99,0x67,0x22,0x18,0x22,
	0xfb,0x00,0x00,0x00,0x00,0x00,0x00,0x00,0x00,0x03,0x00,0x00,0x00,0x00,0x00,0x00,
	0x00,0x00,0x00,0x00,0x00,0x00,0x00,0x00,0x00,0x00,0x00,0x00,0x00,0x00,0x00,0x00,
	0x00,0x00,0x00,0x00,0x00,0x00,0x00,0x00,0x00,0x04,0x09,0x01,0x01,0x00,0x00,0x00,
	0x00,0x00,0x00,0x00,0x00,0x00,0x00,0x00,0x00,0x00,0x00,0x00,0x00,0x00,0x00,0x00,
	0x00,0x00,0x00,0x00,0x00,0x00,0x00,0x00,0x00,0x00,0x00,0x00,0x00,0x00,0x00,0x00,
	0x00,0x00,0x00,0x00,0x00,0x00,0x00,0x00,0x00,0x00,0x00,0x00,0x00,0x00,0x00,0x00,
	0x00,0x00,0x00,0x00,0x00,0x00,0x00,0x00,0x00,0x00,0x00,0x00,0x00,0x00,0x00,0x00,
	0x00,0x00,0x00,0x00,0x00,0x00,0x00,0x00,0x00,0x03,0x00,0x00,0x00,0x00,0x00,0x00,
	0x00,0x00,0x00,0x00,0x00,0x00,0x00,0x00,0x00,0x00,0x00,0x00,0x00,0x00,0x00,0x00,
	0x00,0x00,0x00,0x00,0x00,0x00,0x00,0x00,0x00,0x08,0x09,0x00,0x00,0x00,0x00,0x00,
	0x00,0x00,0x00,0x00,0x00,0x00,0x00,0x00,0x00,0x00,0x00,0x00,0x00,0x00,0x00,0x00,
	0x00,0x00,0x00,0x00,0x00,0x00,0x00,0x00,0x00,0x03,0x00,0x00,0x00,0x00,0x00,0x00,
	0x00,0x00,0x00,0x00,0x00,0x00,0x00,0x00,0x00,0x00,0x00,0x00,0x00,0x00,0x00,0x00,
	0x00,0x00,0x00,0x00,0x00,0x00,0x00,0x00,0x00,0x0a,0x09,0x00,0x00,0x00,0x00,0x00,
	0x00,0x00,0x00,0x00,0x00,0x00,0x00,0x00,0x00,0x00,0x00,0x00,0x00,0x00,0x00,0x00,
	0x00,0x00,0x00,0x00,0x00,0x00,0x00,0x00,0x00,0x02,0x00,0x00,0x00,0x00,0x00,0x00,
	0x00,0x00,0x00,0x00,0x00,0x00,0x00,0x00,0x00,0x00,0x00,0x00,0x00,0x00,0x00,0x00,
	0x00,0x00,0x00,0x00,0x00,0x00,0x00,0x00,0x00,0x04,0x03,0x00,0x00,0x00,0x00,0x00,
	0x00,0x00,0x00,0x00,0x00,0x00,0x00,0x00,0x00,0x00,0x00,0x00,0x00,0x00,0x00,0x00,
	0x00,0x00,0x00,0x00,0x00,0x00,0x00,0x00,0x00,0x00,0x00,0x00,0x00,0x03,0x00,0x00,
	0x00,0x00,0x00,0x00,0x00,0x00,0x00,0x00,0x00,0x00,0x00,0x00,0x00,0x00,0x00,0x00,
	0x00,0x00,0x00,0x00,0x00,0x00,0x00,0x00,0x00,0x00,0x00,0x00,0x00,0x05,0x03,0x00,
	0x00,0x00,0x00,0x00,0x00,0x00,0x00,0x00,0x00,0x00,0x00,0x00,0x00,0x00,0x00,0x00,
	0x00,0x00,0x00,0x00,0x00,0x00,0x00,0x00,0x00,0x0a,0x05,0x00,0x08,0x00,0x00,0x00,
	0x00,0x00,0x00,0x00,0x00,0x00,0x00,0x00,0x00,0x00,0x00,0x00,0x00,0x00,0x00,0x00,
	0x00,0x00,0x00,0x00,0x00,0x00,0x00,0x00,0x00,0x00,0x00,0x00,0x00,0x01,0x09,0x00,
	0x00,0x00,0x00,0x00,0x00,0x00,0x00,0x00,0x00,0x00,0x00,0x00,0x00,0x00,0x00,0x00,
	0x00,0x00,0x00,0x00,0x00,0x00,0x00,0x00,0x00,0x00,0x00,0x00,0x00,0x03,0x00,0x00,
	0x00,0x00,0x00,0x00,0x00,0x00,0x00,0x00,0x00,0x00,0x00,0x00,0x00,0x00,0x00,0x00,
	0x00,0x00,0x00,0x00,0x00,0x00,0x00,0x00,0x00,0x00,0x00,0x00,0x00,0x04,0x09,0x01,
	0x01,0x00,0x00,0x00,0x00,0x00,0x00,0x00,0x00,0x00,0x00,0x00,0x00,0x00,0x00,0x00,
	0x00,0x00,0x00,0x00,0x00,0x32,0x69,0x33,0x73,0x08,0x69,0x4a,0x7f,0x78,0xe3,0xa5,
	0x58,0x2f,0x76,0x59,0xa6,0x1f,0xc2,0x06,0xd8,0x24,0xb6,0x5b,0x0f,0x28,0x30,0xe6,
	0xf9,0x6e,0x5a,0xa2,0x96,0xf5,0x03,0x5e,0xe0,0x36,0xe7,0x19,0x20,0x0b,0xf1,0x16,
	0x1d,0xb4,0x4b,0xc2,0x25,0x00,0x00,0x00,0x00,0x00,0x00,0x00,0x00,0x03,0x00,0x00,
	0x00,0x00,0x00,0x00,0x00,0x00,0x00,0x00,0x00,0x00,0x00,0x00,0x00,0x00,0x00,0x00,
	0x00,0x00,0x00,0x00,0x00,0x00,0x00,0x00,0x00,0x00,0x00,0x00,0x00,0x04,0x09,0x03,
	0x02,0x00,0x00,0x00,0x00,0x00,0x00,0x00,0x00,0x00,0x00,0x00,0x00,0x00,0x00,0x00,
	0x00,0x00,0x00,0x00,0x00,0x00,0x30,0x12,0x74,0x6c,0x73,0x31,0x33,0x20,0x63,0x20,
	0x61,0x70,0x20,0x74,0x72,0x61,0x66,0x66,0x69,0x63,0x30,0x5f,0x1b,0x07,0x61,0xdf,
	0x7a,0x96,0x6c,0x5b,0x80,0xfc,0x82,0x46,0x01,0xf1,0x5c,0xac,0xb7,0x95,0xbe,0xcc,
	0xaf,0xbf,0x15,0xa7,0x73,0x68,0x7d,0xf7,0x99,0x9f,0x7c,0x1f,0xa9,0xa3,0x34,0x1c,
	0xd7,0xe3,0x70,0x94,0x40,0x00,0x00,0x00,0x00,0x00,0x00,0x00,0x00,0x03,0x00,0x00,
	0x00,0x00,0x00,0x00,0x00,0x00,0x00,0x00,0x00,0x00,0x00,0x00,0x00,0x00,0x00,0x00,
	0x00,0x00,0x00,0x00,0x00,0x00,0x00,0x00,0x00,0x00,0x00,0x00,0x00,0x08,0x09,0x00,
	0x00,0x00,0x00,0x00,0x00,0x00,0x00,0x00,0x00,0x00,0x00,0x00,0x00,0x00,0x00,0x00,
	0x00,0x00,0x00,0x00,0x00,0x00,0x00,0x00,0x00,0x00,0x00,0x00,0x00,0x03,0x00,0x00,
	0x00,0x00,0x00,0x00,0x00,0x00,0x00,0x00,0x00,0x00,0x00,0x00,0x00,0x00,0x00,0x00,
	0x00,0x00,0x00,0x00,0x00,0x00,0x00,0x00,0x00,0x00,0x00,0x00,0x00,0x0a,0x09,0x00,
	0x00,0x00,0x00,0x00,0x00,0x00,0x00,0x00,0x00,0x00,0x00,0x00,0x00,0x00,0x00,0x00,
	0x00,0x00,0x00,0x00,0x00,0x00,0x00,0x00,0x00,0x0a,0x05,0x00,0x08,0x00,0x00,0x00,
	0x00,0x00,0x00,0x00,0x00,0x00,0x00,0x00,0x00,0x00,0x00,0x00,0x00,0x00,0x00,0x00,
	0x00,0x00,0x00,0x00,0x00,0x00,0x00,0x00,0x00,0x00,0x00,0x00,0x00,0x01,0x09,0x00,
	0x00,0x00,0x00,0x00,0x00,0x00,0x00,0x00,0x00,0x00,0x00,0x00,0x00,0x00,0x00,0x00,
	0x00,0x00,0x00,0x00,0x00,0x00,0x00,0x00,0x00,0x00,0x00,0x00,0x00,0x03,0x00,0x00,
	0x00,0x00,0x00,0x00,0x00,0x00,0x00,0x00,0x00,0x00,0x00,0x00,0x00,0x00,0x00,0x00,
	0x00,0x00,0x00,0x00,0x00,0x00,0x00,0x00,0x00,0x00,0x00,0x00,0x00,0x04,0x09,0x01,
	0x01,0x00,0x00,0x00,0x00,0x00,0x00,0x00,0x00,0x00,0x00,0x00,0x00,0x00,0x00,0x00,
	0x00,0x00,0x00,0x00,0x00,0x32,0x69,0x33,0x73,0x08,0x69,0x4a,0x7f,0x78,0xe3,0xa5,
	0x58,0x2f,0x76,0x59,0xa6,0x1f,0xc2,0x06,0xd8,0x24,0xb6,0x5b,0x0f,0x28,0x30,0xe6,
	0xf9,0x6e,0x5a,0xa2,0x96,0xf5,0x03,0x5e,0xe0,0x36,0xe7,0x19,0x20,0x0b,0xf1,0x16,
	0x1d,0xb4,0x4b,0xc2,0x25,0x00,0x00,0x00,0x00,0x00,0x00,0x00,0x00,0x03,0x00,0x00,
	0x00,0x00,0x00,0x00,0x00,0x00,0x00,0x00,0x00,0x00,0x00,0x00,0x00,0x00,0x00,0x00,
	0x00,0x00,0x00,0x00,0x00,0x00,0x00,0x00,0x00,0x00,0x00,0x00,0x00,0x04,0x09,0x03,
	0x02,0x00,0x00,0x00,0x00,0x00,0x00,0x00,0x00,0x00,0x00,0x00,0x00,0x00,0x00,0x00,
	0x00,0x00,0x00,0x00,0x00,0x00,0x30,0x12,0x74,0x6c,0x73,0x31,0x33,0x20,0x73,0x20,
	0x61,0x70,0x20,0x74,0x72,0x61,0x66,0x66,0x69,0x63,0x30,0x5f,0x1b,0x07,0x61,0xdf,
	0x7a,0x96,0x6c,0x5b,0x80,0xfc,0x82,0x46,0x01,0xf1,0x5c,0xac,0xb7,0x95,0xbe,0xcc,
	0xaf,0xbf,0x15,0xa7,0x73,0x68,0x7d,0xf7,0x99,0x9f,0x7c,0x1f,0xa9,0xa3,0x34,0x1c,
	0xd7,0xe3,0x70,0x94,0x40,0x00,0x00,0x00,0x00,0x00,0x00,0x00,0x00,0x03,0x00,0x00,
	0x00,0x00,0x00,0x00,0x00,0x00,0x00,0x00,0x00,0x00,0x00,0x00,0x00,0x00,0x00,0x00,
	0x00,0x00,0x00,0x00,0x00,0x00,0x00,0x00,0x00,0x00,0x00,0x00,0x00,0x08,0x09,0x00,
	0x00,0x00,0x00,0x00,0x00,0x00,0x00,0x00,0x00,0x00,0x00,0x00,0x00,0x00,0x00,0x00,
	0x00,0x00,0x00,0x00,0x00,0x00,0x00,0x00,0x00,0x00,0x00,0x00,0x00,0x03,0x00,0x00,
	0x00,0x00,0x00,0x00,0x00,0x00,0x00,0x00,0x00,0x00,0x00,0x00,0x00,0x00,0x00,0x00,
	0x00,0x00,0x00,0x00,0x00,0x00,0x00,0x00,0x00,0x00,0x00,0x00,0x00,0x0a,0x09,0x00,
	0x00,0x00,0x00,0x00,0x00,0x00,0x00,0x00,0x00,0x00,0x00,0x00,0x00,0x00,0x00,0x00,
	0x00,0x00,0x00,0x00,0x00,0x00,0x00,0x00,0x00,0x0a,0x05,0x00,0x08,0x00,0x00,0x00,
	0x00,0x00,0x00,0x00,0x00,0x00,0x00,0x00,0x00,0x00,0x00,0x00,0x00,0x00,0x00,0x00,
	0x00,0x00,0x00,0x00,0x00,0x00,0x00,0x00,0x00,0x00,0x00,0x00,0x00,0x01,0x09,0x00,
	0x00,0x00,0x00,0x00,0x00,0x00,0x00,0x00,0x00,0x00,0x00,0x00,0x00,0x00,0x00,0x00,
	0x00,0x00,0x00,0x00,0x00,0x00,0x00,0x00,0x00,0x00,0x00,0x00,0x00,0x03,0x00,0x00,
	0x00,0x00,0x00,0x00,0x00,0x00,0x00,0x00,0x00,0x00,0x00,0x00,0x00,0x00,0x00,0x00,
	0x00,0x00,0x00,0x00,0x00,0x00,0x00,0x00,0x00,0x00,0x00,0x00,0x00,0x04,0x09,0x01,
	0x01,0x00,0x00,0x00,0x00,0x00,0x00,0x00,0x00,0x00,0x00,0x00,0x00,0x00,0x00,0x00,
	0x00,0x00,0x00,0x00,0x00,0x32,0x69,0x33,0x73,0x08,0x69,0x4a,0x7f,0x78,0xe3,0xa5,
	0x58,0x2f,0x76,0x59,0xa6,0x1f,0xc2,0x06,0xd8,0x24,0xb6,0x5b,0x0f,0x28,0x30,0xe6,
	0xf9,0x6e,0x5a,0xa2,0x96,0xf5,0x03,0x5e,0xe0,0x36,0xe7,0x19,0x20,0x0b,0xf1,0x16,
	0x1d,0xb4,0x4b,0xc2,0x25,0x00,0x00,0x00,0x00,0x00,0x00,0x00,0x00,0x03,0x00,0x00,
	0x00,0x00,0x00,0x00,0x00,0x00,0x00,0x00,0x00,0x00,0x00,0x00,0x00,0x00,0x00,0x00,
	0x00,0x00,0x00,0x00,0x00,0x00,0x00,0x00,0x00,0x00,0x00,0x00,0x00,0x04,0x09,0x03,
	0x02,0x00,0x00,0x00,0x00,0x00,0x00,0x00,0x00,0x00,0x00,0x00,0x00,0x00,0x00,0x00,
	0x00,0x00,0x00,0x00,0x00,0x00,0x30,0x10,0x74,0x6c,0x73,0x31,0x33,0x20,0x65,0x78,
	0x70,0x20,0x6d,0x61,0x73,0x74,0x65,0x72,0x30,0x5f,0x1b,0x07,0x61,0xdf,0x7a,0x96,
	0x6c,0x5b,0x80,0xfc,0x82,0x46,0x01,0xf1,0x5c,0xac,0xb7,0x95,0xbe,0xcc,0xaf,0xbf,
	0x15,0xa7,0x73,0x68,0x7d,0xf7,0x99,0x9f,0x7c,0x1f,0xa9,0xa3,0x34,0x1c,0xd7,0xe3,
	0x70,0x94,0x40,0xf3,0x01,0x00,0x00,0x00,0x00,0x00,0x00,0x00,0x00,0x03,0x00,0x00,
	0x00,0x00,0x00,0x00,0x00,0x00,0x00,0x00,0x00,0x00,0x00,0x00,0x00,0x00,0x00,0x00,
	0x00,0x00,0x00,0x00,0x00,0x00,0x00,0x00,0x00,0x00,0x00,0x00,0x00,0x08,0x09,0x00,
	0x00,0x00,0x00,0x00,0x00,0x00,0x00,0x00,0x00,0x00,0x00,0x00,0x00,0x00,0x00,0x00,
	0x00,0x00,0x00,0x00,0x00,0x00,0x00,0x00,0x00,0x00,0x00,0x00,0x00,0x03,0x00,0x00,
	0x00,0x00,0x00,0x00,0x00,0x00,0x00,0x00,0x00,0x00,0x00,0x00,0x00,0x00,0x00,0x00,
	0x00,0x00,0x00,0x00,0x00,0x00,0x00,0x00,0x00,0x00,0x00,0x00,0x00,0x0a,0x09,0x00,
	0x00,0x00,0x00,0x00,0x00,0x00,0x00,0x00,0x00,0x00,0x00,0x00,0x00,0x00,0x00,0x00,
	0x00,0x00,0x00,0x00,0x00,0x00,0x00,0x00,0x00,0x0a,0x05,0x00,0x08,0x00,0x00,0x00,
	0x00,0x00,0x00,0x00,0x00,0x00,0x00,0x00,0x00,0x00,0x00,0x00,0x00,0x00,0x00,0x00,
	0x00,0x00,0x00,0x00,0x00,0x00,0x00,0x00,0x00,0x00,0x00,0x00,0x00,0x01,0x09,0x00,
	0x00,0x00,0x00,0x00,0x00,0x00,0x00,0x00,0x00,0x00,0x00,0x00,0x00,0x00,0x00,0x00,
	0x00,0x00,0x00,0x00,0x00,0x00,0x00,0x00,0x00,0x00,0x00,0x00,0x00,0x03,0x00,0x00,
	0x00,0x00,0x00,0x00,0x00,0x00,0x00,0x00,0x00,0x00,0x00,0x00,0x00,0x00,0x00,0x00,
	0x00,0x00,0x00,0x00,0x00,0x00,0x00,0x00,0x00,0x00,0x00,0x00,0x00,0x04,0x09,0x01,
	0x01,0x00,0x00,0x00,0x00,0x00,0x00,0x00,0x00,0x00,0x00,0x00,0x00,0x00,0x00,0x00,
	0x00,0x00,0x00,0x00,0x00,0xb0,0x66,0xd0,0x3a,0x49,0x71,0xde,0x41,0x00,0xac,0xf2,
	0x88,0xe9,0xd8,0x43,0x23,0xae,0xaa,0x84,0x53,0x3f,0x43,0x81,0x07,0x51,0xa5,0x35,
	0x6d,0x8f,0x14,0x7c,0x91,0xa9,0xdf,0x86,0xf6,0x12,0xe6,0x29,0x9d,0xfb,0x05,0x18,
	0x37,0x8f,0x15,0xa2,0x0d,0x00,0x00,0x00,0x00,0x00,0x00,0x00,0x00,0x03,0x00,0x00,
	0x00,0x00,0x00,0x00,0x00,0x00,0x00,0x00,0x00,0x00,0x00,0x00,0x00,0x00,0x00,0x00,
	0x00,0x00,0x00,0x00,0x00,0x00,0x00,0x00,0x00,0x00,0x00,0x00,0x00,0x04,0x09,0x03,
	0x02,0x00,0x00,0x00,0x00,0x00,0x00,0x00,0x00,0x00,0x00,0x00,0x00,0x00,0x00,0x00,
	0x00,0x00,0x00,0x00,0x00,0x00,0x20,0x09,0x74,0x6c,0x73,0x31,0x33,0x20,0x6b,0x65,
	0x79,0x00,0x00,0x00,0x00,0x00,0x00,0x00,0x00,0x00,0x03,0x00,0x00,0x00,0x00,0x00,
	0x00,0x00,0x00,0x00,0x00,0x00,0x00,0x00,0x00,0x00,0x00,0x00,0x00,0x00,0x00,0x00,
	0x00,0x00,0x00,0x00,0x00,0x00,0x00,0x00,0x00,0x00,0x08,0x09,0x00,0x00,0x00,0x00,
	0x00,0x00,0x00,0x00,0x00,0x00,0x00,0x00,0x00,0x00,0x00,0x00,0x00,0x00,0x00,0x00,
	0x00,0x00,0x00,0x00,0x00,0x00,0x00,0x00,0x00,0x00,0x03,0x00,0x00,0x00,0x00,0x00,
	0x00,0x00,0x00,0x00,0x00,0x00,0x00,0x00,0x00,0x00,0x00,0x00,0x00,0x00,0x00,0x00,
	0x00,0x00,0x00,0x00,0x00,0x00,0x00,0x00,0x00,0x00,0x0a,0x09,0x00,0x00,0x00,0x00,
	0x00,0x00,0x00,0x00,0x00,0x00,0x00,0x00,0x00,0x00,0x00,0x00,0x00,0x00,0x00,0x00,
	0x00,0x00,0x00,0x00,0x00,0x00,0x0a,0x05,0x00,0x08,0x00,0x00,0x00,0x00,0x00,0x00,
	0x00,0x00,0x00,0x00,0x00,0x00,0x00,0x00,0x00,0x00,0x00,0x00,0x00,0x00,0x00,0x00,
	0x00,0x00,0x00,0x00,0x00,0x00,0x00,0x00,0x00,0x00,0x01,0x09,0x00,0x00,0x00,0x00,
	0x00,0x00,0x00,0x00,0x00,0x00,0x00,0x00,0x00,0x00,0x00,0x00,0x00,0x00,0x00,0x00,
	0x00,0x00,0x00,0x00,0x00,0x00,0x00,0x00,0x00,0x00,0x03,0x00,0x00,0x00,0x00,0x00,
	0x00,0x00,0x00,0x00,0x00,0x00,0x00,0x00,0x00,0x00,0x00,0x00,0x00,0x00,0x00,0x00,
	0x00,0x00,0x00,0x00,0x00,0x00,0x00,0x00,0x00,0x00,0x04,0x09,0x01,0x01,0x00,0x00,
	0x00,0x00,0x00,0x00,0x00,0x00,0x00,0x00,0x00,0x00,0x00,0x00,0x00,0x00,0x00,0x00,
	0x00,0x00,0xb0,0x66,0xd0,0x3a,0x49,0x71,0xde,0x41,0x00,0xac,0xf2,0x88,0xe9,0xd8,
	0x43,0x23,0xae,0xaa,0x84,0x53,0x3f,0x43,0x81,0x07,0x51,0xa5,0x35,0x6d,0x8f,0x14,
	0x7c,0x91,0xa9,0xdf,0x86,0xf6,0x12,0xe6,0x29,0x9d,0xfb,0x05,0x18,0x37,0x8f,0x15,
	0xa2,0x0d,0x00,0x00,0x00,0x00,0x00,0x00,0x00,0x00,0x03,0x00,0x00,0x00,0x00,0x00,
	0x00,0x00,0x00,0x00,0x00,0x00,0x00,0x00,0x00,0x00,0x00,0x00,0x00,0x00,0x00,0x00,
	0x00,0x00,0x00,0x00,0x00,0x00,0x00,0x00,0x00,0x00,0x04,0x09,0x03,0x02,0x00,0x00,
	0x00,0x00,0x00,0x00,0x00,0x00,0x00,0x00,0x00,0x00,0x00,0x00,0x00,0x00,0x00,0x00,
	0x00,0x00,0x00,0x0c,0x08,0x74,0x6c,0x73,0x31,0x33,0x20,0x69,0x76,0x00,0x00,0x00,
	0x00,0x00,0x00,0x00,0x00,0x00,0x03,0x00,0x00,0x00,0x00,0x00,0x00,0x00,0x00,0x00,
	0x00,0x00,0x00,0x00,0x00,0x00,0x00,0x00,0x00,0x00,0x00,0x00,0x00,0x00,0x00,0x00,
	0x00,0x00,0x00,0x00,0x00,0x00,0x08,0x09,0x00,0x00,0x00,0x00,0x00,0x00,0x00,0x00,
	0x00,0x00,0x00,0x00,0x00,0x00,0x00,0x00,0x00,0x00,0x00,0x00,0x00,0x00,0x00,0x00,
	0x00,0x00,0x00,0x00,0x00,0x00,0x03,0x00,0x00,0x00,0x00,0x00,0x00,0x00,0x00,0x00,
	0x00,0x00,0x00,0x00,0x00,0x00,0x00,0x00,0x00,0x00,0x00,0x00,0x00,0x00,0x00,0x00,
	0x00,0x00,0x00,0x00,0x00,0x00,0x0a,0x09,0x00,0x00,0x00,0x00,0x00,0x00,0x00,0x00,
	0x00,0x00,0x00,0x00,0x00,0x00,0x00,0x00,0x00,0x00,0x00,0x00,0x00,0x00,0x00,0x00,
	0x00,0x00,0x0a,0x05,0x00,0x08,0x00,0x00,0x00,0x00,0x00,0x00,0x00,0x00,0x00,0x00,
	0x00,0x00,0x00,0x00,0x00,0x00,0x00,0x00,0x00,0x00,0x00,0x00,0x00,0x00,0x00,0x00,
	0x00,0x00,0x00,0x00,0x00,0x00,0x01,0x09,0x00,0x00,0x00,0x00,0x00,0x00,0x00,0x00,
	0x00,0x00,0x00,0x00,0x00,0x00,0x00,0x00,0x00,0x00,0x00,0x00,0x00,0x00,0x00,0x00,
	0x00,0x00,0x00,0x00,0x00,0x00,0x03,0x00,0x00,0x00,0x00,0x00,0x00,0x00,0x00,0x00,
	0x00,0x00,0x00,0x00,0x00,0x00,0x00,0x00,0x00,0x00,0x00,0x00,0x00,0x00,0x00,0x00,
	0x00,0x00,0x00,0x00,0x00,0x00,0x04,0x09,0x01,0x01,0x00,0x00,0x00,0x00,0x00,0x00,
	0x00,0x00,0x00,0x00,0x00,0x00,0x00,0x00,0x00,0x00,0x00,0x00,0x00,0x00,0xd2,0xf5,
	0x8f,0x52,0xe0,0xae,0x55,0xe4,0xdd,0x17,0x34,0xcd,0xaa,0x59,0x27,0x62,0xbe,0xec,
	0x00,0x14,0xad,0x32,0x8c,0x14,0x73,0x1a,0x0d,0x84,0x3a,0xc7,0xc2,0x4a,0xee,0x1c,
	0xbb,0x53,0x90,0x83,0x76,0x42,0x70,0xb3,0x76,0x8a,0x77,0x2d,0xec,0x1e,0x00,0x00,
	0x00,0x00,0x00,0x00,0x00,0x00,0x03,0x00,0x00,0x00,0x00,0x00,0x00,0x00,0x00,0x00,
	0x00,0x00,0x00,0x00,0x00,0x00,0x00,0x00,0x00,0x00,0x00,0x00,0x00,0x00,0x00,0x00,
	0x00,0x00,0x00,0x00,0x00,0x00,0x04,0x09,0x03,0x02,0x00,0x00,0x00,0x00,0x00,0x00,
	0x00,0x00,0x00,0x00,0x00,0x00,0x00,0x00,0x00,0x00,0x00,0x00,0x00,0x00,0x00,0x20,
	0x09,0x74,0x6c,0x73,0x31,0x33,0x20,0x6b,0x65,0x79,0x00,0x00,0x00,0x00,0x00,0x00,
	0x00,0x00,0x00,0x03,0x00,0x00,0x00,0x00,0x00,0x00,0x00,0x00,0x00,0x00,0x00,0x00,
	0x00,0x00,0x00,0x00,0x00,0x00,0x00,0x00,0x00,0x00,0x00,0x00,0x00,0x00,0x00,0x00,
	0x00,0x00,0x00,0x08,0x09,0x00,0x00,0x00,0x00,0x00,0x00,0x00,0x00,0x00,0x00,0x00,
	0x00,0x00,0x00,0x00,0x00,0x00,0x00,0x00,0x00,0x00,0x00,0x00,0x00,0x00,0x00,0x00,
	0x00,0x00,0x00,0x03,0x00,0x00,0x00,0x00,0x00,0x00,0x00,0x00,0x00,0x00,0x00,0x00,
	0x00,0x00,0x00,0x00,0x00,0x00,0x00,0x00,0x00,0x00,0x00,0x00,0x00,0x00,0x00,0x00,
	0x00,0x00,0x00,0x0a,0x09,0x00,0x00,0x00,0x00,0x00,0x00,0x00,0x00,0x00,0x00,0x00,
	0x00,0x00,0x00,0x00,0x00,0x00,0x00,0x00,0x00,0x00,0x00,0x00,0x00,0x00,0x00,0x0a,
	0x05,0x00,0x08,0x00,0x00,0x00,0x00,0x00,0x00,0x00,0x00,0x00,0x00,0x00,0x00,0x00,
	0x00,0x00,0x00,0x00,0x00,0x00,0x00,0x00,0x00,0x00,0x00,0x00,0x00,0x00,0x00,0x00,
	0x00,0x00,0x00,0x01,0x09,0x00,0x00,0x00,0x00,0x00,0x00,0x00,0x00,0x00,0x00,0x00,
	0x00,0x00,0x00,0x00,0x00,0x00,0x00,0x00,0x00,0x00,0x00,0x00,0x00,0x00,0x00,0x00,
	0x00,0x00,0x00,0x03,0x00,0x00,0x00,0x00,0x00,0x00,0x00,0x00,0x00,0x00,0x00,0x00,
	0x00,0x00,0x00,0x00,0x00,0x00,0x00,0x00,0x00,0x00,0x00,0x00,0x00,0x00,0x00,0x00,
	0x00,0x00,0x00,0x04,0x09,0x01,0x01,0x00,0x00,0x00,0x00,0x00,0x00,0x00,0x00,0x00,
	0x00,0x00,0x00,0x00,0x00,0x00,0x00,0x00,0x00,0x00,0x00,0xd2,0xf5,0x8f,0x52,0xe0,
	0xae,0x55,0xe4,0xdd,0x17,0x34,0xcd,0xaa,0x59,0x27,0x62,0xbe,0xec,0x00,0x14,0xad,
	0x32,0x8c,0x14,0x73,0x1a,0x0d,0x84,0x3a,0xc7,0xc2,0x4a,0xee,0x1c,0xbb,0x53,0x90,
	0x83,0x76,0x42,0x70,0xb3,0x76,0x8a,0x77,0x2d,0xec,0x1e,0x00,0x00,0x00,0x00,0x00,
	0x00,0x00,0x00,0x03,0x00,0x00,0x00,0x00,0x00,0x00,0x00,0x00,0x00,0x00,0x00,0x00,
	0x00,0x00,0x00,0x00,0x00,0x00,0x00,0x00,0x00,0x00,0x00,0x00,0x00,0x00,0x00,0x00,
	0x00,0x00,0x00,0x04,0x09,0x03,0x02,0x00,0x00,0x00,0x00,0x00,0x00,0x00,0x00,0x00,
	0x00,0x00,0x00,0x00,0x00,0x00,0x00,0x00,0x00,0x00,0x00,0x00,0x0c,0x08,0x74,0x6c,
	0x73,0x31,0x33,0x20,0x69,0x76,0x00,0x00,0x00,0x00,0x00,0x00,0x00,0x00,0x00,0x03,
	0x00,0x00,0x00,0x00,0x00,0x00,0x00,0x00,0x00,0x00,0x00,0x00,0x00,0x00,0x00,0x00,
	0x00,0x00,0x00,0x00,0x00,0x00,0x00,0x00,0x00,0x00,0x00,0x00,0x00,0x00,0x00,0x08,
	0x09,0x00,0x00,0x00,0x00,0x00,0x00,0x00,0x00,0x00,0x00,0x00,0x00,0x00,0x00,0x00,
	0x00,0x00,0x00,0x00,0x00,0x00,0x00,0x00,0x00,0x00,0x00,0x00,0x00,0x00,0x00,0x03,
	0x00,0x00,0x00,0x00,0x00,0x00,0x00,0x00,0x00,0x00,0x00,0x00,0x00,0x00,0x00,0x00,
	0x00,0x00,0x00,0x00,0x00,0x00,0x00,0x00,0x00,0x00,0x00,0x00,0x00,0x00,0x00,0x0a,
	0x09,0x00,0x00,0x00,0x00,0x00,0x00,0x00,0x00,0x00,0x00,0x00,0x00,0x00,0x00,0x00,
	0x00,0x00,0x00,0x00,0x00,0x00,0x00,0x00,0x00,0x00,0x00,0x00,0x00,0x00,0x00,0x00,
	0x00,0x00,0x00,0x00,0x00,0x00,0x00,0x00,0x00,0x00,0x00,0x00,0x00,0x00,0x00,0x00,
	0x00,0x00,0x00,0x00,0x00,0x00,0x00,0x00,0x00,0x00,0x00,0x00,0x00,0x00,0x00,0x03,
	0x02,0x00,0x00,0x00,0x00,0x00,0x00,0x00,0x00,0x00,0x00,0x00,0x00,0x00,0x00,0x00,
	0x00,0x00,0x00,0x00,0x00,0x00,0x00,0x00,0x24,0x00,0x00,0x00,0x00,0x00,0x00,0x00,
	0x01,0x00,0x00,0x00,0x02,0x50,0x05,0x00,0x00,0x00,0x00,0x00,0x00,0x00,0x00,0x00,
	0x00,0x00,0x00,0xe7,0x2e,0x2c,0x4f,0xf9,0x4b,0x14,0x36,0xdd,0x8f,0xf0,0x17,0xc8,
	0xc8,0xaf,0x21,0x2b,0xda,0x27,0xa1,0x00,0xa3,0xbe,0x0c,0xd3,0x4e,0xa2,0xfe,0x03,
	0x1f,0x74,0xb8,0x00,0x00,0x00,0x00,0x00,0x00,0x00,0x00,0x00,0x00,0x00,0x00,0x00,
	0x00,0x00,0x00,0x00,0x00,0x00,0x00,0x00,0x00,0x00,0x00,0x00,0x00,0x00,0x00,0x00,
	0x00,0x00,0x00,0x00,0x00,0x00,0x00,0x00,0x00,0x00,0x00,0x03,0x02,0x00,0x00,0x00,
	0x00,0x00,0x00,0x00,0x00,0x00,0x00,0x00,0x00,0x00,0x00,0x00,0x00,0x00,0x00,0x00,
	0x00,0x00,0x00,0x00,0x24,0x00,0x00,0x00,0x00,0x00,0x00,0x00,0x02,0x00,0x00,0x00,
	0x02,0x50,0x05,0x00,0x00,0x00,0x00,0x00,0x00,0x00,0x00,0x00,0x00,0x00,0x00,0xe9,
	0xeb,0x32,0xd7,0x4a,0x80,0x3f,0x6c,0x99,0x24,0xb5,0x75,0x1b,0xd7,0x65,0x74,0x52,
	0xc0,0x3c,0xf9,0xf4,0x94,0xab,0x47,0xdf,0xa0,0xa2,0xed,0x17,0xde,0xf2,0x9c,0x00,
	0x00,0x00,0x00,0x00,0x00,0x00,0x00,0x02,0x00,0x00,0x00,0x00,0x00,0x00,0x00,0x00,
	0x00,0x00,0x00,0x00,0x00,0x00,0x00,0x00,0x00,0x00,0x00,0x00,0x00,0x00,0x00,0x00,
	0x00,0x00,0x00,0x00,0x00,0x00,0x00,0x04,0x03,0x00,0x00,0x00,0x00,0x00,0x00,0x00,
	0x00,0x00,0x00,0x00,0x00,0x00,0x00,0x00,0x00,0x00,0x00,0x00,0x00,0x00,0x00,0x00,
	0x00,0x00,0x00,0x00,0x00,0x00,0x00,0x00,0x00,0x00,0x00,0x03,0x00,0x00,0x00,0x00,
	0x00,0x00,0x00,0x00,0x00,0x00,0x00,0x00,0x00,0x00,0x00,0x00,0x00,0x00,0x00,0x00,
	0x00,0x00,0x00,0x00,0x00,0x00,0x00,0x00,0x00,0x00,0x00,0x05,0x03,0x00,0x00,0x00,
	0x00,0x00,0x00,0x00,0x00,0x00,0x00,0x00,0x00,0x00,0x00,0x00,0x00,0x00,0x00,0x00,
	0x00,0x00,0x00,0x00,0x00,0x00,0x00,0x0a,0x05,0x00,0x08,0x00,0x00,0x00,0x00,0x00,
	0x00,0x00,0x00,0x00,0x00,0x00,0x00,0x00,0x00,0x00,0x00,0x00,0x00,0x00,0x00,0x00,
	0x00,0x00,0x00,0x00,0x00,0x00,0x00,0x00,0x00,0x00,0x00,0x01,0x09,0x00,0x00,0x00,
	0x00,0x00,0x00,0x00,0x00,0x00,0x00,0x00,0x00,0x00,0x00,0x00,0x00,0x00,0x00,0x00,
	0x00,0x00,0x00,0x00,0x00,0x00,0x00,0x00,0x00,0x00,0x00,0x03,0x00,0x00,0x00,0x00,
	0x00,0x00,0x00,0x00,0x00,0x00,0x00,0x00,0x00,0x00,0x00,0x00,0x00,0x00,0x00,0x00,
	0x00,0x00,0x00,0x00,0x00,0x00,0x00,0x00,0x00,0x00,0x00,0x04,0x09,0x01,0x01,0x00,
	0x00,0x00,0x00,0x00,0x00,0x00,0x00,0x00,0x00,0x00,0x00,0x00,0x00,0x00,0x00,0x00,
	0x00,0x00,0x00,0xbc,0xfd,0xfd,0x1b,0x57,0x7d,0xae,0x73,0xd4,0x72,0x73,0x06,0x0e,
	0xb9,0x8d,0x46,0x70,0xc2,0xb6,0x34,0x52,0x49,0x4e,0x54,0x4e,0x44,0x13,0x3b,0xe2,
	0x0c,0x1e,0x52,0x52,0x8d,0x41,0x8e,0xc5,0xa7,0x8e,0xeb,0x89,0x03,0xad,0x81,0x6c,
	0x24,0x89,0x0b,0x00,0x00,0x00,0x00,0x00,0x00,0x00,0x00,0x03,0x00,0x00,0x00,0x00,
	0x00,0x00,0x00,0x00,0x00,0x00,0x00,0x00,0x00,0x00,0x00,0x00,0x00,0x00,0x00,0x00,
	0x00,0x00,0x00,0x00,0x00,0x00,0x00,0x00,0x00,0x00,0x00,0x04,0x09,0x03,0x02,0x00,
	0x00,0x00,0x00,0x00,0x00,0x00,0x00,0x00,0x00,0x00,0x00,0x00,0x00,0x00,0x00,0x00,
	0x00,0x00,0x00,0x00,0x30,0x0e,0x74,0x6c,0x73,0x31,0x33,0x20,0x66,0x69,0x6e,0x69,
	0x73,0x68,0x65,0x64,0x00,0x00,0x00,0x00,0x00,0x00,0x00,0x00,0x00,0x03,0x00,0x00,
	0x00,0x00,0x00,0x00,0x00,0x00,0x00,0x00,0x00,0x00,0x00,0x00,0x00,0x00,0x00,0x00,
	0x00,0x00,0x00,0x00,0x00,0x00,0x00,0x00,0x00,0x00,0x00,0x00,0x00,0x08,0x09,0x00,
	0x00,0x00,0x00,0x00,0x00,0x00,0x00,0x00,0x00,0x00,0x00,0x00,0x00,0x00,0x00,0x00,
	0x00,0x00,0x00,0x00,0x00,0x00,0x00,0x00,0x00,0x00,0x00,0x00,0x00,0x03,0x00,0x00,
	0x00,0x00,0x00,0x00,0x00,0x00,0x00,0x00,0x00,0x00,0x00,0x00,0x00,0x00,0x00,0x00,
	0x00,0x00,0x00,0x00,0x00,0x00,0x00,0x00,0x00,0x00,0x00,0x00,0x00,0x0a,0x09,0x00,
	0x00,0x00,0x00,0x00,0x00,0x00,0x00,0x00,0x00,0x00,0x00,0x00,0x00,0x00,0x00,0x00,
	0x00,0x00,0x00,0x00,0x00,0x00,0x00,0x00,0x00,0x00,0x00,0x00,0x00,0x00,0x00,0x00,
	0x00,0x00,0x00,0x00,0x00,0x00,0x00,0x00,0x00,0x00,0x00,0x00,0x00,0x00,0x00,0x00,
	0x00,0x00,0x00,0x00,0x00,0x00,0x00,0x00,0x00,0x00,0x00,0x00,0x00,0x03,0x02,0x00,
	0x00,0x00,0x00,0x00,0x00,0x00,0x00,0x00,0x00,0x00,0x00,0x00,0x00,0x00,0x00,0x00,
	0x00,0x00,0x00,0x00,0x00,0x00,0x11,0x00,0x00,0x00,0x00,0x00,0x00,0x00,0x04,0x00,
	0x00,0x0a,0x00,0x80,0x03,0x00,0x00,0x00,0x00,0x00,0x00,0x00,0x00,0x00,0x00,0x00,
	0x00,0x12,0xe3,0xf1,0xc7,0x8a,0xb2,0x52,0x7f,0x8c,0xcd,0xa2,0x06,0x58,0x9d,0x67,
	0xdb,0x70,0x16,0x97,0x88,0x32,0x56,0xa9,0x21,0xd6,0x60,0xd5,0xa4,0x28,0x10,0x5e,
	0x8d,0xbe,0x81,0x06,0xd2,0xc3,0xc5,0x17,0xd5,0x42,0x88,0x7d,0x41,0x0f,0x60,0xc8,
	0xbd,0x04,0x00,0x00,0x40,0x0a,0x00,0x80,0x03,0x00,0x00,0x00,0x00,0x00,0x00,0x00,
	0x00,0x00,0x00,0x00,0x00,0x00,0x00,0x00,0x00,0x00,0x00,0x00,0x00,0x00,0x00,0x00,
	0x00,0x00,0x00,0x00,0x00,0x00,0x00,0x00,0x00,0x00,0x04,0x00,0x00,0x00,0x00,0x00,
	0x00,0x00,0x00,0x00,0x00,0x00,0x00,0x00,0x00,0x00,0x00,0x00,0x00,0x00,0x00,0x00,
	0x00,0x5f,0x1b,0x07,0x61,0xdf,0x7a,0x96,0x6c,0x5b,0x80,0xfc,0x82,0x46,0x01,0xf1,
	0x5c,0xac,0xb7,0x95,0xbe,0xcc,0xaf,0xbf,0x15,0xa7,0x73,0x68,0x7d,0xf7,0x99,0x9f,
	0x7c,0x1f,0xa9,0xa3,0x34,0x1c,0xd7,0xe3,0x70,0x94,0x40,0xf3,0x01,0x02,0x2c,0x80,
	0x64,0x04,0x00,0x00,0x40,0x00,0x00,0x00,0x00,0x00,0x00,0x00,0x00,0x00,0x00,0x00,
	0x00,0x00,0x00,0x00,0x00,0x00,0x00,0x00,0x00,0x00,0x00,0x00,0x00,0x00,0x00,0x00,
	0x00,0x00,0x00,0x00,0x00,0x00,0x00,0x00,0x00,0x04,0x02,0x00,0x00,0x00,0x00,0x00,
	0x00,0x00,0x00,0x00,0x00,0x00,0x00,0x00,0x00,0x00,0x00,0x00,0x00,0x00,0x00,0x00,
	0x00,0x00,0x00,0x00,0x00,0x00,0x00,0x00,0x00,0x02,0x00,0x00,0x00,0x00,0x00,0x00,
	0x00,0x00,0x00,0x00,0x00,0x00,0x00,0x00,0x00,0x00,0x00,0x00,0x00,0x00,0x00,0x00,
	0x00,0x00,0x00,0x00,0x00,0x00,0x00,0x00,0x00,0x03,0x03,0x00,0x00,0x00,0x00,0x00,
	0x00,0x00,0x00,0x00,0x00,0x00,0x00,0x00,0x00,0x00,0x00,0x00,0x00,0x00,0x00,0x00,
	0x00,0x14,0x00,0x00,0x30,0x00,0x00,0x00,0x00,0x00,0x00,0x00,0x00,0x02,0x00,0x00,
	0x00,0x00,0x00,0x00,0x00,0x00,0x00,0x00,0x00,0x00,0x00,0x00,0x00,0x00,0x00,0x00,
	0x00,0x00,0x00,0x00,0x00,0x00,0x00,0x00,0x00,0x00,0x00,0x00,0x00,0x03,0x03,0x00,
	0x00,0x00,0x00,0x00,0x00,0x00,0x00,0x00,0x00,0x00,0x00,0x00,0x00,0x00,0x00,0x00,
	0x00,0x00,0x00,0x00,0x00,0x91,0xc5,0x9d,0xf4,0x5c,0xda,0x38,0xe0,0x57,0x43,0x44,
	0xca,0x72,0x14,0x7f,0xae,0xe7,0xa1,0x79,0xf0,0x54,0xb2,0x5a,0x4d,0x5b,0x4d,0xe4,
	0x7a,0x46,0x2f,0x2f,0xdc,0x97,0x72,0x44,0x4a,0x11,0x96,0xce,0x14,0x96,0x45,0x94,
	0x8d,0xf8,0xa2,0x9d,0xcd,0x00,0x00,0x00,0x40,0x00,0x02,0x50,0x05,0x00,0x00,0x00,
	0x00,0x00,0x00,0x00,0x00,0x00,0x00,0x00,0x00,0xb8,0xae,0x63,0x4d,0x7a,0xf9,0xfa,
	0xfa,0xa8,0xae,0xd6,0x4c,0x00,0x00,0x00,0x00,0x0c,0x00,0x00,0x00,0x00,0x06,0x00,
	0x00,0x00,0x00,0x00,0x00,0x00,0x00,0x00,0x00,0x00,0x00,0x00,0x00,0x00,0x00,0x00,
	0x00,0x00,0x00,0x00,0x00,0x14,0x00,0x00,0x30,0x91,0xc5,0x9d,0xf4,0x5c,0xda,0x38,
	0xe0,0x57,0x43,0x44,0xca,0x72,0x14,0x7f,0xae,0xe7,0xa1,0x79,0xf0,0x54,0xb2,0x5a,
	0x4d,0x5b,0x4d,0xe4,0x7a,0x46,0x2f,0x2f,0xdc,0x97,0x72,0x44,0x4a,0x11,0x96,0xce,
	0x14,0x96,0x45,0x94,0x8d,0xf8,0xa2,0x9d,0xcd,0x16,0x00,0x00,0x00,0x00,0x00,0x00,
	0x00,0x00,0x00,0x00,0x00,0x17,0x03,0x03,0x00,0x50,0x00,0x00,0x00,0x00,0x00,0x00,
	0x00,0x00,0x02,0x00,0x00,0x00,0x00,0x00,0x00,0x00,0x00,0x00,0x00,0x00,0x00,0x00,
	0x00,0x00,0x00,0x00,0x00,0x00,0x00,0x00,0x00,0x00,0x00,0x00,0x00,0x00,0x00,0x00,
	0x00,0x00,0x04,0x03,0x00,0x00,0x00,0x00,0x00,0x00,0x00,0x00,0x00,0x00,0x00,0x00,
	0x00,0x00,0x00,0x00,0x00,0x00,0x00,0x00,0x00,0x00,0x00,0x00,0x00,0x00,0x00,0x00,
	0x00,0x00,0x00,0x00,0x00,0x00,0x03,0x00,0x00,0x00,0x00,0x00,0x00,0x00,0x00,0x00,
	0x00,0x00,0x00,0x00,0x00,0x00,0x00,0x00,0x00,0x00,0x00,0x00,0x00,0x00,0x00,0x00,
	0x00,0x00,0x00,0x00,0x00,0x00,0x05,0x03,0x00,0x00,0x00,0x00,0x00,0x00,0x00,0x00,
	0x00,0x00,0x00,0x00,0x00,0x00,0x00,0x00,0x00,0x00,0x00,0x00,0x00,0x00,0x00,0x00,
	0x00,0x00,0x0a,0x05,0x00,0x08,0x00,0x00,0x00,0x00,0x00,0x00,0x00,0x00,0x00,0x00,
	0x00,0x00,0x00,0x00,0x00,0x00,0x00,0x00,0x00,0x00,0x00,0x00,0x00,0x00,0x00,0x00,
	0x00,0x00,0x00,0x00,0x00,0x00,0x01,0x09,0x00,0x00,0x00,0x00,0x00,0x00,0x00,0x00,
	0x00,0x00,0x00,0x00,0x00,0x00,0x00,0x00,0x00,0x00,0x00,0x00,0x00,0x00,0x00,0x00,
	0x00,0x00,0x00,0x00,0x00,0x00,0x03,0x00,0x00,0x00,0x00,0x00,0x00,0x00,0x00,0x00,
	0x00,0x00,0x00,0x00,0x00,0x00,0x00,0x00,0x00,0x00,0x00,0x00,0x00,0x00,0x00,0x00,
	0x00,0x00,0x00,0x00,0x00,0x00,0x04,0x09,0x01,0x01,0x00,0x00,0x00,0x00,0x00,0x00,
	0x00,0x00,0x00,0x00,0x00,0x00,0x00,0x00,0x00,0x00,0x00,0x00,0x00,0x00,0x32,0x69,
	0x33,0x73,0x08,0x69,0x4a,0x7f,0x78,0xe3,0xa5,0x58,0x2f,0x76,0x59,0xa6,0x1f,0xc2,
	0x06,0xd8,0x24,0xb6,0x5b,0x0f,0x28,0x30,0xe6,0xf9,0x6e,0x5a,0xa2,0x96,0xf5,0x03,
	0x5e,0xe0,0x36,0xe7,0x19,0x20,0x0b,0xf1,0x16,0x1d,0xb4,0x4b,0xc2,0x25,0x00,0x00,
	0x00,0x00,0x00,0x00,0x00,0x00,0x03,0x00,0x00,0x00,0x00,0x00,0x00,0x00,0x00,0x00,
	0x00,0x00,0x00,0x00,0x00,0x00,0x00,0x00,0x00,0x00,0x00,0x00,0x00,0x00,0x00,0x00,
	0x00,0x00,0x00,0x00,0x00,0x00,0x04,0x09,0x03,0x02,0x00,0x00,0x00,0x00,0x00,0x00,
	0x00,0x00,0x00,0x00,0x00,0x00,0x00,0x00,0x00,0x00,0x00,0x00,0x00,0x00,0x00,0x30,
	0x10,0x74,0x6c,0x73,0x31,0x33,0x20,0x72,0x65,0x73,0x20,0x6d,0x61,0x73,0x74,0x65,
	0x72,0x30,0xfc,0x3e,0x30,0xf1,0x83,0xea,0x45,0x2a,0x0c,0x6a,0x4e,0xcc,0x0a,0x9d,
	0x80,0x91,0x63,0xdc,0xc5,0xa2,0x72,0x0f,0x78,0xf1,0x6e,0x6d,0xaa,0x6c,0xe3,0x88,
	0xbe,0x40,0x26,0xba,0x5c,0x0d,0xcd,0x5b,0x4a,0x59,0x70,0x03,0xda,0x58,0x00,0x00,
	0x00,0x00,0x00,0x00,0x00,0x00,0x03,0x00,0x00,0x00,0x00,0x00,0x00,0x00,0x00,0x00,
	0x00,0x00,0x00,0x00,0x00,0x00,0x00,0x00,0x00,0x00,0x00,0x00,0x00,0x00,0x00,0x00,
	0x00,0x00,0x00,0x00,0x00,0x00,0x08,0x09,0x00,0x00,0x00,0x00,0x00,0x00,0x00,0x00,
	0x00,0x00,0x00,0x00,0x00,0x00,0x00,0x00,0x00,0x00,0x00,0x00,0x00,0x00,0x00,0x00,
	0x00,0x00,0x00,0x00,0x00,0x00,0x03,0x00,0x00,0x00,0x00,0x00,0x00,0x00,0x00,0x00,
	0x00,0x00,0x00,0x00,0x00,0x00,0x00,0x00,0x00,0x00,0x00,0x00,0x00,0x00,0x00,0x00,
	0x00,0x00,0x00,0x00,0x00,0x00,0x0a,0x09,0x00,0x00,0x00,0x00,0x00,0x00,0x00,0x00,
	0x00,0x00,0x00,0x00,0x00,0x00,0x00,0x00,0x00,0x00,0x00,0x00,0x00,0x00,0x00,0x00,
	0x00,0x00,0x00,0x00,0x00,0x00,0x00,0x00,0x00,0x00,0x00,0x00,0x00,0x00,0x00,0x00,
	0x00,0x00,0x00,0x00,0x00,0x00,0x00,0x00,0x00,0x00,0x00,0x00,0x00,0x00,0x00,0x00,
	0x00,0x00,0x00,0x00,0x00,0x00,0x03,0x02,0x00,0x00,0x00,0x00,0x00,0x00,0x00,0x00,
	0x00,0x00,0x00,0x00,0x00,0x00,0x00,0x00,0x00,0x00,0x00,0x00,0x00,0x00,0x12,0x41,
	0x00,0x01,0x00,0x00,0x00,0x00,0x00,0x00,0x00,0x00,0x00,0x00,0x00,0x00,0x00,0x00,
	0x00,0x00,0x00,0x00,0x00,0x00,0x00,0x00,0x00,0x00,0x04,0xf9,0x2a,0xfb,0x35,0xb1,
	0xb9,0x46,0xba,0x7f,0x56,0x9b,0xf8,0xdb,0x48,0x9e,0xd1,0x0c,0x56,0xe9,0xe9,0x82,
	0x98,0xb7,0xf6,0x98,0x4f,0x52,0xb6,0xe3,0xa9,0x48,0xf8,0x3d,0x72,0xe6,0x5f,0x53,
	0x47,0xb5,0xe9,0x7a,0x32,0x40,0x7f,0x96,0xb4,0x37,0xfa,0xbe,0x12,0x0a,0xef,0x77,
	0x74,0x25,0xa3,0x0f,0x1f,0x15,0xcf,0x13,0x55,0x2b,0x04,0x00,0x00,0x40,0x00,0x00,
	0x00,0x00,0x00,0x00,0x00,0x00,0x00,0x00,0x00,0x00,0x00,0x00,0x00,0x00,0x00,0x00,
	0x00,0x00,0x00,0x00,0x00,0x00,0x00,0x00,0x00,0x00,0x00,0x00,0x00,0x00,0x00,0x00,
	0x00,0x00,0x04,0x02,0x00,0x00,0x00,0x00,0x00,0x00,0x00,0x00,0x00,0x00,0x00,0x00,
	0x00,0x00,0x00,0x00,0x00,0x00,0x00,0x00,0x00,0x00,0x00,0x00,0x00,0x00,0x00,0x00,
	0x00,0x00,0x00,0x00,0x00,0x00,0x00,0x00,0x00,0x00,0x00,0x00,0x00,0x00,0x00,0x00,
	0x00,0x00,0x00,0x00,0x00,0x00,0x00,0x00,0x00,0x00,0x00,0x00,0x00,0x00,0x00,0x00,
	0x00,0x00,0x04,0x02,0x00,0x00,0x00,0x00,0x00,0x00,0x00,0x00,0x00,0x00,0x00,0x00,
	0x00,0x00,0x00,0x00,0x00,0x00,0x00,0x00,0x00,0x00,0x03,0x00,0x00,0x40,0x00,0x02,
	0x50,0x05,0x00,0x00,0x00,0x00,0x00,0x00,0x00,0x00,0x00,0x00,0x00,0x00,0xb2,0x4e,
	0x03,0x1c,0xe9,0xb5,0xf9,0xbf,0xb1,0x11,0xa5,0x32,0x00,0x00,0x00,0x00,0x0c,0x00,
	0x00,0x00,0x01,0x06,0x00,0x00,0x00,0x00,0x00,0x00,0x00,0x00,0x00,0x00,0x00,0x00,
	0x00,0x00,0x00,0x00,0x00,0x00,0x00,0x00,0x00,0x00,0xb9,0x69,0x2d,0x28,0xc6,0x86,
	0x1e,0x3a,0x22,0x30,0x7d,0xe4,0x06,0x9b,0x8d,0xe8,0x5e,0x7f,0xfe,0x6c,0xc3,0xe6,
	0x51,0xf2,0xc2,0xf7,0x11,0x32,0xb7,0xa8,0xb8,0xac,0x33,0x6e,0x5a,0x11,0xdb,0x2f,
	0x44,0xd3,0xb7,0x36,0x85,0x8f,0x4c,0x06,0xaa,0xd3,0xd4,0x24,0xc1,0x9b,0x51,0xc6,
	0x46,0x6f,0xc1,0x2e,0xd2,0x2f,0x8b,0x6b,0xb0,0x69,0x17,0x03,0x03,0x00,0xfa,0x03,
	0x00,0x00,0x40,0x00,0x02,0x50,0x05,0x00,0x00,0x00,0x00,0x00,0x00,0x00,0x00,0x00,
	0x00,0x00,0x00,0xb2,0x4e,0x03,0x1c,0xe9,0xb5,0xf9,0xbf,0xb1,0x11,0xa5,0x33,0x00,
	0x00,0x00,0x00,0x0c,0x00,0x00,0x00,0x01,0x06,0x00,0x00,0x00,0x00,0x00,0x00,0x00,
	0x00,0x00,0x00,0x00,0x00,0x00,0x00,0x00,0x00,0x00,0x00,0x00,0x00,0x00,0x00,0x23,
	0x36,0x2a,0x61,0xed,0x5c,0x32,0x7b,0x43,0x8f,0x71,0x49,0x8c,0x8a,0x80,0xe2,0xef,
	0x05,0xa2,0x7b,0x59,0x73,0xf4,0x33,0x5c,0xa6,0xbf,0x08,0x0d,0x16,0xa5,0xbf,0x96,
	0x61,0x9a,0xd8,0x77,0xe5,0xf4,0x87,0x50,0xa1,0xd2,0xf4,0x31,0xb5,0x2a,0xb1,0x21,
	0x19,0xcd,0x9c,0x28,0xc4,0x8d,0x01,0x52,0xd4,0x66,0x4e,0x02,0xe6,0xa6,0x73,0x17,
	0x03,0x03,0x00,0xfa,
};

const struct replay_call replay_calls[1126] = {
	{ .seq = 0, .handle = 0x40000100, .type = 0, .expected_st = 0,
	  .n_in = 1, .n_out = 1,
	  .iv = { {0x2f0139e8, 64, 0, 64}, },
	  .ov = { {0x2f013a9c, 4}, } },
	{ .seq = 1, .handle = 0x40000100, .type = 0, .expected_st = 0,
	  .n_in = 1, .n_out = 1,
	  .iv = { {0x2f0139b0, 64, 64, 64}, },
	  .ov = { {0x2f013a3e, 2}, } },
	{ .seq = 2, .handle = 0x40000100, .type = 0, .expected_st = 0,
	  .n_in = 3, .n_out = 1,
	  .iv = { {0x2f013650, 64, 128, 64}, {0x2f0136b4, 28, 192, 28}, {0x2f0138c8, 65, 220, 64}, },
	  .ov = { {0x2f0136b0, 4}, } },
	{ .seq = 3, .handle = 0x40000100, .type = 0, .expected_st = 0,
	  .n_in = 1, .n_out = 0,
	  .iv = { {0x2f013660, 64, 284, 64}, },
	  .ov = { } },
	{ .seq = 4, .handle = 0x40000100, .type = 0, .expected_st = 0,
	  .n_in = 1, .n_out = 0,
	  .iv = { {0x2f013768, 64, 348, 64}, },
	  .ov = { } },
	{ .seq = 5, .handle = 0x40000100, .type = 0, .expected_st = 0,
	  .n_in = 1, .n_out = 1,
	  .iv = { {0x2f013958, 64, 412, 64}, },
	  .ov = { {0x2f0139e6, 2}, } },
	{ .seq = 6, .handle = 0x40000100, .type = 0, .expected_st = 0,
	  .n_in = 1, .n_out = 1,
	  .iv = { {0x2f013938, 64, 476, 64}, },
	  .ov = { {0x2f0139d4, 1}, } },
	{ .seq = 7, .handle = 0x40000100, .type = 0, .expected_st = 0,
	  .n_in = 1, .n_out = 1,
	  .iv = { {0x2f013938, 64, 540, 64}, },
	  .ov = { {0x2f0139d4, 4}, } },
	{ .seq = 8, .handle = 0x40000100, .type = 0, .expected_st = 0,
	  .n_in = 1, .n_out = 1,
	  .iv = { {0x2f0139b0, 64, 604, 64}, },
	  .ov = { {0x2f013a3e, 2}, } },
	{ .seq = 9, .handle = 0x40000100, .type = 0, .expected_st = 0,
	  .n_in = 3, .n_out = 1,
	  .iv = { {0x2f013650, 64, 668, 64}, {0x2f0136b4, 28, 732, 28}, {0x2f0138c8, 65, 760, 64}, },
	  .ov = { {0x2f0136b0, 4}, } },
	{ .seq = 10, .handle = 0x40000100, .type = 0, .expected_st = 0,
	  .n_in = 1, .n_out = 0,
	  .iv = { {0x2f013660, 64, 824, 64}, },
	  .ov = { } },
	{ .seq = 11, .handle = 0x40000100, .type = 0, .expected_st = 0,
	  .n_in = 1, .n_out = 0,
	  .iv = { {0x2f013768, 64, 888, 64}, },
	  .ov = { } },
	{ .seq = 12, .handle = 0x40000100, .type = 0, .expected_st = 0,
	  .n_in = 1, .n_out = 1,
	  .iv = { {0x2f013958, 64, 952, 64}, },
	  .ov = { {0x2f0139e6, 2}, } },
	{ .seq = 13, .handle = 0x40000100, .type = 0, .expected_st = 0,
	  .n_in = 1, .n_out = 1,
	  .iv = { {0x2f013938, 64, 1016, 64}, },
	  .ov = { {0x2f0139d4, 1}, } },
	{ .seq = 14, .handle = 0x40000100, .type = 0, .expected_st = 0,
	  .n_in = 1, .n_out = 1,
	  .iv = { {0x2f013938, 64, 1080, 64}, },
	  .ov = { {0x2f0139d4, 4}, } },
	{ .seq = 15, .handle = 0x40000100, .type = 0, .expected_st = 0,
	  .n_in = 1, .n_out = 1,
	  .iv = { {0x2f0139b0, 64, 1144, 64}, },
	  .ov = { {0x2f013a3e, 2}, } },
	{ .seq = 16, .handle = 0x40000100, .type = 0, .expected_st = 0,
	  .n_in = 3, .n_out = 1,
	  .iv = { {0x2f013650, 64, 1208, 64}, {0x2f0136b4, 28, 1272, 28}, {0x2f0138c8, 65, 1300, 64}, },
	  .ov = { {0x2f0136b0, 4}, } },
	{ .seq = 17, .handle = 0x40000100, .type = 0, .expected_st = 0,
	  .n_in = 1, .n_out = 0,
	  .iv = { {0x2f013660, 64, 1364, 64}, },
	  .ov = { } },
	{ .seq = 18, .handle = 0x40000100, .type = 0, .expected_st = 0,
	  .n_in = 1, .n_out = 0,
	  .iv = { {0x2f013768, 64, 1428, 64}, },
	  .ov = { } },
	{ .seq = 19, .handle = 0x40000100, .type = 0, .expected_st = 0,
	  .n_in = 1, .n_out = 1,
	  .iv = { {0x2f013958, 64, 1492, 64}, },
	  .ov = { {0x2f0139e6, 2}, } },
	{ .seq = 20, .handle = 0x40000100, .type = 0, .expected_st = 0,
	  .n_in = 1, .n_out = 1,
	  .iv = { {0x2f013938, 64, 1556, 64}, },
	  .ov = { {0x2f0139d4, 1}, } },
	{ .seq = 21, .handle = 0x40000100, .type = 0, .expected_st = 0,
	  .n_in = 1, .n_out = 1,
	  .iv = { {0x2f013938, 64, 1620, 64}, },
	  .ov = { {0x2f0139d4, 4}, } },
	{ .seq = 22, .handle = 0x40000100, .type = 0, .expected_st = 0,
	  .n_in = 1, .n_out = 1,
	  .iv = { {0x2f0139b0, 64, 1684, 64}, },
	  .ov = { {0x2f013a3e, 2}, } },
	{ .seq = 23, .handle = 0x40000100, .type = 0, .expected_st = 0,
	  .n_in = 3, .n_out = 1,
	  .iv = { {0x2f013650, 64, 1748, 64}, {0x2f0136b4, 28, 1812, 28}, {0x2f0138c8, 65, 1840, 64}, },
	  .ov = { {0x2f0136b0, 4}, } },
	{ .seq = 24, .handle = 0x40000100, .type = 0, .expected_st = 0,
	  .n_in = 1, .n_out = 0,
	  .iv = { {0x2f013660, 64, 1904, 64}, },
	  .ov = { } },
	{ .seq = 25, .handle = 0x40000100, .type = 0, .expected_st = 0,
	  .n_in = 1, .n_out = 0,
	  .iv = { {0x2f013768, 64, 1968, 64}, },
	  .ov = { } },
	{ .seq = 26, .handle = 0x40000100, .type = 0, .expected_st = 0,
	  .n_in = 1, .n_out = 1,
	  .iv = { {0x2f013958, 64, 2032, 64}, },
	  .ov = { {0x2f0139e6, 2}, } },
	{ .seq = 27, .handle = 0x40000100, .type = 0, .expected_st = 0,
	  .n_in = 1, .n_out = 1,
	  .iv = { {0x2f013938, 64, 2096, 64}, },
	  .ov = { {0x2f0139d4, 1}, } },
	{ .seq = 28, .handle = 0x40000100, .type = 0, .expected_st = 0,
	  .n_in = 1, .n_out = 1,
	  .iv = { {0x2f013938, 64, 2160, 64}, },
	  .ov = { {0x2f0139d4, 4}, } },
	{ .seq = 29, .handle = 0x40000100, .type = 0, .expected_st = 0,
	  .n_in = 1, .n_out = 1,
	  .iv = { {0x2f0139b0, 64, 2224, 64}, },
	  .ov = { {0x2f013a3e, 2}, } },
	{ .seq = 30, .handle = 0x40000100, .type = 0, .expected_st = 0,
	  .n_in = 3, .n_out = 1,
	  .iv = { {0x2f013650, 64, 2288, 64}, {0x2f0136b4, 28, 2352, 28}, {0x2f0138c8, 65, 2380, 64}, },
	  .ov = { {0x2f0136b0, 4}, } },
	{ .seq = 31, .handle = 0x40000100, .type = 0, .expected_st = 0,
	  .n_in = 1, .n_out = 0,
	  .iv = { {0x2f013660, 64, 2444, 64}, },
	  .ov = { } },
	{ .seq = 32, .handle = 0x40000100, .type = 0, .expected_st = 0,
	  .n_in = 1, .n_out = 0,
	  .iv = { {0x2f013768, 64, 2508, 64}, },
	  .ov = { } },
	{ .seq = 33, .handle = 0x40000100, .type = 0, .expected_st = 0,
	  .n_in = 1, .n_out = 1,
	  .iv = { {0x2f013958, 64, 2572, 64}, },
	  .ov = { {0x2f0139e6, 2}, } },
	{ .seq = 34, .handle = 0x40000100, .type = 0, .expected_st = 0,
	  .n_in = 1, .n_out = 1,
	  .iv = { {0x2f013938, 64, 2636, 64}, },
	  .ov = { {0x2f0139d4, 1}, } },
	{ .seq = 35, .handle = 0x40000100, .type = 0, .expected_st = 0,
	  .n_in = 1, .n_out = 1,
	  .iv = { {0x2f013938, 64, 2700, 64}, },
	  .ov = { {0x2f0139d4, 4}, } },
	{ .seq = 36, .handle = 0x40000100, .type = 0, .expected_st = 0,
	  .n_in = 1, .n_out = 1,
	  .iv = { {0x2f0139b0, 64, 2764, 64}, },
	  .ov = { {0x2f013a3e, 2}, } },
	{ .seq = 37, .handle = 0x40000100, .type = 0, .expected_st = 0,
	  .n_in = 3, .n_out = 1,
	  .iv = { {0x2f013650, 64, 2828, 64}, {0x2f0136b4, 28, 2892, 28}, {0x2f0138c8, 65, 2920, 64}, },
	  .ov = { {0x2f0136b0, 4}, } },
	{ .seq = 38, .handle = 0x40000100, .type = 0, .expected_st = 0,
	  .n_in = 1, .n_out = 0,
	  .iv = { {0x2f013660, 64, 2984, 64}, },
	  .ov = { } },
	{ .seq = 39, .handle = 0x40000100, .type = 0, .expected_st = 0,
	  .n_in = 1, .n_out = 0,
	  .iv = { {0x2f013768, 64, 3048, 64}, },
	  .ov = { } },
	{ .seq = 40, .handle = 0x40000100, .type = 0, .expected_st = 0,
	  .n_in = 1, .n_out = 1,
	  .iv = { {0x2f013958, 64, 3112, 64}, },
	  .ov = { {0x2f0139e6, 2}, } },
	{ .seq = 41, .handle = 0x40000100, .type = 0, .expected_st = 0,
	  .n_in = 1, .n_out = 1,
	  .iv = { {0x2f013938, 64, 3176, 64}, },
	  .ov = { {0x2f0139d4, 1}, } },
	{ .seq = 42, .handle = 0x40000100, .type = 0, .expected_st = 0,
	  .n_in = 1, .n_out = 1,
	  .iv = { {0x2f013938, 64, 3240, 64}, },
	  .ov = { {0x2f0139d4, 4}, } },
	{ .seq = 43, .handle = 0x40000100, .type = 0, .expected_st = 0,
	  .n_in = 1, .n_out = 1,
	  .iv = { {0x2f0139b0, 64, 3304, 64}, },
	  .ov = { {0x2f013a3e, 2}, } },
	{ .seq = 44, .handle = 0x40000100, .type = 0, .expected_st = 0,
	  .n_in = 3, .n_out = 1,
	  .iv = { {0x2f013650, 64, 3368, 64}, {0x2f0136b4, 28, 3432, 28}, {0x2f0138c8, 65, 3460, 64}, },
	  .ov = { {0x2f0136b0, 4}, } },
	{ .seq = 45, .handle = 0x40000100, .type = 0, .expected_st = 0,
	  .n_in = 1, .n_out = 0,
	  .iv = { {0x2f013660, 64, 3524, 64}, },
	  .ov = { } },
	{ .seq = 46, .handle = 0x40000100, .type = 0, .expected_st = 0,
	  .n_in = 1, .n_out = 0,
	  .iv = { {0x2f013768, 64, 3588, 64}, },
	  .ov = { } },
	{ .seq = 47, .handle = 0x40000100, .type = 0, .expected_st = 0,
	  .n_in = 1, .n_out = 1,
	  .iv = { {0x2f013958, 64, 3652, 64}, },
	  .ov = { {0x2f0139e6, 2}, } },
	{ .seq = 48, .handle = 0x40000100, .type = 0, .expected_st = 0,
	  .n_in = 1, .n_out = 1,
	  .iv = { {0x2f013938, 64, 3716, 64}, },
	  .ov = { {0x2f0139d4, 1}, } },
	{ .seq = 49, .handle = 0x40000100, .type = 0, .expected_st = 0,
	  .n_in = 1, .n_out = 1,
	  .iv = { {0x2f013938, 64, 3780, 64}, },
	  .ov = { {0x2f0139d4, 4}, } },
	{ .seq = 50, .handle = 0x40000100, .type = 0, .expected_st = 0,
	  .n_in = 1, .n_out = 1,
	  .iv = { {0x2f0139b0, 64, 3844, 64}, },
	  .ov = { {0x2f013a3e, 2}, } },
	{ .seq = 51, .handle = 0x40000100, .type = 0, .expected_st = 0,
	  .n_in = 3, .n_out = 1,
	  .iv = { {0x2f013650, 64, 3908, 64}, {0x2f0136b4, 28, 3972, 28}, {0x2f0138c8, 65, 4000, 64}, },
	  .ov = { {0x2f0136b0, 4}, } },
	{ .seq = 52, .handle = 0x40000100, .type = 0, .expected_st = 0,
	  .n_in = 1, .n_out = 0,
	  .iv = { {0x2f013660, 64, 4064, 64}, },
	  .ov = { } },
	{ .seq = 53, .handle = 0x40000100, .type = 0, .expected_st = 0,
	  .n_in = 1, .n_out = 0,
	  .iv = { {0x2f013768, 64, 4128, 64}, },
	  .ov = { } },
	{ .seq = 54, .handle = 0x40000100, .type = 0, .expected_st = 0,
	  .n_in = 1, .n_out = 1,
	  .iv = { {0x2f013958, 64, 4192, 64}, },
	  .ov = { {0x2f0139e6, 2}, } },
	{ .seq = 55, .handle = 0x40000100, .type = 0, .expected_st = 0,
	  .n_in = 1, .n_out = 1,
	  .iv = { {0x2f013938, 64, 4256, 64}, },
	  .ov = { {0x2f0139d4, 1}, } },
	{ .seq = 56, .handle = 0x40000100, .type = 0, .expected_st = 0,
	  .n_in = 1, .n_out = 1,
	  .iv = { {0x2f013938, 64, 4320, 64}, },
	  .ov = { {0x2f0139d4, 4}, } },
	{ .seq = 57, .handle = 0x40000100, .type = 0, .expected_st = 0,
	  .n_in = 1, .n_out = 1,
	  .iv = { {0x2f0139b0, 64, 4384, 64}, },
	  .ov = { {0x2f013a3e, 2}, } },
	{ .seq = 58, .handle = 0x40000100, .type = 0, .expected_st = 0,
	  .n_in = 3, .n_out = 1,
	  .iv = { {0x2f013650, 64, 4448, 64}, {0x2f0136b4, 28, 4512, 28}, {0x2f0138c8, 65, 4540, 64}, },
	  .ov = { {0x2f0136b0, 4}, } },
	{ .seq = 59, .handle = 0x40000100, .type = 0, .expected_st = 0,
	  .n_in = 1, .n_out = 0,
	  .iv = { {0x2f013660, 64, 4604, 64}, },
	  .ov = { } },
	{ .seq = 60, .handle = 0x40000100, .type = 0, .expected_st = 0,
	  .n_in = 1, .n_out = 0,
	  .iv = { {0x2f013768, 64, 4668, 64}, },
	  .ov = { } },
	{ .seq = 61, .handle = 0x40000100, .type = 0, .expected_st = 0,
	  .n_in = 1, .n_out = 1,
	  .iv = { {0x2f013958, 64, 4732, 64}, },
	  .ov = { {0x2f0139e6, 2}, } },
	{ .seq = 62, .handle = 0x40000100, .type = 0, .expected_st = 0,
	  .n_in = 1, .n_out = 1,
	  .iv = { {0x2f013938, 64, 4796, 64}, },
	  .ov = { {0x2f0139d4, 1}, } },
	{ .seq = 63, .handle = 0x40000100, .type = 0, .expected_st = 0,
	  .n_in = 1, .n_out = 1,
	  .iv = { {0x2f013938, 64, 4860, 64}, },
	  .ov = { {0x2f0139d4, 4}, } },
	{ .seq = 64, .handle = 0x40000100, .type = 0, .expected_st = 0,
	  .n_in = 1, .n_out = 1,
	  .iv = { {0x2f0139b0, 64, 4924, 64}, },
	  .ov = { {0x2f013a3e, 2}, } },
	{ .seq = 65, .handle = 0x40000100, .type = 0, .expected_st = 0,
	  .n_in = 3, .n_out = 1,
	  .iv = { {0x2f013650, 64, 4988, 64}, {0x2f0136b4, 28, 5052, 28}, {0x2f0138c8, 65, 5080, 64}, },
	  .ov = { {0x2f0136b0, 4}, } },
	{ .seq = 66, .handle = 0x40000100, .type = 0, .expected_st = 0,
	  .n_in = 1, .n_out = 0,
	  .iv = { {0x2f013660, 64, 5144, 64}, },
	  .ov = { } },
	{ .seq = 67, .handle = 0x40000100, .type = 0, .expected_st = 0,
	  .n_in = 1, .n_out = 0,
	  .iv = { {0x2f013768, 64, 5208, 64}, },
	  .ov = { } },
	{ .seq = 68, .handle = 0x40000100, .type = 0, .expected_st = 0,
	  .n_in = 1, .n_out = 1,
	  .iv = { {0x2f013958, 64, 5272, 64}, },
	  .ov = { {0x2f0139e6, 2}, } },
	{ .seq = 69, .handle = 0x40000100, .type = 0, .expected_st = 0,
	  .n_in = 1, .n_out = 1,
	  .iv = { {0x2f013938, 64, 5336, 64}, },
	  .ov = { {0x2f0139d4, 1}, } },
	{ .seq = 70, .handle = 0x40000100, .type = 0, .expected_st = 0,
	  .n_in = 1, .n_out = 1,
	  .iv = { {0x2f013938, 64, 5400, 64}, },
	  .ov = { {0x2f0139d4, 4}, } },
	{ .seq = 71, .handle = 0x40000100, .type = 0, .expected_st = 0,
	  .n_in = 1, .n_out = 1,
	  .iv = { {0x2f0139b0, 64, 5464, 64}, },
	  .ov = { {0x2f013a3e, 2}, } },
	{ .seq = 72, .handle = 0x40000100, .type = 0, .expected_st = 0,
	  .n_in = 3, .n_out = 1,
	  .iv = { {0x2f013650, 64, 5528, 64}, {0x2f0136b4, 28, 5592, 28}, {0x2f0138c8, 65, 5620, 64}, },
	  .ov = { {0x2f0136b0, 4}, } },
	{ .seq = 73, .handle = 0x40000100, .type = 0, .expected_st = 0,
	  .n_in = 1, .n_out = 0,
	  .iv = { {0x2f013660, 64, 5684, 64}, },
	  .ov = { } },
	{ .seq = 74, .handle = 0x40000100, .type = 0, .expected_st = 0,
	  .n_in = 1, .n_out = 0,
	  .iv = { {0x2f013768, 64, 5748, 64}, },
	  .ov = { } },
	{ .seq = 75, .handle = 0x40000100, .type = 0, .expected_st = 0,
	  .n_in = 1, .n_out = 1,
	  .iv = { {0x2f013958, 64, 5812, 64}, },
	  .ov = { {0x2f0139e6, 2}, } },
	{ .seq = 76, .handle = 0x40000100, .type = 0, .expected_st = 0,
	  .n_in = 1, .n_out = 1,
	  .iv = { {0x2f013938, 64, 5876, 64}, },
	  .ov = { {0x2f0139d4, 1}, } },
	{ .seq = 77, .handle = 0x40000100, .type = 0, .expected_st = 0,
	  .n_in = 1, .n_out = 1,
	  .iv = { {0x2f013938, 64, 5940, 64}, },
	  .ov = { {0x2f0139d4, 4}, } },
	{ .seq = 78, .handle = 0x40000100, .type = 0, .expected_st = 0,
	  .n_in = 1, .n_out = 1,
	  .iv = { {0x2f0139b0, 64, 6004, 64}, },
	  .ov = { {0x2f013a3e, 2}, } },
	{ .seq = 79, .handle = 0x40000100, .type = 0, .expected_st = 0,
	  .n_in = 3, .n_out = 1,
	  .iv = { {0x2f013650, 64, 6068, 64}, {0x2f0136b4, 28, 6132, 28}, {0x2f0138c8, 65, 6160, 64}, },
	  .ov = { {0x2f0136b0, 4}, } },
	{ .seq = 80, .handle = 0x40000100, .type = 0, .expected_st = 0,
	  .n_in = 1, .n_out = 0,
	  .iv = { {0x2f013660, 64, 6224, 64}, },
	  .ov = { } },
	{ .seq = 81, .handle = 0x40000100, .type = 0, .expected_st = 0,
	  .n_in = 1, .n_out = 0,
	  .iv = { {0x2f013768, 64, 6288, 64}, },
	  .ov = { } },
	{ .seq = 82, .handle = 0x40000100, .type = 0, .expected_st = 0,
	  .n_in = 1, .n_out = 1,
	  .iv = { {0x2f013958, 64, 6352, 64}, },
	  .ov = { {0x2f0139e6, 2}, } },
	{ .seq = 83, .handle = 0x40000100, .type = 0, .expected_st = 0,
	  .n_in = 1, .n_out = 1,
	  .iv = { {0x2f013938, 64, 6416, 64}, },
	  .ov = { {0x2f0139d4, 1}, } },
	{ .seq = 84, .handle = 0x40000100, .type = 0, .expected_st = 0,
	  .n_in = 1, .n_out = 1,
	  .iv = { {0x2f013938, 64, 6480, 64}, },
	  .ov = { {0x2f0139d4, 4}, } },
	{ .seq = 85, .handle = 0x40000100, .type = 0, .expected_st = 0,
	  .n_in = 1, .n_out = 1,
	  .iv = { {0x2f0139b0, 64, 6544, 64}, },
	  .ov = { {0x2f013a3e, 2}, } },
	{ .seq = 86, .handle = 0x40000100, .type = 0, .expected_st = 0,
	  .n_in = 3, .n_out = 1,
	  .iv = { {0x2f013650, 64, 6608, 64}, {0x2f0136b4, 28, 6672, 28}, {0x2f0138c8, 65, 6700, 64}, },
	  .ov = { {0x2f0136b0, 4}, } },
	{ .seq = 87, .handle = 0x40000100, .type = 0, .expected_st = 0,
	  .n_in = 1, .n_out = 0,
	  .iv = { {0x2f013660, 64, 6764, 64}, },
	  .ov = { } },
	{ .seq = 88, .handle = 0x40000100, .type = 0, .expected_st = 0,
	  .n_in = 1, .n_out = 0,
	  .iv = { {0x2f013768, 64, 6828, 64}, },
	  .ov = { } },
	{ .seq = 89, .handle = 0x40000100, .type = 0, .expected_st = 0,
	  .n_in = 1, .n_out = 1,
	  .iv = { {0x2f013958, 64, 6892, 64}, },
	  .ov = { {0x2f0139e6, 2}, } },
	{ .seq = 90, .handle = 0x40000100, .type = 0, .expected_st = 0,
	  .n_in = 1, .n_out = 1,
	  .iv = { {0x2f013938, 64, 6956, 64}, },
	  .ov = { {0x2f0139d4, 1}, } },
	{ .seq = 91, .handle = 0x40000100, .type = 0, .expected_st = 0,
	  .n_in = 1, .n_out = 1,
	  .iv = { {0x2f013938, 64, 7020, 64}, },
	  .ov = { {0x2f0139d4, 4}, } },
	{ .seq = 92, .handle = 0x40000100, .type = 0, .expected_st = 0,
	  .n_in = 1, .n_out = 1,
	  .iv = { {0x2f0139b0, 64, 7084, 64}, },
	  .ov = { {0x2f013a3e, 2}, } },
	{ .seq = 93, .handle = 0x40000100, .type = 0, .expected_st = 0,
	  .n_in = 3, .n_out = 1,
	  .iv = { {0x2f013650, 64, 7148, 64}, {0x2f0136b4, 28, 7212, 28}, {0x2f0138c8, 65, 7240, 64}, },
	  .ov = { {0x2f0136b0, 4}, } },
	{ .seq = 94, .handle = 0x40000100, .type = 0, .expected_st = 0,
	  .n_in = 1, .n_out = 0,
	  .iv = { {0x2f013660, 64, 7304, 64}, },
	  .ov = { } },
	{ .seq = 95, .handle = 0x40000100, .type = 0, .expected_st = 0,
	  .n_in = 1, .n_out = 0,
	  .iv = { {0x2f013768, 64, 7368, 64}, },
	  .ov = { } },
	{ .seq = 96, .handle = 0x40000100, .type = 0, .expected_st = 0,
	  .n_in = 1, .n_out = 1,
	  .iv = { {0x2f013958, 64, 7432, 64}, },
	  .ov = { {0x2f0139e6, 2}, } },
	{ .seq = 97, .handle = 0x40000100, .type = 0, .expected_st = 0,
	  .n_in = 1, .n_out = 1,
	  .iv = { {0x2f013938, 64, 7496, 64}, },
	  .ov = { {0x2f0139d4, 1}, } },
	{ .seq = 98, .handle = 0x40000100, .type = 0, .expected_st = 0,
	  .n_in = 1, .n_out = 1,
	  .iv = { {0x2f013938, 64, 7560, 64}, },
	  .ov = { {0x2f0139d4, 4}, } },
	{ .seq = 99, .handle = 0x40000100, .type = 0, .expected_st = 0,
	  .n_in = 1, .n_out = 1,
	  .iv = { {0x2f0139b0, 64, 7624, 64}, },
	  .ov = { {0x2f013a3e, 2}, } },
	{ .seq = 100, .handle = 0x40000100, .type = 0, .expected_st = 0,
	  .n_in = 3, .n_out = 1,
	  .iv = { {0x2f013650, 64, 7688, 64}, {0x2f0136b4, 28, 7752, 28}, {0x2f0138c8, 65, 7780, 64}, },
	  .ov = { {0x2f0136b0, 4}, } },
	{ .seq = 101, .handle = 0x40000100, .type = 0, .expected_st = 0,
	  .n_in = 1, .n_out = 0,
	  .iv = { {0x2f013660, 64, 7844, 64}, },
	  .ov = { } },
	{ .seq = 102, .handle = 0x40000100, .type = 0, .expected_st = 0,
	  .n_in = 1, .n_out = 0,
	  .iv = { {0x2f013768, 64, 7908, 64}, },
	  .ov = { } },
	{ .seq = 103, .handle = 0x40000100, .type = 0, .expected_st = 0,
	  .n_in = 1, .n_out = 1,
	  .iv = { {0x2f013958, 64, 7972, 64}, },
	  .ov = { {0x2f0139e6, 2}, } },
	{ .seq = 104, .handle = 0x40000100, .type = 0, .expected_st = 0,
	  .n_in = 1, .n_out = 1,
	  .iv = { {0x2f013938, 64, 8036, 64}, },
	  .ov = { {0x2f0139d4, 1}, } },
	{ .seq = 105, .handle = 0x40000100, .type = 0, .expected_st = 0,
	  .n_in = 1, .n_out = 1,
	  .iv = { {0x2f013938, 64, 8100, 64}, },
	  .ov = { {0x2f0139d4, 4}, } },
	{ .seq = 106, .handle = 0x40000100, .type = 0, .expected_st = 0,
	  .n_in = 1, .n_out = 1,
	  .iv = { {0x2f0139b0, 64, 8164, 64}, },
	  .ov = { {0x2f013a3e, 2}, } },
	{ .seq = 107, .handle = 0x40000100, .type = 0, .expected_st = 0,
	  .n_in = 3, .n_out = 1,
	  .iv = { {0x2f013650, 64, 8228, 64}, {0x2f0136b4, 28, 8292, 28}, {0x2f0138c8, 65, 8320, 64}, },
	  .ov = { {0x2f0136b0, 4}, } },
	{ .seq = 108, .handle = 0x40000100, .type = 0, .expected_st = 0,
	  .n_in = 1, .n_out = 0,
	  .iv = { {0x2f013660, 64, 8384, 64}, },
	  .ov = { } },
	{ .seq = 109, .handle = 0x40000100, .type = 0, .expected_st = 0,
	  .n_in = 1, .n_out = 0,
	  .iv = { {0x2f013768, 64, 8448, 64}, },
	  .ov = { } },
	{ .seq = 110, .handle = 0x40000100, .type = 0, .expected_st = 0,
	  .n_in = 1, .n_out = 1,
	  .iv = { {0x2f013958, 64, 8512, 64}, },
	  .ov = { {0x2f0139e6, 2}, } },
	{ .seq = 111, .handle = 0x40000100, .type = 0, .expected_st = 0,
	  .n_in = 1, .n_out = 1,
	  .iv = { {0x2f013938, 64, 8576, 64}, },
	  .ov = { {0x2f0139d4, 1}, } },
	{ .seq = 112, .handle = 0x40000100, .type = 0, .expected_st = 0,
	  .n_in = 1, .n_out = 1,
	  .iv = { {0x2f013938, 64, 8640, 64}, },
	  .ov = { {0x2f0139d4, 4}, } },
	{ .seq = 113, .handle = 0x40000100, .type = 0, .expected_st = 0,
	  .n_in = 1, .n_out = 1,
	  .iv = { {0x2f0139b0, 64, 8704, 64}, },
	  .ov = { {0x2f013a3e, 2}, } },
	{ .seq = 114, .handle = 0x40000100, .type = 0, .expected_st = 0,
	  .n_in = 3, .n_out = 1,
	  .iv = { {0x2f013650, 64, 8768, 64}, {0x2f0136b4, 28, 8832, 28}, {0x2f0138c8, 65, 8860, 64}, },
	  .ov = { {0x2f0136b0, 4}, } },
	{ .seq = 115, .handle = 0x40000100, .type = 0, .expected_st = 0,
	  .n_in = 1, .n_out = 0,
	  .iv = { {0x2f013660, 64, 8924, 64}, },
	  .ov = { } },
	{ .seq = 116, .handle = 0x40000100, .type = 0, .expected_st = 0,
	  .n_in = 1, .n_out = 0,
	  .iv = { {0x2f013768, 64, 8988, 64}, },
	  .ov = { } },
	{ .seq = 117, .handle = 0x40000100, .type = 0, .expected_st = 0,
	  .n_in = 1, .n_out = 1,
	  .iv = { {0x2f013958, 64, 9052, 64}, },
	  .ov = { {0x2f0139e6, 2}, } },
	{ .seq = 118, .handle = 0x40000100, .type = 0, .expected_st = 0,
	  .n_in = 1, .n_out = 1,
	  .iv = { {0x2f013938, 64, 9116, 64}, },
	  .ov = { {0x2f0139d4, 1}, } },
	{ .seq = 119, .handle = 0x40000100, .type = 0, .expected_st = 0,
	  .n_in = 1, .n_out = 1,
	  .iv = { {0x2f013938, 64, 9180, 64}, },
	  .ov = { {0x2f0139d4, 4}, } },
	{ .seq = 120, .handle = 0x40000100, .type = 0, .expected_st = 0,
	  .n_in = 1, .n_out = 1,
	  .iv = { {0x2f0139b0, 64, 9244, 64}, },
	  .ov = { {0x2f013a3e, 2}, } },
	{ .seq = 121, .handle = 0x40000100, .type = 0, .expected_st = 0,
	  .n_in = 3, .n_out = 1,
	  .iv = { {0x2f013650, 64, 9308, 64}, {0x2f0136b4, 28, 9372, 28}, {0x2f0138c8, 65, 9400, 64}, },
	  .ov = { {0x2f0136b0, 4}, } },
	{ .seq = 122, .handle = 0x40000100, .type = 0, .expected_st = 0,
	  .n_in = 1, .n_out = 0,
	  .iv = { {0x2f013660, 64, 9464, 64}, },
	  .ov = { } },
	{ .seq = 123, .handle = 0x40000100, .type = 0, .expected_st = 0,
	  .n_in = 1, .n_out = 0,
	  .iv = { {0x2f013768, 64, 9528, 64}, },
	  .ov = { } },
	{ .seq = 124, .handle = 0x40000100, .type = 0, .expected_st = 0,
	  .n_in = 1, .n_out = 1,
	  .iv = { {0x2f013958, 64, 9592, 64}, },
	  .ov = { {0x2f0139e6, 2}, } },
	{ .seq = 125, .handle = 0x40000100, .type = 0, .expected_st = 0,
	  .n_in = 1, .n_out = 1,
	  .iv = { {0x2f013938, 64, 9656, 64}, },
	  .ov = { {0x2f0139d4, 1}, } },
	{ .seq = 126, .handle = 0x40000100, .type = 0, .expected_st = 0,
	  .n_in = 1, .n_out = 1,
	  .iv = { {0x2f013938, 64, 9720, 64}, },
	  .ov = { {0x2f0139d4, 4}, } },
	{ .seq = 127, .handle = 0x40000100, .type = 0, .expected_st = 0,
	  .n_in = 1, .n_out = 1,
	  .iv = { {0x2f0139b0, 64, 9784, 64}, },
	  .ov = { {0x2f013a3e, 2}, } },
	{ .seq = 128, .handle = 0x40000100, .type = 0, .expected_st = 0,
	  .n_in = 3, .n_out = 1,
	  .iv = { {0x2f013650, 64, 9848, 64}, {0x2f0136b4, 28, 9912, 28}, {0x2f0138c8, 65, 9940, 64}, },
	  .ov = { {0x2f0136b0, 4}, } },
	{ .seq = 129, .handle = 0x40000100, .type = 0, .expected_st = 0,
	  .n_in = 1, .n_out = 0,
	  .iv = { {0x2f013660, 64, 10004, 64}, },
	  .ov = { } },
	{ .seq = 130, .handle = 0x40000100, .type = 0, .expected_st = 0,
	  .n_in = 1, .n_out = 0,
	  .iv = { {0x2f013768, 64, 10068, 64}, },
	  .ov = { } },
	{ .seq = 131, .handle = 0x40000100, .type = 0, .expected_st = 0,
	  .n_in = 1, .n_out = 1,
	  .iv = { {0x2f013958, 64, 10132, 64}, },
	  .ov = { {0x2f0139e6, 2}, } },
	{ .seq = 132, .handle = 0x40000100, .type = 0, .expected_st = 0,
	  .n_in = 1, .n_out = 1,
	  .iv = { {0x2f013938, 64, 10196, 64}, },
	  .ov = { {0x2f0139d4, 1}, } },
	{ .seq = 133, .handle = 0x40000100, .type = 0, .expected_st = 0,
	  .n_in = 1, .n_out = 1,
	  .iv = { {0x2f013938, 64, 10260, 64}, },
	  .ov = { {0x2f0139d4, 4}, } },
	{ .seq = 134, .handle = 0x40000100, .type = 0, .expected_st = 0,
	  .n_in = 1, .n_out = 1,
	  .iv = { {0x2f0139b0, 64, 10324, 64}, },
	  .ov = { {0x2f013a3e, 2}, } },
	{ .seq = 135, .handle = 0x40000100, .type = 0, .expected_st = 0,
	  .n_in = 3, .n_out = 1,
	  .iv = { {0x2f013650, 64, 10388, 64}, {0x2f0136b4, 28, 10452, 28}, {0x2f0138c8, 65, 10480, 64}, },
	  .ov = { {0x2f0136b0, 4}, } },
	{ .seq = 136, .handle = 0x40000100, .type = 0, .expected_st = 0,
	  .n_in = 1, .n_out = 0,
	  .iv = { {0x2f013660, 64, 10544, 64}, },
	  .ov = { } },
	{ .seq = 137, .handle = 0x40000100, .type = 0, .expected_st = 0,
	  .n_in = 1, .n_out = 0,
	  .iv = { {0x2f013768, 64, 10608, 64}, },
	  .ov = { } },
	{ .seq = 138, .handle = 0x40000100, .type = 0, .expected_st = 0,
	  .n_in = 1, .n_out = 1,
	  .iv = { {0x2f013958, 64, 10672, 64}, },
	  .ov = { {0x2f0139e6, 2}, } },
	{ .seq = 139, .handle = 0x40000100, .type = 0, .expected_st = 0,
	  .n_in = 1, .n_out = 1,
	  .iv = { {0x2f013938, 64, 10736, 64}, },
	  .ov = { {0x2f0139d4, 1}, } },
	{ .seq = 140, .handle = 0x40000100, .type = 0, .expected_st = 0,
	  .n_in = 1, .n_out = 1,
	  .iv = { {0x2f013938, 64, 10800, 64}, },
	  .ov = { {0x2f0139d4, 4}, } },
	{ .seq = 141, .handle = 0x40000100, .type = 0, .expected_st = 0,
	  .n_in = 1, .n_out = 1,
	  .iv = { {0x2f0139b0, 64, 10864, 64}, },
	  .ov = { {0x2f013a3e, 2}, } },
	{ .seq = 142, .handle = 0x40000100, .type = 0, .expected_st = 0,
	  .n_in = 3, .n_out = 1,
	  .iv = { {0x2f013650, 64, 10928, 64}, {0x2f0136b4, 28, 10992, 28}, {0x2f0138c8, 65, 11020, 64}, },
	  .ov = { {0x2f0136b0, 4}, } },
	{ .seq = 143, .handle = 0x40000100, .type = 0, .expected_st = 0,
	  .n_in = 1, .n_out = 0,
	  .iv = { {0x2f013660, 64, 11084, 64}, },
	  .ov = { } },
	{ .seq = 144, .handle = 0x40000100, .type = 0, .expected_st = 0,
	  .n_in = 1, .n_out = 0,
	  .iv = { {0x2f013768, 64, 11148, 64}, },
	  .ov = { } },
	{ .seq = 145, .handle = 0x40000100, .type = 0, .expected_st = 0,
	  .n_in = 1, .n_out = 1,
	  .iv = { {0x2f013958, 64, 11212, 64}, },
	  .ov = { {0x2f0139e6, 2}, } },
	{ .seq = 146, .handle = 0x40000100, .type = 0, .expected_st = 0,
	  .n_in = 1, .n_out = 1,
	  .iv = { {0x2f013938, 64, 11276, 64}, },
	  .ov = { {0x2f0139d4, 1}, } },
	{ .seq = 147, .handle = 0x40000100, .type = 0, .expected_st = 0,
	  .n_in = 1, .n_out = 1,
	  .iv = { {0x2f013938, 64, 11340, 64}, },
	  .ov = { {0x2f0139d4, 4}, } },
	{ .seq = 148, .handle = 0x40000100, .type = 0, .expected_st = 0,
	  .n_in = 1, .n_out = 1,
	  .iv = { {0x2f0139b0, 64, 11404, 64}, },
	  .ov = { {0x2f013a3e, 2}, } },
	{ .seq = 149, .handle = 0x40000100, .type = 0, .expected_st = 0,
	  .n_in = 3, .n_out = 1,
	  .iv = { {0x2f013650, 64, 11468, 64}, {0x2f0136b4, 28, 11532, 28}, {0x2f0138c8, 65, 11560, 64}, },
	  .ov = { {0x2f0136b0, 4}, } },
	{ .seq = 150, .handle = 0x40000100, .type = 0, .expected_st = 0,
	  .n_in = 1, .n_out = 0,
	  .iv = { {0x2f013660, 64, 11624, 64}, },
	  .ov = { } },
	{ .seq = 151, .handle = 0x40000100, .type = 0, .expected_st = 0,
	  .n_in = 1, .n_out = 0,
	  .iv = { {0x2f013768, 64, 11688, 64}, },
	  .ov = { } },
	{ .seq = 152, .handle = 0x40000100, .type = 0, .expected_st = 0,
	  .n_in = 1, .n_out = 1,
	  .iv = { {0x2f013958, 64, 11752, 64}, },
	  .ov = { {0x2f0139e6, 2}, } },
	{ .seq = 153, .handle = 0x40000100, .type = 0, .expected_st = 0,
	  .n_in = 1, .n_out = 1,
	  .iv = { {0x2f013938, 64, 11816, 64}, },
	  .ov = { {0x2f0139d4, 1}, } },
	{ .seq = 154, .handle = 0x40000100, .type = 0, .expected_st = 0,
	  .n_in = 1, .n_out = 1,
	  .iv = { {0x2f013938, 64, 11880, 64}, },
	  .ov = { {0x2f0139d4, 4}, } },
	{ .seq = 155, .handle = 0x40000100, .type = 0, .expected_st = 0,
	  .n_in = 1, .n_out = 1,
	  .iv = { {0x2f0139b0, 64, 11944, 64}, },
	  .ov = { {0x2f013a3e, 2}, } },
	{ .seq = 156, .handle = 0x40000100, .type = 0, .expected_st = 0,
	  .n_in = 3, .n_out = 1,
	  .iv = { {0x2f013650, 64, 12008, 64}, {0x2f0136b4, 28, 12072, 28}, {0x2f0138c8, 65, 12100, 64}, },
	  .ov = { {0x2f0136b0, 4}, } },
	{ .seq = 157, .handle = 0x40000100, .type = 0, .expected_st = 0,
	  .n_in = 1, .n_out = 0,
	  .iv = { {0x2f013660, 64, 12164, 64}, },
	  .ov = { } },
	{ .seq = 158, .handle = 0x40000100, .type = 0, .expected_st = 0,
	  .n_in = 1, .n_out = 0,
	  .iv = { {0x2f013768, 64, 12228, 64}, },
	  .ov = { } },
	{ .seq = 159, .handle = 0x40000100, .type = 0, .expected_st = 0,
	  .n_in = 1, .n_out = 1,
	  .iv = { {0x2f013958, 64, 12292, 64}, },
	  .ov = { {0x2f0139e6, 2}, } },
	{ .seq = 160, .handle = 0x40000100, .type = 0, .expected_st = 0,
	  .n_in = 1, .n_out = 1,
	  .iv = { {0x2f013938, 64, 12356, 64}, },
	  .ov = { {0x2f0139d4, 1}, } },
	{ .seq = 161, .handle = 0x40000100, .type = 0, .expected_st = 0,
	  .n_in = 1, .n_out = 1,
	  .iv = { {0x2f013938, 64, 12420, 64}, },
	  .ov = { {0x2f0139d4, 4}, } },
	{ .seq = 162, .handle = 0x40000100, .type = 0, .expected_st = 0,
	  .n_in = 1, .n_out = 1,
	  .iv = { {0x2f0139b0, 64, 12484, 64}, },
	  .ov = { {0x2f013a3e, 2}, } },
	{ .seq = 163, .handle = 0x40000100, .type = 0, .expected_st = 0,
	  .n_in = 3, .n_out = 1,
	  .iv = { {0x2f013650, 64, 12548, 64}, {0x2f0136b4, 28, 12612, 28}, {0x2f0138c8, 65, 12640, 64}, },
	  .ov = { {0x2f0136b0, 4}, } },
	{ .seq = 164, .handle = 0x40000100, .type = 0, .expected_st = 0,
	  .n_in = 1, .n_out = 0,
	  .iv = { {0x2f013660, 64, 12704, 64}, },
	  .ov = { } },
	{ .seq = 165, .handle = 0x40000100, .type = 0, .expected_st = 0,
	  .n_in = 1, .n_out = 0,
	  .iv = { {0x2f013768, 64, 12768, 64}, },
	  .ov = { } },
	{ .seq = 166, .handle = 0x40000100, .type = 0, .expected_st = 0,
	  .n_in = 1, .n_out = 1,
	  .iv = { {0x2f013958, 64, 12832, 64}, },
	  .ov = { {0x2f0139e6, 2}, } },
	{ .seq = 167, .handle = 0x40000100, .type = 0, .expected_st = 0,
	  .n_in = 1, .n_out = 1,
	  .iv = { {0x2f013938, 64, 12896, 64}, },
	  .ov = { {0x2f0139d4, 1}, } },
	{ .seq = 168, .handle = 0x40000100, .type = 0, .expected_st = 0,
	  .n_in = 1, .n_out = 1,
	  .iv = { {0x2f013938, 64, 12960, 64}, },
	  .ov = { {0x2f0139d4, 4}, } },
	{ .seq = 169, .handle = 0x40000100, .type = 0, .expected_st = 0,
	  .n_in = 1, .n_out = 1,
	  .iv = { {0x2f0139b0, 64, 13024, 64}, },
	  .ov = { {0x2f013a3e, 2}, } },
	{ .seq = 170, .handle = 0x40000100, .type = 0, .expected_st = 0,
	  .n_in = 3, .n_out = 1,
	  .iv = { {0x2f013650, 64, 13088, 64}, {0x2f0136b4, 28, 13152, 28}, {0x2f0138c8, 65, 13180, 64}, },
	  .ov = { {0x2f0136b0, 4}, } },
	{ .seq = 171, .handle = 0x40000100, .type = 0, .expected_st = 0,
	  .n_in = 1, .n_out = 0,
	  .iv = { {0x2f013660, 64, 13244, 64}, },
	  .ov = { } },
	{ .seq = 172, .handle = 0x40000100, .type = 0, .expected_st = 0,
	  .n_in = 1, .n_out = 0,
	  .iv = { {0x2f013768, 64, 13308, 64}, },
	  .ov = { } },
	{ .seq = 173, .handle = 0x40000100, .type = 0, .expected_st = 0,
	  .n_in = 1, .n_out = 1,
	  .iv = { {0x2f013958, 64, 13372, 64}, },
	  .ov = { {0x2f0139e6, 2}, } },
	{ .seq = 174, .handle = 0x40000100, .type = 0, .expected_st = 0,
	  .n_in = 1, .n_out = 1,
	  .iv = { {0x2f013938, 64, 13436, 64}, },
	  .ov = { {0x2f0139d4, 1}, } },
	{ .seq = 175, .handle = 0x40000100, .type = 0, .expected_st = 0,
	  .n_in = 1, .n_out = 1,
	  .iv = { {0x2f013938, 64, 13500, 64}, },
	  .ov = { {0x2f0139d4, 4}, } },
	{ .seq = 176, .handle = 0x40000100, .type = 0, .expected_st = 0,
	  .n_in = 1, .n_out = 1,
	  .iv = { {0x2f0139b0, 64, 13564, 64}, },
	  .ov = { {0x2f013a3e, 2}, } },
	{ .seq = 177, .handle = 0x40000100, .type = 0, .expected_st = 0,
	  .n_in = 3, .n_out = 1,
	  .iv = { {0x2f013650, 64, 13628, 64}, {0x2f0136b4, 28, 13692, 28}, {0x2f0138c8, 65, 13720, 64}, },
	  .ov = { {0x2f0136b0, 4}, } },
	{ .seq = 178, .handle = 0x40000100, .type = 0, .expected_st = 0,
	  .n_in = 1, .n_out = 0,
	  .iv = { {0x2f013660, 64, 13784, 64}, },
	  .ov = { } },
	{ .seq = 179, .handle = 0x40000100, .type = 0, .expected_st = 0,
	  .n_in = 1, .n_out = 0,
	  .iv = { {0x2f013768, 64, 13848, 64}, },
	  .ov = { } },
	{ .seq = 180, .handle = 0x40000100, .type = 0, .expected_st = 0,
	  .n_in = 1, .n_out = 1,
	  .iv = { {0x2f013958, 64, 13912, 64}, },
	  .ov = { {0x2f0139e6, 2}, } },
	{ .seq = 181, .handle = 0x40000100, .type = 0, .expected_st = 0,
	  .n_in = 1, .n_out = 1,
	  .iv = { {0x2f013938, 64, 13976, 64}, },
	  .ov = { {0x2f0139d4, 1}, } },
	{ .seq = 182, .handle = 0x40000100, .type = 0, .expected_st = 0,
	  .n_in = 1, .n_out = 1,
	  .iv = { {0x2f013938, 64, 14040, 64}, },
	  .ov = { {0x2f0139d4, 4}, } },
	{ .seq = 183, .handle = 0x40000100, .type = 0, .expected_st = 0,
	  .n_in = 1, .n_out = 1,
	  .iv = { {0x2f0139b0, 64, 14104, 64}, },
	  .ov = { {0x2f013a3e, 2}, } },
	{ .seq = 184, .handle = 0x40000100, .type = 0, .expected_st = 0,
	  .n_in = 3, .n_out = 1,
	  .iv = { {0x2f013650, 64, 14168, 64}, {0x2f0136b4, 28, 14232, 28}, {0x2f0138c8, 65, 14260, 64}, },
	  .ov = { {0x2f0136b0, 4}, } },
	{ .seq = 185, .handle = 0x40000100, .type = 0, .expected_st = 0,
	  .n_in = 1, .n_out = 0,
	  .iv = { {0x2f013660, 64, 14324, 64}, },
	  .ov = { } },
	{ .seq = 186, .handle = 0x40000100, .type = 0, .expected_st = 0,
	  .n_in = 1, .n_out = 0,
	  .iv = { {0x2f013768, 64, 14388, 64}, },
	  .ov = { } },
	{ .seq = 187, .handle = 0x40000100, .type = 0, .expected_st = 0,
	  .n_in = 1, .n_out = 1,
	  .iv = { {0x2f013958, 64, 14452, 64}, },
	  .ov = { {0x2f0139e6, 2}, } },
	{ .seq = 188, .handle = 0x40000100, .type = 0, .expected_st = 0,
	  .n_in = 1, .n_out = 1,
	  .iv = { {0x2f013938, 64, 14516, 64}, },
	  .ov = { {0x2f0139d4, 1}, } },
	{ .seq = 189, .handle = 0x40000100, .type = 0, .expected_st = 0,
	  .n_in = 1, .n_out = 1,
	  .iv = { {0x2f013938, 64, 14580, 64}, },
	  .ov = { {0x2f0139d4, 4}, } },
	{ .seq = 190, .handle = 0x40000100, .type = 0, .expected_st = 0,
	  .n_in = 1, .n_out = 1,
	  .iv = { {0x2f0139b0, 64, 14644, 64}, },
	  .ov = { {0x2f013a3e, 2}, } },
	{ .seq = 191, .handle = 0x40000100, .type = 0, .expected_st = 0,
	  .n_in = 3, .n_out = 1,
	  .iv = { {0x2f013650, 64, 14708, 64}, {0x2f0136b4, 28, 14772, 28}, {0x2f0138c8, 65, 14800, 64}, },
	  .ov = { {0x2f0136b0, 4}, } },
	{ .seq = 192, .handle = 0x40000100, .type = 0, .expected_st = 0,
	  .n_in = 1, .n_out = 0,
	  .iv = { {0x2f013660, 64, 14864, 64}, },
	  .ov = { } },
	{ .seq = 193, .handle = 0x40000100, .type = 0, .expected_st = 0,
	  .n_in = 1, .n_out = 0,
	  .iv = { {0x2f013768, 64, 14928, 64}, },
	  .ov = { } },
	{ .seq = 194, .handle = 0x40000100, .type = 0, .expected_st = 0,
	  .n_in = 1, .n_out = 1,
	  .iv = { {0x2f013958, 64, 14992, 64}, },
	  .ov = { {0x2f0139e6, 2}, } },
	{ .seq = 195, .handle = 0x40000100, .type = 0, .expected_st = 0,
	  .n_in = 1, .n_out = 1,
	  .iv = { {0x2f013938, 64, 15056, 64}, },
	  .ov = { {0x2f0139d4, 1}, } },
	{ .seq = 196, .handle = 0x40000100, .type = 0, .expected_st = 0,
	  .n_in = 1, .n_out = 1,
	  .iv = { {0x2f013938, 64, 15120, 64}, },
	  .ov = { {0x2f0139d4, 4}, } },
	{ .seq = 197, .handle = 0x40000100, .type = 0, .expected_st = 0,
	  .n_in = 1, .n_out = 1,
	  .iv = { {0x2f0139b0, 64, 15184, 64}, },
	  .ov = { {0x2f013a3e, 2}, } },
	{ .seq = 198, .handle = 0x40000100, .type = 0, .expected_st = 0,
	  .n_in = 3, .n_out = 1,
	  .iv = { {0x2f013650, 64, 15248, 64}, {0x2f0136b4, 28, 15312, 28}, {0x2f0138c8, 65, 15340, 64}, },
	  .ov = { {0x2f0136b0, 4}, } },
	{ .seq = 199, .handle = 0x40000100, .type = 0, .expected_st = 0,
	  .n_in = 1, .n_out = 0,
	  .iv = { {0x2f013660, 64, 15404, 64}, },
	  .ov = { } },
	{ .seq = 200, .handle = 0x40000100, .type = 0, .expected_st = 0,
	  .n_in = 1, .n_out = 0,
	  .iv = { {0x2f013768, 64, 15468, 64}, },
	  .ov = { } },
	{ .seq = 201, .handle = 0x40000100, .type = 0, .expected_st = 0,
	  .n_in = 1, .n_out = 1,
	  .iv = { {0x2f013958, 64, 15532, 64}, },
	  .ov = { {0x2f0139e6, 2}, } },
	{ .seq = 202, .handle = 0x40000100, .type = 0, .expected_st = 0,
	  .n_in = 1, .n_out = 1,
	  .iv = { {0x2f013938, 64, 15596, 64}, },
	  .ov = { {0x2f0139d4, 1}, } },
	{ .seq = 203, .handle = 0x40000100, .type = 0, .expected_st = 0,
	  .n_in = 1, .n_out = 1,
	  .iv = { {0x2f013938, 64, 15660, 64}, },
	  .ov = { {0x2f0139d4, 4}, } },
	{ .seq = 204, .handle = 0x40000100, .type = 0, .expected_st = 0,
	  .n_in = 1, .n_out = 1,
	  .iv = { {0x2f0139b0, 64, 15724, 64}, },
	  .ov = { {0x2f013a3e, 2}, } },
	{ .seq = 205, .handle = 0x40000100, .type = 0, .expected_st = 0,
	  .n_in = 3, .n_out = 1,
	  .iv = { {0x2f013650, 64, 15788, 64}, {0x2f0136b4, 28, 15852, 28}, {0x2f0138c8, 65, 15880, 64}, },
	  .ov = { {0x2f0136b0, 4}, } },
	{ .seq = 206, .handle = 0x40000100, .type = 0, .expected_st = 0,
	  .n_in = 1, .n_out = 0,
	  .iv = { {0x2f013660, 64, 15944, 64}, },
	  .ov = { } },
	{ .seq = 207, .handle = 0x40000100, .type = 0, .expected_st = 0,
	  .n_in = 1, .n_out = 0,
	  .iv = { {0x2f013768, 64, 16008, 64}, },
	  .ov = { } },
	{ .seq = 208, .handle = 0x40000100, .type = 0, .expected_st = 0,
	  .n_in = 1, .n_out = 1,
	  .iv = { {0x2f013958, 64, 16072, 64}, },
	  .ov = { {0x2f0139e6, 2}, } },
	{ .seq = 209, .handle = 0x40000100, .type = 0, .expected_st = 0,
	  .n_in = 1, .n_out = 1,
	  .iv = { {0x2f013938, 64, 16136, 64}, },
	  .ov = { {0x2f0139d4, 1}, } },
	{ .seq = 210, .handle = 0x40000100, .type = 0, .expected_st = 0,
	  .n_in = 1, .n_out = 1,
	  .iv = { {0x2f013938, 64, 16200, 64}, },
	  .ov = { {0x2f0139d4, 4}, } },
	{ .seq = 211, .handle = 0x40000100, .type = 0, .expected_st = 0,
	  .n_in = 1, .n_out = 1,
	  .iv = { {0x2f0139b0, 64, 16264, 64}, },
	  .ov = { {0x2f013a3e, 2}, } },
	{ .seq = 212, .handle = 0x40000100, .type = 0, .expected_st = 0,
	  .n_in = 3, .n_out = 1,
	  .iv = { {0x2f013650, 64, 16328, 64}, {0x2f0136b4, 28, 16392, 28}, {0x2f0138c8, 65, 16420, 64}, },
	  .ov = { {0x2f0136b0, 4}, } },
	{ .seq = 213, .handle = 0x40000100, .type = 0, .expected_st = 0,
	  .n_in = 1, .n_out = 0,
	  .iv = { {0x2f013660, 64, 16484, 64}, },
	  .ov = { } },
	{ .seq = 214, .handle = 0x40000100, .type = 0, .expected_st = 0,
	  .n_in = 1, .n_out = 0,
	  .iv = { {0x2f013768, 64, 16548, 64}, },
	  .ov = { } },
	{ .seq = 215, .handle = 0x40000100, .type = 0, .expected_st = 0,
	  .n_in = 1, .n_out = 1,
	  .iv = { {0x2f013958, 64, 16612, 64}, },
	  .ov = { {0x2f0139e6, 2}, } },
	{ .seq = 216, .handle = 0x40000100, .type = 0, .expected_st = 0,
	  .n_in = 1, .n_out = 1,
	  .iv = { {0x2f013938, 64, 16676, 64}, },
	  .ov = { {0x2f0139d4, 1}, } },
	{ .seq = 217, .handle = 0x40000100, .type = 0, .expected_st = 0,
	  .n_in = 1, .n_out = 1,
	  .iv = { {0x2f013938, 64, 16740, 64}, },
	  .ov = { {0x2f0139d4, 4}, } },
	{ .seq = 218, .handle = 0x40000100, .type = 0, .expected_st = 0,
	  .n_in = 1, .n_out = 1,
	  .iv = { {0x2f0139b0, 64, 16804, 64}, },
	  .ov = { {0x2f013a3e, 2}, } },
	{ .seq = 219, .handle = 0x40000100, .type = 0, .expected_st = 0,
	  .n_in = 3, .n_out = 1,
	  .iv = { {0x2f013650, 64, 16868, 64}, {0x2f0136b4, 28, 16932, 28}, {0x2f0138c8, 65, 16960, 64}, },
	  .ov = { {0x2f0136b0, 4}, } },
	{ .seq = 220, .handle = 0x40000100, .type = 0, .expected_st = 0,
	  .n_in = 1, .n_out = 0,
	  .iv = { {0x2f013660, 64, 17024, 64}, },
	  .ov = { } },
	{ .seq = 221, .handle = 0x40000100, .type = 0, .expected_st = 0,
	  .n_in = 1, .n_out = 0,
	  .iv = { {0x2f013768, 64, 17088, 64}, },
	  .ov = { } },
	{ .seq = 222, .handle = 0x40000100, .type = 0, .expected_st = 0,
	  .n_in = 1, .n_out = 1,
	  .iv = { {0x2f013958, 64, 17152, 64}, },
	  .ov = { {0x2f0139e6, 2}, } },
	{ .seq = 223, .handle = 0x40000100, .type = 0, .expected_st = 0,
	  .n_in = 1, .n_out = 1,
	  .iv = { {0x2f013938, 64, 17216, 64}, },
	  .ov = { {0x2f0139d4, 1}, } },
	{ .seq = 224, .handle = 0x40000100, .type = 0, .expected_st = 0,
	  .n_in = 1, .n_out = 1,
	  .iv = { {0x2f013938, 64, 17280, 64}, },
	  .ov = { {0x2f0139d4, 4}, } },
	{ .seq = 225, .handle = 0x40000100, .type = 0, .expected_st = 0,
	  .n_in = 1, .n_out = 1,
	  .iv = { {0x2f0139b0, 64, 17344, 64}, },
	  .ov = { {0x2f013a3e, 2}, } },
	{ .seq = 226, .handle = 0x40000100, .type = 0, .expected_st = 0,
	  .n_in = 3, .n_out = 1,
	  .iv = { {0x2f013650, 64, 17408, 64}, {0x2f0136b4, 28, 17472, 28}, {0x2f0138c8, 65, 17500, 64}, },
	  .ov = { {0x2f0136b0, 4}, } },
	{ .seq = 227, .handle = 0x40000100, .type = 0, .expected_st = 0,
	  .n_in = 1, .n_out = 0,
	  .iv = { {0x2f013660, 64, 17564, 64}, },
	  .ov = { } },
	{ .seq = 228, .handle = 0x40000100, .type = 0, .expected_st = 0,
	  .n_in = 1, .n_out = 0,
	  .iv = { {0x2f013768, 64, 17628, 64}, },
	  .ov = { } },
	{ .seq = 229, .handle = 0x40000100, .type = 0, .expected_st = 0,
	  .n_in = 1, .n_out = 1,
	  .iv = { {0x2f013958, 64, 17692, 64}, },
	  .ov = { {0x2f0139e6, 2}, } },
	{ .seq = 230, .handle = 0x40000100, .type = 0, .expected_st = 0,
	  .n_in = 1, .n_out = 1,
	  .iv = { {0x2f013938, 64, 17756, 64}, },
	  .ov = { {0x2f0139d4, 1}, } },
	{ .seq = 231, .handle = 0x40000100, .type = 0, .expected_st = 0,
	  .n_in = 1, .n_out = 1,
	  .iv = { {0x2f013938, 64, 17820, 64}, },
	  .ov = { {0x2f0139d4, 4}, } },
	{ .seq = 232, .handle = 0x40000100, .type = 0, .expected_st = 0,
	  .n_in = 1, .n_out = 1,
	  .iv = { {0x2f0139b0, 64, 17884, 64}, },
	  .ov = { {0x2f013a3e, 2}, } },
	{ .seq = 233, .handle = 0x40000100, .type = 0, .expected_st = 0,
	  .n_in = 3, .n_out = 1,
	  .iv = { {0x2f013650, 64, 17948, 64}, {0x2f0136b4, 28, 18012, 28}, {0x2f0138c8, 65, 18040, 64}, },
	  .ov = { {0x2f0136b0, 4}, } },
	{ .seq = 234, .handle = 0x40000100, .type = 0, .expected_st = 0,
	  .n_in = 1, .n_out = 0,
	  .iv = { {0x2f013660, 64, 18104, 64}, },
	  .ov = { } },
	{ .seq = 235, .handle = 0x40000100, .type = 0, .expected_st = 0,
	  .n_in = 1, .n_out = 0,
	  .iv = { {0x2f013768, 64, 18168, 64}, },
	  .ov = { } },
	{ .seq = 236, .handle = 0x40000100, .type = 0, .expected_st = 0,
	  .n_in = 1, .n_out = 1,
	  .iv = { {0x2f013958, 64, 18232, 64}, },
	  .ov = { {0x2f0139e6, 2}, } },
	{ .seq = 237, .handle = 0x40000100, .type = 0, .expected_st = 0,
	  .n_in = 1, .n_out = 1,
	  .iv = { {0x2f013938, 64, 18296, 64}, },
	  .ov = { {0x2f0139d4, 1}, } },
	{ .seq = 238, .handle = 0x40000100, .type = 0, .expected_st = 0,
	  .n_in = 1, .n_out = 1,
	  .iv = { {0x2f013938, 64, 18360, 64}, },
	  .ov = { {0x2f0139d4, 4}, } },
	{ .seq = 239, .handle = 0x40000100, .type = 0, .expected_st = 0,
	  .n_in = 1, .n_out = 1,
	  .iv = { {0x2f0139b0, 64, 18424, 64}, },
	  .ov = { {0x2f013a3e, 2}, } },
	{ .seq = 240, .handle = 0x40000100, .type = 0, .expected_st = 0,
	  .n_in = 3, .n_out = 1,
	  .iv = { {0x2f013650, 64, 18488, 64}, {0x2f0136b4, 28, 18552, 28}, {0x2f0138c8, 65, 18580, 64}, },
	  .ov = { {0x2f0136b0, 4}, } },
	{ .seq = 241, .handle = 0x40000100, .type = 0, .expected_st = 0,
	  .n_in = 1, .n_out = 0,
	  .iv = { {0x2f013660, 64, 18644, 64}, },
	  .ov = { } },
	{ .seq = 242, .handle = 0x40000100, .type = 0, .expected_st = 0,
	  .n_in = 1, .n_out = 0,
	  .iv = { {0x2f013768, 64, 18708, 64}, },
	  .ov = { } },
	{ .seq = 243, .handle = 0x40000100, .type = 0, .expected_st = 0,
	  .n_in = 1, .n_out = 1,
	  .iv = { {0x2f013958, 64, 18772, 64}, },
	  .ov = { {0x2f0139e6, 2}, } },
	{ .seq = 244, .handle = 0x40000100, .type = 0, .expected_st = 0,
	  .n_in = 1, .n_out = 1,
	  .iv = { {0x2f013938, 64, 18836, 64}, },
	  .ov = { {0x2f0139d4, 1}, } },
	{ .seq = 245, .handle = 0x40000100, .type = 0, .expected_st = 0,
	  .n_in = 1, .n_out = 1,
	  .iv = { {0x2f013938, 64, 18900, 64}, },
	  .ov = { {0x2f0139d4, 4}, } },
	{ .seq = 246, .handle = 0x40000100, .type = 0, .expected_st = 0,
	  .n_in = 1, .n_out = 1,
	  .iv = { {0x2f0139b0, 64, 18964, 64}, },
	  .ov = { {0x2f013a3e, 2}, } },
	{ .seq = 247, .handle = 0x40000100, .type = 0, .expected_st = 0,
	  .n_in = 3, .n_out = 1,
	  .iv = { {0x2f013650, 64, 19028, 64}, {0x2f0136b4, 28, 19092, 28}, {0x2f0138c8, 65, 19120, 64}, },
	  .ov = { {0x2f0136b0, 4}, } },
	{ .seq = 248, .handle = 0x40000100, .type = 0, .expected_st = 0,
	  .n_in = 1, .n_out = 0,
	  .iv = { {0x2f013660, 64, 19184, 64}, },
	  .ov = { } },
	{ .seq = 249, .handle = 0x40000100, .type = 0, .expected_st = 0,
	  .n_in = 1, .n_out = 0,
	  .iv = { {0x2f013768, 64, 19248, 64}, },
	  .ov = { } },
	{ .seq = 250, .handle = 0x40000100, .type = 0, .expected_st = 0,
	  .n_in = 1, .n_out = 1,
	  .iv = { {0x2f013958, 64, 19312, 64}, },
	  .ov = { {0x2f0139e6, 2}, } },
	{ .seq = 251, .handle = 0x40000100, .type = 0, .expected_st = 0,
	  .n_in = 1, .n_out = 1,
	  .iv = { {0x2f013938, 64, 19376, 64}, },
	  .ov = { {0x2f0139d4, 1}, } },
	{ .seq = 252, .handle = 0x40000100, .type = 0, .expected_st = 0,
	  .n_in = 1, .n_out = 1,
	  .iv = { {0x2f013938, 64, 19440, 64}, },
	  .ov = { {0x2f0139d4, 4}, } },
	{ .seq = 253, .handle = 0x40000100, .type = 0, .expected_st = 0,
	  .n_in = 1, .n_out = 1,
	  .iv = { {0x2f0139b0, 64, 19504, 64}, },
	  .ov = { {0x2f013a3e, 2}, } },
	{ .seq = 254, .handle = 0x40000100, .type = 0, .expected_st = 0,
	  .n_in = 3, .n_out = 1,
	  .iv = { {0x2f013650, 64, 19568, 64}, {0x2f0136b4, 28, 19632, 28}, {0x2f0138c8, 65, 19660, 64}, },
	  .ov = { {0x2f0136b0, 4}, } },
	{ .seq = 255, .handle = 0x40000100, .type = 0, .expected_st = 0,
	  .n_in = 1, .n_out = 0,
	  .iv = { {0x2f013660, 64, 19724, 64}, },
	  .ov = { } },
	{ .seq = 256, .handle = 0x40000100, .type = 0, .expected_st = 0,
	  .n_in = 1, .n_out = 0,
	  .iv = { {0x2f013768, 64, 19788, 64}, },
	  .ov = { } },
	{ .seq = 257, .handle = 0x40000100, .type = 0, .expected_st = 0,
	  .n_in = 1, .n_out = 1,
	  .iv = { {0x2f013958, 64, 19852, 64}, },
	  .ov = { {0x2f0139e6, 2}, } },
	{ .seq = 258, .handle = 0x40000100, .type = 0, .expected_st = 0,
	  .n_in = 1, .n_out = 1,
	  .iv = { {0x2f013938, 64, 19916, 64}, },
	  .ov = { {0x2f0139d4, 1}, } },
	{ .seq = 259, .handle = 0x40000100, .type = 0, .expected_st = 0,
	  .n_in = 1, .n_out = 1,
	  .iv = { {0x2f013938, 64, 19980, 64}, },
	  .ov = { {0x2f0139d4, 4}, } },
	{ .seq = 260, .handle = 0x40000100, .type = 0, .expected_st = 0,
	  .n_in = 1, .n_out = 1,
	  .iv = { {0x2f0139b0, 64, 20044, 64}, },
	  .ov = { {0x2f013a3e, 2}, } },
	{ .seq = 261, .handle = 0x40000100, .type = 0, .expected_st = 0,
	  .n_in = 3, .n_out = 1,
	  .iv = { {0x2f013650, 64, 20108, 64}, {0x2f0136b4, 28, 20172, 28}, {0x2f0138c8, 65, 20200, 64}, },
	  .ov = { {0x2f0136b0, 4}, } },
	{ .seq = 262, .handle = 0x40000100, .type = 0, .expected_st = 0,
	  .n_in = 1, .n_out = 0,
	  .iv = { {0x2f013660, 64, 20264, 64}, },
	  .ov = { } },
	{ .seq = 263, .handle = 0x40000100, .type = 0, .expected_st = 0,
	  .n_in = 1, .n_out = 0,
	  .iv = { {0x2f013768, 64, 20328, 64}, },
	  .ov = { } },
	{ .seq = 264, .handle = 0x40000100, .type = 0, .expected_st = 0,
	  .n_in = 1, .n_out = 1,
	  .iv = { {0x2f013958, 64, 20392, 64}, },
	  .ov = { {0x2f0139e6, 2}, } },
	{ .seq = 265, .handle = 0x40000100, .type = 0, .expected_st = 0,
	  .n_in = 1, .n_out = 1,
	  .iv = { {0x2f013938, 64, 20456, 64}, },
	  .ov = { {0x2f0139d4, 1}, } },
	{ .seq = 266, .handle = 0x40000100, .type = 0, .expected_st = 0,
	  .n_in = 1, .n_out = 1,
	  .iv = { {0x2f013938, 64, 20520, 64}, },
	  .ov = { {0x2f0139d4, 4}, } },
	{ .seq = 267, .handle = 0x40000100, .type = 0, .expected_st = 0,
	  .n_in = 1, .n_out = 1,
	  .iv = { {0x2f0139b0, 64, 20584, 64}, },
	  .ov = { {0x2f013a3e, 2}, } },
	{ .seq = 268, .handle = 0x40000100, .type = 0, .expected_st = 0,
	  .n_in = 3, .n_out = 1,
	  .iv = { {0x2f013650, 64, 20648, 64}, {0x2f0136b4, 28, 20712, 28}, {0x2f0138c8, 65, 20740, 64}, },
	  .ov = { {0x2f0136b0, 4}, } },
	{ .seq = 269, .handle = 0x40000100, .type = 0, .expected_st = 0,
	  .n_in = 1, .n_out = 0,
	  .iv = { {0x2f013660, 64, 20804, 64}, },
	  .ov = { } },
	{ .seq = 270, .handle = 0x40000100, .type = 0, .expected_st = 0,
	  .n_in = 1, .n_out = 0,
	  .iv = { {0x2f013768, 64, 20868, 64}, },
	  .ov = { } },
	{ .seq = 271, .handle = 0x40000100, .type = 0, .expected_st = 0,
	  .n_in = 1, .n_out = 1,
	  .iv = { {0x2f013958, 64, 20932, 64}, },
	  .ov = { {0x2f0139e6, 2}, } },
	{ .seq = 272, .handle = 0x40000100, .type = 0, .expected_st = 0,
	  .n_in = 1, .n_out = 1,
	  .iv = { {0x2f013938, 64, 20996, 64}, },
	  .ov = { {0x2f0139d4, 1}, } },
	{ .seq = 273, .handle = 0x40000100, .type = 0, .expected_st = 0,
	  .n_in = 1, .n_out = 1,
	  .iv = { {0x2f013938, 64, 21060, 64}, },
	  .ov = { {0x2f0139d4, 4}, } },
	{ .seq = 274, .handle = 0x40000100, .type = 0, .expected_st = 0,
	  .n_in = 1, .n_out = 1,
	  .iv = { {0x2f0139b0, 64, 21124, 64}, },
	  .ov = { {0x2f013a3e, 2}, } },
	{ .seq = 275, .handle = 0x40000100, .type = 0, .expected_st = 0,
	  .n_in = 3, .n_out = 1,
	  .iv = { {0x2f013650, 64, 21188, 64}, {0x2f0136b4, 28, 21252, 28}, {0x2f0138c8, 65, 21280, 64}, },
	  .ov = { {0x2f0136b0, 4}, } },
	{ .seq = 276, .handle = 0x40000100, .type = 0, .expected_st = 0,
	  .n_in = 1, .n_out = 0,
	  .iv = { {0x2f013660, 64, 21344, 64}, },
	  .ov = { } },
	{ .seq = 277, .handle = 0x40000100, .type = 0, .expected_st = 0,
	  .n_in = 1, .n_out = 0,
	  .iv = { {0x2f013768, 64, 21408, 64}, },
	  .ov = { } },
	{ .seq = 278, .handle = 0x40000100, .type = 0, .expected_st = 0,
	  .n_in = 1, .n_out = 1,
	  .iv = { {0x2f013958, 64, 21472, 64}, },
	  .ov = { {0x2f0139e6, 2}, } },
	{ .seq = 279, .handle = 0x40000100, .type = 0, .expected_st = 0,
	  .n_in = 1, .n_out = 1,
	  .iv = { {0x2f013938, 64, 21536, 64}, },
	  .ov = { {0x2f0139d4, 1}, } },
	{ .seq = 280, .handle = 0x40000100, .type = 0, .expected_st = 0,
	  .n_in = 1, .n_out = 1,
	  .iv = { {0x2f013938, 64, 21600, 64}, },
	  .ov = { {0x2f0139d4, 4}, } },
	{ .seq = 281, .handle = 0x40000100, .type = 0, .expected_st = 0,
	  .n_in = 1, .n_out = 1,
	  .iv = { {0x2f0139b0, 64, 21664, 64}, },
	  .ov = { {0x2f013a3e, 2}, } },
	{ .seq = 282, .handle = 0x40000100, .type = 0, .expected_st = 0,
	  .n_in = 3, .n_out = 1,
	  .iv = { {0x2f013650, 64, 21728, 64}, {0x2f0136b4, 28, 21792, 28}, {0x2f0138c8, 65, 21820, 64}, },
	  .ov = { {0x2f0136b0, 4}, } },
	{ .seq = 283, .handle = 0x40000100, .type = 0, .expected_st = 0,
	  .n_in = 1, .n_out = 0,
	  .iv = { {0x2f013660, 64, 21884, 64}, },
	  .ov = { } },
	{ .seq = 284, .handle = 0x40000100, .type = 0, .expected_st = 0,
	  .n_in = 1, .n_out = 0,
	  .iv = { {0x2f013768, 64, 21948, 64}, },
	  .ov = { } },
	{ .seq = 285, .handle = 0x40000100, .type = 0, .expected_st = 0,
	  .n_in = 1, .n_out = 1,
	  .iv = { {0x2f013958, 64, 22012, 64}, },
	  .ov = { {0x2f0139e6, 2}, } },
	{ .seq = 286, .handle = 0x40000100, .type = 0, .expected_st = 0,
	  .n_in = 1, .n_out = 1,
	  .iv = { {0x2f013938, 64, 22076, 64}, },
	  .ov = { {0x2f0139d4, 1}, } },
	{ .seq = 287, .handle = 0x40000100, .type = 0, .expected_st = 0,
	  .n_in = 1, .n_out = 1,
	  .iv = { {0x2f013938, 64, 22140, 64}, },
	  .ov = { {0x2f0139d4, 4}, } },
	{ .seq = 288, .handle = 0x40000100, .type = 0, .expected_st = 0,
	  .n_in = 1, .n_out = 1,
	  .iv = { {0x2f0139b0, 64, 22204, 64}, },
	  .ov = { {0x2f013a3e, 2}, } },
	{ .seq = 289, .handle = 0x40000100, .type = 0, .expected_st = 0,
	  .n_in = 3, .n_out = 1,
	  .iv = { {0x2f013650, 64, 22268, 64}, {0x2f0136b4, 28, 22332, 28}, {0x2f0138c8, 65, 22360, 64}, },
	  .ov = { {0x2f0136b0, 4}, } },
	{ .seq = 290, .handle = 0x40000100, .type = 0, .expected_st = 0,
	  .n_in = 1, .n_out = 0,
	  .iv = { {0x2f013660, 64, 22424, 64}, },
	  .ov = { } },
	{ .seq = 291, .handle = 0x40000100, .type = 0, .expected_st = 0,
	  .n_in = 1, .n_out = 0,
	  .iv = { {0x2f013768, 64, 22488, 64}, },
	  .ov = { } },
	{ .seq = 292, .handle = 0x40000100, .type = 0, .expected_st = 0,
	  .n_in = 1, .n_out = 1,
	  .iv = { {0x2f013958, 64, 22552, 64}, },
	  .ov = { {0x2f0139e6, 2}, } },
	{ .seq = 293, .handle = 0x40000100, .type = 0, .expected_st = 0,
	  .n_in = 1, .n_out = 1,
	  .iv = { {0x2f013938, 64, 22616, 64}, },
	  .ov = { {0x2f0139d4, 1}, } },
	{ .seq = 294, .handle = 0x40000100, .type = 0, .expected_st = 0,
	  .n_in = 1, .n_out = 1,
	  .iv = { {0x2f013938, 64, 22680, 64}, },
	  .ov = { {0x2f0139d4, 4}, } },
	{ .seq = 295, .handle = 0x40000100, .type = 0, .expected_st = 0,
	  .n_in = 1, .n_out = 1,
	  .iv = { {0x2f0139b0, 64, 22744, 64}, },
	  .ov = { {0x2f013a3e, 2}, } },
	{ .seq = 296, .handle = 0x40000100, .type = 0, .expected_st = 0,
	  .n_in = 3, .n_out = 1,
	  .iv = { {0x2f013650, 64, 22808, 64}, {0x2f0136b4, 28, 22872, 28}, {0x2f0138c8, 65, 22900, 64}, },
	  .ov = { {0x2f0136b0, 4}, } },
	{ .seq = 297, .handle = 0x40000100, .type = 0, .expected_st = 0,
	  .n_in = 1, .n_out = 0,
	  .iv = { {0x2f013660, 64, 22964, 64}, },
	  .ov = { } },
	{ .seq = 298, .handle = 0x40000100, .type = 0, .expected_st = 0,
	  .n_in = 1, .n_out = 0,
	  .iv = { {0x2f013768, 64, 23028, 64}, },
	  .ov = { } },
	{ .seq = 299, .handle = 0x40000100, .type = 0, .expected_st = 0,
	  .n_in = 1, .n_out = 1,
	  .iv = { {0x2f013958, 64, 23092, 64}, },
	  .ov = { {0x2f0139e6, 2}, } },
	{ .seq = 300, .handle = 0x40000100, .type = 0, .expected_st = 0,
	  .n_in = 1, .n_out = 1,
	  .iv = { {0x2f013938, 64, 23156, 64}, },
	  .ov = { {0x2f0139d4, 1}, } },
	{ .seq = 301, .handle = 0x40000100, .type = 0, .expected_st = 0,
	  .n_in = 1, .n_out = 1,
	  .iv = { {0x2f013938, 64, 23220, 64}, },
	  .ov = { {0x2f0139d4, 4}, } },
	{ .seq = 302, .handle = 0x40000100, .type = 0, .expected_st = 0,
	  .n_in = 1, .n_out = 1,
	  .iv = { {0x2f0139b0, 64, 23284, 64}, },
	  .ov = { {0x2f013a3e, 2}, } },
	{ .seq = 303, .handle = 0x40000100, .type = 0, .expected_st = 0,
	  .n_in = 3, .n_out = 1,
	  .iv = { {0x2f013650, 64, 23348, 64}, {0x2f0136b4, 28, 23412, 28}, {0x2f0138c8, 65, 23440, 64}, },
	  .ov = { {0x2f0136b0, 4}, } },
	{ .seq = 304, .handle = 0x40000100, .type = 0, .expected_st = 0,
	  .n_in = 1, .n_out = 0,
	  .iv = { {0x2f013660, 64, 23504, 64}, },
	  .ov = { } },
	{ .seq = 305, .handle = 0x40000100, .type = 0, .expected_st = 0,
	  .n_in = 1, .n_out = 0,
	  .iv = { {0x2f013768, 64, 23568, 64}, },
	  .ov = { } },
	{ .seq = 306, .handle = 0x40000100, .type = 0, .expected_st = 0,
	  .n_in = 1, .n_out = 1,
	  .iv = { {0x2f013958, 64, 23632, 64}, },
	  .ov = { {0x2f0139e6, 2}, } },
	{ .seq = 307, .handle = 0x40000100, .type = 0, .expected_st = 0,
	  .n_in = 1, .n_out = 1,
	  .iv = { {0x2f013938, 64, 23696, 64}, },
	  .ov = { {0x2f0139d4, 1}, } },
	{ .seq = 308, .handle = 0x40000100, .type = 0, .expected_st = 0,
	  .n_in = 1, .n_out = 1,
	  .iv = { {0x2f013938, 64, 23760, 64}, },
	  .ov = { {0x2f0139d4, 4}, } },
	{ .seq = 309, .handle = 0x40000100, .type = 0, .expected_st = 0,
	  .n_in = 1, .n_out = 1,
	  .iv = { {0x2f0139b0, 64, 23824, 64}, },
	  .ov = { {0x2f013a3e, 2}, } },
	{ .seq = 310, .handle = 0x40000100, .type = 0, .expected_st = 0,
	  .n_in = 3, .n_out = 1,
	  .iv = { {0x2f013650, 64, 23888, 64}, {0x2f0136b4, 28, 23952, 28}, {0x2f0138c8, 65, 23980, 64}, },
	  .ov = { {0x2f0136b0, 4}, } },
	{ .seq = 311, .handle = 0x40000100, .type = 0, .expected_st = 0,
	  .n_in = 1, .n_out = 0,
	  .iv = { {0x2f013660, 64, 24044, 64}, },
	  .ov = { } },
	{ .seq = 312, .handle = 0x40000100, .type = 0, .expected_st = 0,
	  .n_in = 1, .n_out = 0,
	  .iv = { {0x2f013768, 64, 24108, 64}, },
	  .ov = { } },
	{ .seq = 313, .handle = 0x40000100, .type = 0, .expected_st = 0,
	  .n_in = 1, .n_out = 1,
	  .iv = { {0x2f013958, 64, 24172, 64}, },
	  .ov = { {0x2f0139e6, 2}, } },
	{ .seq = 314, .handle = 0x40000100, .type = 0, .expected_st = 0,
	  .n_in = 1, .n_out = 1,
	  .iv = { {0x2f013938, 64, 24236, 64}, },
	  .ov = { {0x2f0139d4, 1}, } },
	{ .seq = 315, .handle = 0x40000100, .type = 0, .expected_st = 0,
	  .n_in = 1, .n_out = 1,
	  .iv = { {0x2f013938, 64, 24300, 64}, },
	  .ov = { {0x2f0139d4, 4}, } },
	{ .seq = 316, .handle = 0x40000100, .type = 0, .expected_st = 0,
	  .n_in = 1, .n_out = 1,
	  .iv = { {0x2f0139b0, 64, 24364, 64}, },
	  .ov = { {0x2f013a3e, 2}, } },
	{ .seq = 317, .handle = 0x40000100, .type = 0, .expected_st = 0,
	  .n_in = 3, .n_out = 1,
	  .iv = { {0x2f013650, 64, 24428, 64}, {0x2f0136b4, 28, 24492, 28}, {0x2f0138c8, 65, 24520, 64}, },
	  .ov = { {0x2f0136b0, 4}, } },
	{ .seq = 318, .handle = 0x40000100, .type = 0, .expected_st = 0,
	  .n_in = 1, .n_out = 0,
	  .iv = { {0x2f013660, 64, 24584, 64}, },
	  .ov = { } },
	{ .seq = 319, .handle = 0x40000100, .type = 0, .expected_st = 0,
	  .n_in = 1, .n_out = 0,
	  .iv = { {0x2f013768, 64, 24648, 64}, },
	  .ov = { } },
	{ .seq = 320, .handle = 0x40000100, .type = 0, .expected_st = 0,
	  .n_in = 1, .n_out = 1,
	  .iv = { {0x2f013958, 64, 24712, 64}, },
	  .ov = { {0x2f0139e6, 2}, } },
	{ .seq = 321, .handle = 0x40000100, .type = 0, .expected_st = 0,
	  .n_in = 1, .n_out = 1,
	  .iv = { {0x2f013938, 64, 24776, 64}, },
	  .ov = { {0x2f0139d4, 1}, } },
	{ .seq = 322, .handle = 0x40000100, .type = 0, .expected_st = 0,
	  .n_in = 1, .n_out = 1,
	  .iv = { {0x2f013938, 64, 24840, 64}, },
	  .ov = { {0x2f0139d4, 4}, } },
	{ .seq = 323, .handle = 0x40000100, .type = 0, .expected_st = 0,
	  .n_in = 1, .n_out = 1,
	  .iv = { {0x2f0139b0, 64, 24904, 64}, },
	  .ov = { {0x2f013a3e, 2}, } },
	{ .seq = 324, .handle = 0x40000100, .type = 0, .expected_st = 0,
	  .n_in = 3, .n_out = 1,
	  .iv = { {0x2f013650, 64, 24968, 64}, {0x2f0136b4, 28, 25032, 28}, {0x2f0138c8, 65, 25060, 64}, },
	  .ov = { {0x2f0136b0, 4}, } },
	{ .seq = 325, .handle = 0x40000100, .type = 0, .expected_st = 0,
	  .n_in = 1, .n_out = 0,
	  .iv = { {0x2f013660, 64, 25124, 64}, },
	  .ov = { } },
	{ .seq = 326, .handle = 0x40000100, .type = 0, .expected_st = 0,
	  .n_in = 1, .n_out = 0,
	  .iv = { {0x2f013768, 64, 25188, 64}, },
	  .ov = { } },
	{ .seq = 327, .handle = 0x40000100, .type = 0, .expected_st = 0,
	  .n_in = 1, .n_out = 1,
	  .iv = { {0x2f013958, 64, 25252, 64}, },
	  .ov = { {0x2f0139e6, 2}, } },
	{ .seq = 328, .handle = 0x40000100, .type = 0, .expected_st = 0,
	  .n_in = 1, .n_out = 1,
	  .iv = { {0x2f013938, 64, 25316, 64}, },
	  .ov = { {0x2f0139d4, 1}, } },
	{ .seq = 329, .handle = 0x40000100, .type = 0, .expected_st = 0,
	  .n_in = 1, .n_out = 1,
	  .iv = { {0x2f013938, 64, 25380, 64}, },
	  .ov = { {0x2f0139d4, 4}, } },
	{ .seq = 330, .handle = 0x40000100, .type = 0, .expected_st = 0,
	  .n_in = 1, .n_out = 1,
	  .iv = { {0x2f0139b0, 64, 25444, 64}, },
	  .ov = { {0x2f013a3e, 2}, } },
	{ .seq = 331, .handle = 0x40000100, .type = 0, .expected_st = 0,
	  .n_in = 3, .n_out = 1,
	  .iv = { {0x2f013650, 64, 25508, 64}, {0x2f0136b4, 28, 25572, 28}, {0x2f0138c8, 65, 25600, 64}, },
	  .ov = { {0x2f0136b0, 4}, } },
	{ .seq = 332, .handle = 0x40000100, .type = 0, .expected_st = 0,
	  .n_in = 1, .n_out = 0,
	  .iv = { {0x2f013660, 64, 25664, 64}, },
	  .ov = { } },
	{ .seq = 333, .handle = 0x40000100, .type = 0, .expected_st = 0,
	  .n_in = 1, .n_out = 0,
	  .iv = { {0x2f013768, 64, 25728, 64}, },
	  .ov = { } },
	{ .seq = 334, .handle = 0x40000100, .type = 0, .expected_st = 0,
	  .n_in = 1, .n_out = 1,
	  .iv = { {0x2f013958, 64, 25792, 64}, },
	  .ov = { {0x2f0139e6, 2}, } },
	{ .seq = 335, .handle = 0x40000100, .type = 0, .expected_st = 0,
	  .n_in = 1, .n_out = 1,
	  .iv = { {0x2f013938, 64, 25856, 64}, },
	  .ov = { {0x2f0139d4, 1}, } },
	{ .seq = 336, .handle = 0x40000100, .type = 0, .expected_st = 0,
	  .n_in = 1, .n_out = 1,
	  .iv = { {0x2f013938, 64, 25920, 64}, },
	  .ov = { {0x2f0139d4, 4}, } },
	{ .seq = 337, .handle = 0x40000100, .type = 0, .expected_st = 0,
	  .n_in = 1, .n_out = 1,
	  .iv = { {0x2f0139b0, 64, 25984, 64}, },
	  .ov = { {0x2f013a3e, 2}, } },
	{ .seq = 338, .handle = 0x40000100, .type = 0, .expected_st = 0,
	  .n_in = 3, .n_out = 1,
	  .iv = { {0x2f013650, 64, 26048, 64}, {0x2f0136b4, 28, 26112, 28}, {0x2f0138c8, 65, 26140, 64}, },
	  .ov = { {0x2f0136b0, 4}, } },
	{ .seq = 339, .handle = 0x40000100, .type = 0, .expected_st = 0,
	  .n_in = 1, .n_out = 0,
	  .iv = { {0x2f013660, 64, 26204, 64}, },
	  .ov = { } },
	{ .seq = 340, .handle = 0x40000100, .type = 0, .expected_st = 0,
	  .n_in = 1, .n_out = 0,
	  .iv = { {0x2f013768, 64, 26268, 64}, },
	  .ov = { } },
	{ .seq = 341, .handle = 0x40000100, .type = 0, .expected_st = 0,
	  .n_in = 1, .n_out = 1,
	  .iv = { {0x2f013958, 64, 26332, 64}, },
	  .ov = { {0x2f0139e6, 2}, } },
	{ .seq = 342, .handle = 0x40000100, .type = 0, .expected_st = 0,
	  .n_in = 1, .n_out = 1,
	  .iv = { {0x2f013938, 64, 26396, 64}, },
	  .ov = { {0x2f0139d4, 1}, } },
	{ .seq = 343, .handle = 0x40000100, .type = 0, .expected_st = 0,
	  .n_in = 1, .n_out = 1,
	  .iv = { {0x2f013938, 64, 26460, 64}, },
	  .ov = { {0x2f0139d4, 4}, } },
	{ .seq = 344, .handle = 0x40000100, .type = 0, .expected_st = 0,
	  .n_in = 1, .n_out = 1,
	  .iv = { {0x2f0139b0, 64, 26524, 64}, },
	  .ov = { {0x2f013a3e, 2}, } },
	{ .seq = 345, .handle = 0x40000100, .type = 0, .expected_st = 0,
	  .n_in = 3, .n_out = 1,
	  .iv = { {0x2f013650, 64, 26588, 64}, {0x2f0136b4, 28, 26652, 28}, {0x2f0138c8, 65, 26680, 64}, },
	  .ov = { {0x2f0136b0, 4}, } },
	{ .seq = 346, .handle = 0x40000100, .type = 0, .expected_st = 0,
	  .n_in = 1, .n_out = 0,
	  .iv = { {0x2f013660, 64, 26744, 64}, },
	  .ov = { } },
	{ .seq = 347, .handle = 0x40000100, .type = 0, .expected_st = 0,
	  .n_in = 1, .n_out = 0,
	  .iv = { {0x2f013768, 64, 26808, 64}, },
	  .ov = { } },
	{ .seq = 348, .handle = 0x40000100, .type = 0, .expected_st = 0,
	  .n_in = 1, .n_out = 1,
	  .iv = { {0x2f013958, 64, 26872, 64}, },
	  .ov = { {0x2f0139e6, 2}, } },
	{ .seq = 349, .handle = 0x40000100, .type = 0, .expected_st = 0,
	  .n_in = 1, .n_out = 1,
	  .iv = { {0x2f013938, 64, 26936, 64}, },
	  .ov = { {0x2f0139d4, 1}, } },
	{ .seq = 350, .handle = 0x40000100, .type = 0, .expected_st = 0,
	  .n_in = 1, .n_out = 1,
	  .iv = { {0x2f013938, 64, 27000, 64}, },
	  .ov = { {0x2f0139d4, 4}, } },
	{ .seq = 351, .handle = 0x40000100, .type = 0, .expected_st = 0,
	  .n_in = 1, .n_out = 1,
	  .iv = { {0x2f0139b0, 64, 27064, 64}, },
	  .ov = { {0x2f013a3e, 2}, } },
	{ .seq = 352, .handle = 0x40000100, .type = 0, .expected_st = 0,
	  .n_in = 3, .n_out = 1,
	  .iv = { {0x2f013650, 64, 27128, 64}, {0x2f0136b4, 28, 27192, 28}, {0x2f0138c8, 65, 27220, 64}, },
	  .ov = { {0x2f0136b0, 4}, } },
	{ .seq = 353, .handle = 0x40000100, .type = 0, .expected_st = 0,
	  .n_in = 1, .n_out = 0,
	  .iv = { {0x2f013660, 64, 27284, 64}, },
	  .ov = { } },
	{ .seq = 354, .handle = 0x40000100, .type = 0, .expected_st = 0,
	  .n_in = 1, .n_out = 0,
	  .iv = { {0x2f013768, 64, 27348, 64}, },
	  .ov = { } },
	{ .seq = 355, .handle = 0x40000100, .type = 0, .expected_st = 0,
	  .n_in = 1, .n_out = 1,
	  .iv = { {0x2f013958, 64, 27412, 64}, },
	  .ov = { {0x2f0139e6, 2}, } },
	{ .seq = 356, .handle = 0x40000100, .type = 0, .expected_st = 0,
	  .n_in = 1, .n_out = 1,
	  .iv = { {0x2f013938, 64, 27476, 64}, },
	  .ov = { {0x2f0139d4, 1}, } },
	{ .seq = 357, .handle = 0x40000100, .type = 0, .expected_st = 0,
	  .n_in = 1, .n_out = 1,
	  .iv = { {0x2f013938, 64, 27540, 64}, },
	  .ov = { {0x2f0139d4, 4}, } },
	{ .seq = 358, .handle = 0x40000100, .type = 0, .expected_st = 0,
	  .n_in = 1, .n_out = 1,
	  .iv = { {0x2f0139b0, 64, 27604, 64}, },
	  .ov = { {0x2f013a3e, 2}, } },
	{ .seq = 359, .handle = 0x40000100, .type = 0, .expected_st = 0,
	  .n_in = 3, .n_out = 1,
	  .iv = { {0x2f013650, 64, 27668, 64}, {0x2f0136b4, 28, 27732, 28}, {0x2f0138c8, 65, 27760, 64}, },
	  .ov = { {0x2f0136b0, 4}, } },
	{ .seq = 360, .handle = 0x40000100, .type = 0, .expected_st = 0,
	  .n_in = 1, .n_out = 0,
	  .iv = { {0x2f013660, 64, 27824, 64}, },
	  .ov = { } },
	{ .seq = 361, .handle = 0x40000100, .type = 0, .expected_st = 0,
	  .n_in = 1, .n_out = 0,
	  .iv = { {0x2f013768, 64, 27888, 64}, },
	  .ov = { } },
	{ .seq = 362, .handle = 0x40000100, .type = 0, .expected_st = 0,
	  .n_in = 1, .n_out = 1,
	  .iv = { {0x2f013958, 64, 27952, 64}, },
	  .ov = { {0x2f0139e6, 2}, } },
	{ .seq = 363, .handle = 0x40000100, .type = 0, .expected_st = 0,
	  .n_in = 1, .n_out = 1,
	  .iv = { {0x2f013938, 64, 28016, 64}, },
	  .ov = { {0x2f0139d4, 1}, } },
	{ .seq = 364, .handle = 0x40000100, .type = 0, .expected_st = 0,
	  .n_in = 1, .n_out = 1,
	  .iv = { {0x2f013938, 64, 28080, 64}, },
	  .ov = { {0x2f0139d4, 4}, } },
	{ .seq = 365, .handle = 0x40000100, .type = 0, .expected_st = 0,
	  .n_in = 1, .n_out = 1,
	  .iv = { {0x2f0139b0, 64, 28144, 64}, },
	  .ov = { {0x2f013a3e, 2}, } },
	{ .seq = 366, .handle = 0x40000100, .type = 0, .expected_st = 0,
	  .n_in = 3, .n_out = 1,
	  .iv = { {0x2f013650, 64, 28208, 64}, {0x2f0136b4, 28, 28272, 28}, {0x2f0138c8, 65, 28300, 64}, },
	  .ov = { {0x2f0136b0, 4}, } },
	{ .seq = 367, .handle = 0x40000100, .type = 0, .expected_st = 0,
	  .n_in = 1, .n_out = 0,
	  .iv = { {0x2f013660, 64, 28364, 64}, },
	  .ov = { } },
	{ .seq = 368, .handle = 0x40000100, .type = 0, .expected_st = 0,
	  .n_in = 1, .n_out = 0,
	  .iv = { {0x2f013768, 64, 28428, 64}, },
	  .ov = { } },
	{ .seq = 369, .handle = 0x40000100, .type = 0, .expected_st = 0,
	  .n_in = 1, .n_out = 1,
	  .iv = { {0x2f013958, 64, 28492, 64}, },
	  .ov = { {0x2f0139e6, 2}, } },
	{ .seq = 370, .handle = 0x40000100, .type = 0, .expected_st = 0,
	  .n_in = 1, .n_out = 1,
	  .iv = { {0x2f013938, 64, 28556, 64}, },
	  .ov = { {0x2f0139d4, 1}, } },
	{ .seq = 371, .handle = 0x40000100, .type = 0, .expected_st = 0,
	  .n_in = 1, .n_out = 1,
	  .iv = { {0x2f013938, 64, 28620, 64}, },
	  .ov = { {0x2f0139d4, 4}, } },
	{ .seq = 372, .handle = 0x40000100, .type = 0, .expected_st = 0,
	  .n_in = 1, .n_out = 1,
	  .iv = { {0x2f0139b0, 64, 28684, 64}, },
	  .ov = { {0x2f013a3e, 2}, } },
	{ .seq = 373, .handle = 0x40000100, .type = 0, .expected_st = 0,
	  .n_in = 3, .n_out = 1,
	  .iv = { {0x2f013650, 64, 28748, 64}, {0x2f0136b4, 28, 28812, 28}, {0x2f0138c8, 65, 28840, 64}, },
	  .ov = { {0x2f0136b0, 4}, } },
	{ .seq = 374, .handle = 0x40000100, .type = 0, .expected_st = 0,
	  .n_in = 1, .n_out = 0,
	  .iv = { {0x2f013660, 64, 28904, 64}, },
	  .ov = { } },
	{ .seq = 375, .handle = 0x40000100, .type = 0, .expected_st = 0,
	  .n_in = 1, .n_out = 0,
	  .iv = { {0x2f013768, 64, 28968, 64}, },
	  .ov = { } },
	{ .seq = 376, .handle = 0x40000100, .type = 0, .expected_st = 0,
	  .n_in = 1, .n_out = 1,
	  .iv = { {0x2f013958, 64, 29032, 64}, },
	  .ov = { {0x2f0139e6, 2}, } },
	{ .seq = 377, .handle = 0x40000100, .type = 0, .expected_st = 0,
	  .n_in = 1, .n_out = 1,
	  .iv = { {0x2f013938, 64, 29096, 64}, },
	  .ov = { {0x2f0139d4, 1}, } },
	{ .seq = 378, .handle = 0x40000100, .type = 0, .expected_st = 0,
	  .n_in = 1, .n_out = 1,
	  .iv = { {0x2f013938, 64, 29160, 64}, },
	  .ov = { {0x2f0139d4, 4}, } },
	{ .seq = 379, .handle = 0x40000100, .type = 0, .expected_st = 0,
	  .n_in = 1, .n_out = 1,
	  .iv = { {0x2f0139b0, 64, 29224, 64}, },
	  .ov = { {0x2f013a3e, 2}, } },
	{ .seq = 380, .handle = 0x40000100, .type = 0, .expected_st = 0,
	  .n_in = 3, .n_out = 1,
	  .iv = { {0x2f013650, 64, 29288, 64}, {0x2f0136b4, 28, 29352, 28}, {0x2f0138c8, 65, 29380, 64}, },
	  .ov = { {0x2f0136b0, 4}, } },
	{ .seq = 381, .handle = 0x40000100, .type = 0, .expected_st = 0,
	  .n_in = 1, .n_out = 0,
	  .iv = { {0x2f013660, 64, 29444, 64}, },
	  .ov = { } },
	{ .seq = 382, .handle = 0x40000100, .type = 0, .expected_st = 0,
	  .n_in = 1, .n_out = 0,
	  .iv = { {0x2f013768, 64, 29508, 64}, },
	  .ov = { } },
	{ .seq = 383, .handle = 0x40000100, .type = 0, .expected_st = 0,
	  .n_in = 1, .n_out = 1,
	  .iv = { {0x2f013958, 64, 29572, 64}, },
	  .ov = { {0x2f0139e6, 2}, } },
	{ .seq = 384, .handle = 0x40000100, .type = 0, .expected_st = 0,
	  .n_in = 1, .n_out = 1,
	  .iv = { {0x2f013938, 64, 29636, 64}, },
	  .ov = { {0x2f0139d4, 1}, } },
	{ .seq = 385, .handle = 0x40000100, .type = 0, .expected_st = 0,
	  .n_in = 1, .n_out = 1,
	  .iv = { {0x2f013938, 64, 29700, 64}, },
	  .ov = { {0x2f0139d4, 4}, } },
	{ .seq = 386, .handle = 0x40000100, .type = 0, .expected_st = 0,
	  .n_in = 1, .n_out = 1,
	  .iv = { {0x2f0139b0, 64, 29764, 64}, },
	  .ov = { {0x2f013a3e, 2}, } },
	{ .seq = 387, .handle = 0x40000100, .type = 0, .expected_st = 0,
	  .n_in = 3, .n_out = 1,
	  .iv = { {0x2f013650, 64, 29828, 64}, {0x2f0136b4, 28, 29892, 28}, {0x2f0138c8, 65, 29920, 64}, },
	  .ov = { {0x2f0136b0, 4}, } },
	{ .seq = 388, .handle = 0x40000100, .type = 0, .expected_st = 0,
	  .n_in = 1, .n_out = 0,
	  .iv = { {0x2f013660, 64, 29984, 64}, },
	  .ov = { } },
	{ .seq = 389, .handle = 0x40000100, .type = 0, .expected_st = 0,
	  .n_in = 1, .n_out = 0,
	  .iv = { {0x2f013768, 64, 30048, 64}, },
	  .ov = { } },
	{ .seq = 390, .handle = 0x40000100, .type = 0, .expected_st = 0,
	  .n_in = 1, .n_out = 1,
	  .iv = { {0x2f013958, 64, 30112, 64}, },
	  .ov = { {0x2f0139e6, 2}, } },
	{ .seq = 391, .handle = 0x40000100, .type = 0, .expected_st = 0,
	  .n_in = 1, .n_out = 1,
	  .iv = { {0x2f013938, 64, 30176, 64}, },
	  .ov = { {0x2f0139d4, 1}, } },
	{ .seq = 392, .handle = 0x40000100, .type = 0, .expected_st = 0,
	  .n_in = 1, .n_out = 1,
	  .iv = { {0x2f013938, 64, 30240, 64}, },
	  .ov = { {0x2f0139d4, 4}, } },
	{ .seq = 393, .handle = 0x40000100, .type = 0, .expected_st = 0,
	  .n_in = 1, .n_out = 1,
	  .iv = { {0x2f0139b0, 64, 30304, 64}, },
	  .ov = { {0x2f013a3e, 2}, } },
	{ .seq = 394, .handle = 0x40000100, .type = 0, .expected_st = 0,
	  .n_in = 3, .n_out = 1,
	  .iv = { {0x2f013650, 64, 30368, 64}, {0x2f0136b4, 28, 30432, 28}, {0x2f0138c8, 65, 30460, 64}, },
	  .ov = { {0x2f0136b0, 4}, } },
	{ .seq = 395, .handle = 0x40000100, .type = 0, .expected_st = 0,
	  .n_in = 1, .n_out = 0,
	  .iv = { {0x2f013660, 64, 30524, 64}, },
	  .ov = { } },
	{ .seq = 396, .handle = 0x40000100, .type = 0, .expected_st = 0,
	  .n_in = 1, .n_out = 0,
	  .iv = { {0x2f013768, 64, 30588, 64}, },
	  .ov = { } },
	{ .seq = 397, .handle = 0x40000100, .type = 0, .expected_st = 0,
	  .n_in = 1, .n_out = 1,
	  .iv = { {0x2f013958, 64, 30652, 64}, },
	  .ov = { {0x2f0139e6, 2}, } },
	{ .seq = 398, .handle = 0x40000100, .type = 0, .expected_st = 0,
	  .n_in = 1, .n_out = 1,
	  .iv = { {0x2f013938, 64, 30716, 64}, },
	  .ov = { {0x2f0139d4, 1}, } },
	{ .seq = 399, .handle = 0x40000100, .type = 0, .expected_st = 0,
	  .n_in = 1, .n_out = 1,
	  .iv = { {0x2f013938, 64, 30780, 64}, },
	  .ov = { {0x2f0139d4, 4}, } },
	{ .seq = 400, .handle = 0x40000100, .type = 0, .expected_st = 0,
	  .n_in = 1, .n_out = 1,
	  .iv = { {0x2f0139b0, 64, 30844, 64}, },
	  .ov = { {0x2f013a3e, 2}, } },
	{ .seq = 401, .handle = 0x40000100, .type = 0, .expected_st = 0,
	  .n_in = 3, .n_out = 1,
	  .iv = { {0x2f013650, 64, 30908, 64}, {0x2f0136b4, 28, 30972, 28}, {0x2f0138c8, 65, 31000, 64}, },
	  .ov = { {0x2f0136b0, 4}, } },
	{ .seq = 402, .handle = 0x40000100, .type = 0, .expected_st = 0,
	  .n_in = 1, .n_out = 0,
	  .iv = { {0x2f013660, 64, 31064, 64}, },
	  .ov = { } },
	{ .seq = 403, .handle = 0x40000100, .type = 0, .expected_st = 0,
	  .n_in = 1, .n_out = 0,
	  .iv = { {0x2f013768, 64, 31128, 64}, },
	  .ov = { } },
	{ .seq = 404, .handle = 0x40000100, .type = 0, .expected_st = 0,
	  .n_in = 1, .n_out = 1,
	  .iv = { {0x2f013958, 64, 31192, 64}, },
	  .ov = { {0x2f0139e6, 2}, } },
	{ .seq = 405, .handle = 0x40000100, .type = 0, .expected_st = 0,
	  .n_in = 1, .n_out = 1,
	  .iv = { {0x2f013938, 64, 31256, 64}, },
	  .ov = { {0x2f0139d4, 1}, } },
	{ .seq = 406, .handle = 0x40000100, .type = 0, .expected_st = 0,
	  .n_in = 1, .n_out = 1,
	  .iv = { {0x2f013938, 64, 31320, 64}, },
	  .ov = { {0x2f0139d4, 4}, } },
	{ .seq = 407, .handle = 0x40000100, .type = 0, .expected_st = 0,
	  .n_in = 1, .n_out = 1,
	  .iv = { {0x2f0139b0, 64, 31384, 64}, },
	  .ov = { {0x2f013a3e, 2}, } },
	{ .seq = 408, .handle = 0x40000100, .type = 0, .expected_st = 0,
	  .n_in = 3, .n_out = 1,
	  .iv = { {0x2f013650, 64, 31448, 64}, {0x2f0136b4, 28, 31512, 28}, {0x2f0138c8, 65, 31540, 64}, },
	  .ov = { {0x2f0136b0, 4}, } },
	{ .seq = 409, .handle = 0x40000100, .type = 0, .expected_st = 0,
	  .n_in = 1, .n_out = 0,
	  .iv = { {0x2f013660, 64, 31604, 64}, },
	  .ov = { } },
	{ .seq = 410, .handle = 0x40000100, .type = 0, .expected_st = 0,
	  .n_in = 1, .n_out = 0,
	  .iv = { {0x2f013768, 64, 31668, 64}, },
	  .ov = { } },
	{ .seq = 411, .handle = 0x40000100, .type = 0, .expected_st = 0,
	  .n_in = 1, .n_out = 1,
	  .iv = { {0x2f013958, 64, 31732, 64}, },
	  .ov = { {0x2f0139e6, 2}, } },
	{ .seq = 412, .handle = 0x40000100, .type = 0, .expected_st = 0,
	  .n_in = 1, .n_out = 1,
	  .iv = { {0x2f013938, 64, 31796, 64}, },
	  .ov = { {0x2f0139d4, 1}, } },
	{ .seq = 413, .handle = 0x40000100, .type = 0, .expected_st = 0,
	  .n_in = 1, .n_out = 1,
	  .iv = { {0x2f013938, 64, 31860, 64}, },
	  .ov = { {0x2f0139d4, 4}, } },
	{ .seq = 414, .handle = 0x40000100, .type = 0, .expected_st = 0,
	  .n_in = 1, .n_out = 1,
	  .iv = { {0x2f0139b0, 64, 31924, 64}, },
	  .ov = { {0x2f013a3e, 2}, } },
	{ .seq = 415, .handle = 0x40000100, .type = 0, .expected_st = 0,
	  .n_in = 3, .n_out = 1,
	  .iv = { {0x2f013650, 64, 31988, 64}, {0x2f0136b4, 28, 32052, 28}, {0x2f0138c8, 65, 32080, 64}, },
	  .ov = { {0x2f0136b0, 4}, } },
	{ .seq = 416, .handle = 0x40000100, .type = 0, .expected_st = 0,
	  .n_in = 1, .n_out = 0,
	  .iv = { {0x2f013660, 64, 32144, 64}, },
	  .ov = { } },
	{ .seq = 417, .handle = 0x40000100, .type = 0, .expected_st = 0,
	  .n_in = 1, .n_out = 0,
	  .iv = { {0x2f013768, 64, 32208, 64}, },
	  .ov = { } },
	{ .seq = 418, .handle = 0x40000100, .type = 0, .expected_st = 0,
	  .n_in = 1, .n_out = 1,
	  .iv = { {0x2f013958, 64, 32272, 64}, },
	  .ov = { {0x2f0139e6, 2}, } },
	{ .seq = 419, .handle = 0x40000100, .type = 0, .expected_st = 0,
	  .n_in = 1, .n_out = 1,
	  .iv = { {0x2f013938, 64, 32336, 64}, },
	  .ov = { {0x2f0139d4, 1}, } },
	{ .seq = 420, .handle = 0x40000100, .type = 0, .expected_st = 0,
	  .n_in = 1, .n_out = 1,
	  .iv = { {0x2f013938, 64, 32400, 64}, },
	  .ov = { {0x2f0139d4, 4}, } },
	{ .seq = 421, .handle = 0x40000100, .type = 0, .expected_st = 0,
	  .n_in = 1, .n_out = 1,
	  .iv = { {0x2f0139b0, 64, 32464, 64}, },
	  .ov = { {0x2f013a3e, 2}, } },
	{ .seq = 422, .handle = 0x40000100, .type = 0, .expected_st = 0,
	  .n_in = 3, .n_out = 1,
	  .iv = { {0x2f013650, 64, 32528, 64}, {0x2f0136b4, 28, 32592, 28}, {0x2f0138c8, 65, 32620, 64}, },
	  .ov = { {0x2f0136b0, 4}, } },
	{ .seq = 423, .handle = 0x40000100, .type = 0, .expected_st = 0,
	  .n_in = 1, .n_out = 0,
	  .iv = { {0x2f013660, 64, 32684, 64}, },
	  .ov = { } },
	{ .seq = 424, .handle = 0x40000100, .type = 0, .expected_st = 0,
	  .n_in = 1, .n_out = 0,
	  .iv = { {0x2f013768, 64, 32748, 64}, },
	  .ov = { } },
	{ .seq = 425, .handle = 0x40000100, .type = 0, .expected_st = 0,
	  .n_in = 1, .n_out = 1,
	  .iv = { {0x2f013958, 64, 32812, 64}, },
	  .ov = { {0x2f0139e6, 2}, } },
	{ .seq = 426, .handle = 0x40000100, .type = 0, .expected_st = 0,
	  .n_in = 1, .n_out = 1,
	  .iv = { {0x2f013938, 64, 32876, 64}, },
	  .ov = { {0x2f0139d4, 1}, } },
	{ .seq = 427, .handle = 0x40000100, .type = 0, .expected_st = 0,
	  .n_in = 1, .n_out = 1,
	  .iv = { {0x2f013938, 64, 32940, 64}, },
	  .ov = { {0x2f0139d4, 4}, } },
	{ .seq = 428, .handle = 0x40000100, .type = 0, .expected_st = 0,
	  .n_in = 1, .n_out = 1,
	  .iv = { {0x2f0139b0, 64, 33004, 64}, },
	  .ov = { {0x2f013a3e, 2}, } },
	{ .seq = 429, .handle = 0x40000100, .type = 0, .expected_st = 0,
	  .n_in = 3, .n_out = 1,
	  .iv = { {0x2f013650, 64, 33068, 64}, {0x2f0136b4, 28, 33132, 28}, {0x2f0138c8, 65, 33160, 64}, },
	  .ov = { {0x2f0136b0, 4}, } },
	{ .seq = 430, .handle = 0x40000100, .type = 0, .expected_st = 0,
	  .n_in = 1, .n_out = 0,
	  .iv = { {0x2f013660, 64, 33224, 64}, },
	  .ov = { } },
	{ .seq = 431, .handle = 0x40000100, .type = 0, .expected_st = 0,
	  .n_in = 1, .n_out = 0,
	  .iv = { {0x2f013768, 64, 33288, 64}, },
	  .ov = { } },
	{ .seq = 432, .handle = 0x40000100, .type = 0, .expected_st = 0,
	  .n_in = 1, .n_out = 1,
	  .iv = { {0x2f013958, 64, 33352, 64}, },
	  .ov = { {0x2f0139e6, 2}, } },
	{ .seq = 433, .handle = 0x40000100, .type = 0, .expected_st = 0,
	  .n_in = 1, .n_out = 1,
	  .iv = { {0x2f013938, 64, 33416, 64}, },
	  .ov = { {0x2f0139d4, 1}, } },
	{ .seq = 434, .handle = 0x40000100, .type = 0, .expected_st = 0,
	  .n_in = 1, .n_out = 1,
	  .iv = { {0x2f013938, 64, 33480, 64}, },
	  .ov = { {0x2f0139d4, 4}, } },
	{ .seq = 435, .handle = 0x40000100, .type = 0, .expected_st = 0,
	  .n_in = 1, .n_out = 1,
	  .iv = { {0x2f0139b0, 64, 33544, 64}, },
	  .ov = { {0x2f013a3e, 2}, } },
	{ .seq = 436, .handle = 0x40000100, .type = 0, .expected_st = 0,
	  .n_in = 3, .n_out = 1,
	  .iv = { {0x2f013650, 64, 33608, 64}, {0x2f0136b4, 28, 33672, 28}, {0x2f0138c8, 65, 33700, 64}, },
	  .ov = { {0x2f0136b0, 4}, } },
	{ .seq = 437, .handle = 0x40000100, .type = 0, .expected_st = 0,
	  .n_in = 1, .n_out = 0,
	  .iv = { {0x2f013660, 64, 33764, 64}, },
	  .ov = { } },
	{ .seq = 438, .handle = 0x40000100, .type = 0, .expected_st = 0,
	  .n_in = 1, .n_out = 0,
	  .iv = { {0x2f013768, 64, 33828, 64}, },
	  .ov = { } },
	{ .seq = 439, .handle = 0x40000100, .type = 0, .expected_st = 0,
	  .n_in = 1, .n_out = 1,
	  .iv = { {0x2f013958, 64, 33892, 64}, },
	  .ov = { {0x2f0139e6, 2}, } },
	{ .seq = 440, .handle = 0x40000100, .type = 0, .expected_st = 0,
	  .n_in = 1, .n_out = 1,
	  .iv = { {0x2f013938, 64, 33956, 64}, },
	  .ov = { {0x2f0139d4, 1}, } },
	{ .seq = 441, .handle = 0x40000100, .type = 0, .expected_st = 0,
	  .n_in = 1, .n_out = 1,
	  .iv = { {0x2f013938, 64, 34020, 64}, },
	  .ov = { {0x2f0139d4, 4}, } },
	{ .seq = 442, .handle = 0x40000100, .type = 0, .expected_st = 0,
	  .n_in = 1, .n_out = 1,
	  .iv = { {0x2f0139b0, 64, 34084, 64}, },
	  .ov = { {0x2f013a3e, 2}, } },
	{ .seq = 443, .handle = 0x40000100, .type = 0, .expected_st = 0,
	  .n_in = 3, .n_out = 1,
	  .iv = { {0x2f013650, 64, 34148, 64}, {0x2f0136b4, 28, 34212, 28}, {0x2f0138c8, 65, 34240, 64}, },
	  .ov = { {0x2f0136b0, 4}, } },
	{ .seq = 444, .handle = 0x40000100, .type = 0, .expected_st = 0,
	  .n_in = 1, .n_out = 0,
	  .iv = { {0x2f013660, 64, 34304, 64}, },
	  .ov = { } },
	{ .seq = 445, .handle = 0x40000100, .type = 0, .expected_st = 0,
	  .n_in = 1, .n_out = 0,
	  .iv = { {0x2f013768, 64, 34368, 64}, },
	  .ov = { } },
	{ .seq = 446, .handle = 0x40000100, .type = 0, .expected_st = 0,
	  .n_in = 1, .n_out = 1,
	  .iv = { {0x2f013958, 64, 34432, 64}, },
	  .ov = { {0x2f0139e6, 2}, } },
	{ .seq = 447, .handle = 0x40000100, .type = 0, .expected_st = 0,
	  .n_in = 1, .n_out = 1,
	  .iv = { {0x2f013938, 64, 34496, 64}, },
	  .ov = { {0x2f0139d4, 1}, } },
	{ .seq = 448, .handle = 0x40000100, .type = 0, .expected_st = 0,
	  .n_in = 1, .n_out = 1,
	  .iv = { {0x2f013938, 64, 34560, 64}, },
	  .ov = { {0x2f0139d4, 4}, } },
	{ .seq = 449, .handle = 0x40000100, .type = 0, .expected_st = 0,
	  .n_in = 1, .n_out = 1,
	  .iv = { {0x2f0139b0, 64, 34624, 64}, },
	  .ov = { {0x2f013a3e, 2}, } },
	{ .seq = 450, .handle = 0x40000100, .type = 0, .expected_st = 0,
	  .n_in = 3, .n_out = 1,
	  .iv = { {0x2f013650, 64, 34688, 64}, {0x2f0136b4, 28, 34752, 28}, {0x2f0138c8, 65, 34780, 64}, },
	  .ov = { {0x2f0136b0, 4}, } },
	{ .seq = 451, .handle = 0x40000100, .type = 0, .expected_st = 0,
	  .n_in = 1, .n_out = 0,
	  .iv = { {0x2f013660, 64, 34844, 64}, },
	  .ov = { } },
	{ .seq = 452, .handle = 0x40000100, .type = 0, .expected_st = 0,
	  .n_in = 1, .n_out = 0,
	  .iv = { {0x2f013768, 64, 34908, 64}, },
	  .ov = { } },
	{ .seq = 453, .handle = 0x40000100, .type = 0, .expected_st = 0,
	  .n_in = 1, .n_out = 1,
	  .iv = { {0x2f013958, 64, 34972, 64}, },
	  .ov = { {0x2f0139e6, 2}, } },
	{ .seq = 454, .handle = 0x40000100, .type = 0, .expected_st = 0,
	  .n_in = 1, .n_out = 1,
	  .iv = { {0x2f013938, 64, 35036, 64}, },
	  .ov = { {0x2f0139d4, 1}, } },
	{ .seq = 455, .handle = 0x40000100, .type = 0, .expected_st = 0,
	  .n_in = 1, .n_out = 1,
	  .iv = { {0x2f013938, 64, 35100, 64}, },
	  .ov = { {0x2f0139d4, 4}, } },
	{ .seq = 456, .handle = 0x40000100, .type = 0, .expected_st = 0,
	  .n_in = 1, .n_out = 1,
	  .iv = { {0x2f0139b0, 64, 35164, 64}, },
	  .ov = { {0x2f013a3e, 2}, } },
	{ .seq = 457, .handle = 0x40000100, .type = 0, .expected_st = 0,
	  .n_in = 3, .n_out = 1,
	  .iv = { {0x2f013650, 64, 35228, 64}, {0x2f0136b4, 28, 35292, 28}, {0x2f0138c8, 65, 35320, 64}, },
	  .ov = { {0x2f0136b0, 4}, } },
	{ .seq = 458, .handle = 0x40000100, .type = 0, .expected_st = 0,
	  .n_in = 1, .n_out = 0,
	  .iv = { {0x2f013660, 64, 35384, 64}, },
	  .ov = { } },
	{ .seq = 459, .handle = 0x40000100, .type = 0, .expected_st = 0,
	  .n_in = 1, .n_out = 0,
	  .iv = { {0x2f013768, 64, 35448, 64}, },
	  .ov = { } },
	{ .seq = 460, .handle = 0x40000100, .type = 0, .expected_st = 0,
	  .n_in = 1, .n_out = 1,
	  .iv = { {0x2f013958, 64, 35512, 64}, },
	  .ov = { {0x2f0139e6, 2}, } },
	{ .seq = 461, .handle = 0x40000100, .type = 0, .expected_st = 0,
	  .n_in = 1, .n_out = 1,
	  .iv = { {0x2f013938, 64, 35576, 64}, },
	  .ov = { {0x2f0139d4, 1}, } },
	{ .seq = 462, .handle = 0x40000100, .type = 0, .expected_st = 0,
	  .n_in = 1, .n_out = 1,
	  .iv = { {0x2f013938, 64, 35640, 64}, },
	  .ov = { {0x2f0139d4, 4}, } },
	{ .seq = 463, .handle = 0x40000100, .type = 0, .expected_st = 0,
	  .n_in = 1, .n_out = 1,
	  .iv = { {0x2f0139b0, 64, 35704, 64}, },
	  .ov = { {0x2f013a3e, 2}, } },
	{ .seq = 464, .handle = 0x40000100, .type = 0, .expected_st = 0,
	  .n_in = 3, .n_out = 1,
	  .iv = { {0x2f013650, 64, 35768, 64}, {0x2f0136b4, 28, 35832, 28}, {0x2f0138c8, 65, 35860, 64}, },
	  .ov = { {0x2f0136b0, 4}, } },
	{ .seq = 465, .handle = 0x40000100, .type = 0, .expected_st = 0,
	  .n_in = 1, .n_out = 0,
	  .iv = { {0x2f013660, 64, 35924, 64}, },
	  .ov = { } },
	{ .seq = 466, .handle = 0x40000100, .type = 0, .expected_st = 0,
	  .n_in = 1, .n_out = 0,
	  .iv = { {0x2f013768, 64, 35988, 64}, },
	  .ov = { } },
	{ .seq = 467, .handle = 0x40000100, .type = 0, .expected_st = 0,
	  .n_in = 1, .n_out = 1,
	  .iv = { {0x2f013958, 64, 36052, 64}, },
	  .ov = { {0x2f0139e6, 2}, } },
	{ .seq = 468, .handle = 0x40000100, .type = 0, .expected_st = 0,
	  .n_in = 1, .n_out = 1,
	  .iv = { {0x2f013938, 64, 36116, 64}, },
	  .ov = { {0x2f0139d4, 1}, } },
	{ .seq = 469, .handle = 0x40000100, .type = 0, .expected_st = 0,
	  .n_in = 1, .n_out = 1,
	  .iv = { {0x2f013938, 64, 36180, 64}, },
	  .ov = { {0x2f0139d4, 4}, } },
	{ .seq = 470, .handle = 0x40000100, .type = 0, .expected_st = 0,
	  .n_in = 1, .n_out = 1,
	  .iv = { {0x2f0139b0, 64, 36244, 64}, },
	  .ov = { {0x2f013a3e, 2}, } },
	{ .seq = 471, .handle = 0x40000100, .type = 0, .expected_st = 0,
	  .n_in = 3, .n_out = 1,
	  .iv = { {0x2f013650, 64, 36308, 64}, {0x2f0136b4, 28, 36372, 28}, {0x2f0138c8, 65, 36400, 64}, },
	  .ov = { {0x2f0136b0, 4}, } },
	{ .seq = 472, .handle = 0x40000100, .type = 0, .expected_st = 0,
	  .n_in = 1, .n_out = 0,
	  .iv = { {0x2f013660, 64, 36464, 64}, },
	  .ov = { } },
	{ .seq = 473, .handle = 0x40000100, .type = 0, .expected_st = 0,
	  .n_in = 1, .n_out = 0,
	  .iv = { {0x2f013768, 64, 36528, 64}, },
	  .ov = { } },
	{ .seq = 474, .handle = 0x40000100, .type = 0, .expected_st = 0,
	  .n_in = 1, .n_out = 1,
	  .iv = { {0x2f013958, 64, 36592, 64}, },
	  .ov = { {0x2f0139e6, 2}, } },
	{ .seq = 475, .handle = 0x40000100, .type = 0, .expected_st = 0,
	  .n_in = 1, .n_out = 1,
	  .iv = { {0x2f013938, 64, 36656, 64}, },
	  .ov = { {0x2f0139d4, 1}, } },
	{ .seq = 476, .handle = 0x40000100, .type = 0, .expected_st = 0,
	  .n_in = 1, .n_out = 1,
	  .iv = { {0x2f013938, 64, 36720, 64}, },
	  .ov = { {0x2f0139d4, 4}, } },
	{ .seq = 477, .handle = 0x40000100, .type = 0, .expected_st = 0,
	  .n_in = 1, .n_out = 1,
	  .iv = { {0x2f0139b0, 64, 36784, 64}, },
	  .ov = { {0x2f013a3e, 2}, } },
	{ .seq = 478, .handle = 0x40000100, .type = 0, .expected_st = 0,
	  .n_in = 3, .n_out = 1,
	  .iv = { {0x2f013650, 64, 36848, 64}, {0x2f0136b4, 28, 36912, 28}, {0x2f0138c8, 65, 36940, 64}, },
	  .ov = { {0x2f0136b0, 4}, } },
	{ .seq = 479, .handle = 0x40000100, .type = 0, .expected_st = 0,
	  .n_in = 1, .n_out = 0,
	  .iv = { {0x2f013660, 64, 37004, 64}, },
	  .ov = { } },
	{ .seq = 480, .handle = 0x40000100, .type = 0, .expected_st = 0,
	  .n_in = 1, .n_out = 0,
	  .iv = { {0x2f013768, 64, 37068, 64}, },
	  .ov = { } },
	{ .seq = 481, .handle = 0x40000100, .type = 0, .expected_st = 0,
	  .n_in = 1, .n_out = 1,
	  .iv = { {0x2f013958, 64, 37132, 64}, },
	  .ov = { {0x2f0139e6, 2}, } },
	{ .seq = 482, .handle = 0x40000100, .type = 0, .expected_st = 0,
	  .n_in = 1, .n_out = 1,
	  .iv = { {0x2f013938, 64, 37196, 64}, },
	  .ov = { {0x2f0139d4, 1}, } },
	{ .seq = 483, .handle = 0x40000100, .type = 0, .expected_st = 0,
	  .n_in = 1, .n_out = 1,
	  .iv = { {0x2f013938, 64, 37260, 64}, },
	  .ov = { {0x2f0139d4, 4}, } },
	{ .seq = 484, .handle = 0x40000100, .type = 0, .expected_st = 0,
	  .n_in = 1, .n_out = 1,
	  .iv = { {0x2f0139b0, 64, 37324, 64}, },
	  .ov = { {0x2f013a3e, 2}, } },
	{ .seq = 485, .handle = 0x40000100, .type = 0, .expected_st = 0,
	  .n_in = 3, .n_out = 1,
	  .iv = { {0x2f013650, 64, 37388, 64}, {0x2f0136b4, 28, 37452, 28}, {0x2f0138c8, 65, 37480, 64}, },
	  .ov = { {0x2f0136b0, 4}, } },
	{ .seq = 486, .handle = 0x40000100, .type = 0, .expected_st = 0,
	  .n_in = 1, .n_out = 0,
	  .iv = { {0x2f013660, 64, 37544, 64}, },
	  .ov = { } },
	{ .seq = 487, .handle = 0x40000100, .type = 0, .expected_st = 0,
	  .n_in = 1, .n_out = 0,
	  .iv = { {0x2f013768, 64, 37608, 64}, },
	  .ov = { } },
	{ .seq = 488, .handle = 0x40000100, .type = 0, .expected_st = 0,
	  .n_in = 1, .n_out = 1,
	  .iv = { {0x2f013958, 64, 37672, 64}, },
	  .ov = { {0x2f0139e6, 2}, } },
	{ .seq = 489, .handle = 0x40000100, .type = 0, .expected_st = 0,
	  .n_in = 1, .n_out = 1,
	  .iv = { {0x2f013938, 64, 37736, 64}, },
	  .ov = { {0x2f0139d4, 1}, } },
	{ .seq = 490, .handle = 0x40000100, .type = 0, .expected_st = 0,
	  .n_in = 1, .n_out = 1,
	  .iv = { {0x2f013938, 64, 37800, 64}, },
	  .ov = { {0x2f0139d4, 4}, } },
	{ .seq = 491, .handle = 0x40000100, .type = 0, .expected_st = 0,
	  .n_in = 1, .n_out = 1,
	  .iv = { {0x2f0139b0, 64, 37864, 64}, },
	  .ov = { {0x2f013a3e, 2}, } },
	{ .seq = 492, .handle = 0x40000100, .type = 0, .expected_st = 0,
	  .n_in = 3, .n_out = 1,
	  .iv = { {0x2f013650, 64, 37928, 64}, {0x2f0136b4, 28, 37992, 28}, {0x2f0138c8, 65, 38020, 64}, },
	  .ov = { {0x2f0136b0, 4}, } },
	{ .seq = 493, .handle = 0x40000100, .type = 0, .expected_st = 0,
	  .n_in = 1, .n_out = 0,
	  .iv = { {0x2f013660, 64, 38084, 64}, },
	  .ov = { } },
	{ .seq = 494, .handle = 0x40000100, .type = 0, .expected_st = 0,
	  .n_in = 1, .n_out = 0,
	  .iv = { {0x2f013768, 64, 38148, 64}, },
	  .ov = { } },
	{ .seq = 495, .handle = 0x40000100, .type = 0, .expected_st = 0,
	  .n_in = 1, .n_out = 1,
	  .iv = { {0x2f013958, 64, 38212, 64}, },
	  .ov = { {0x2f0139e6, 2}, } },
	{ .seq = 496, .handle = 0x40000100, .type = 0, .expected_st = 0,
	  .n_in = 1, .n_out = 1,
	  .iv = { {0x2f013938, 64, 38276, 64}, },
	  .ov = { {0x2f0139d4, 1}, } },
	{ .seq = 497, .handle = 0x40000100, .type = 0, .expected_st = 0,
	  .n_in = 1, .n_out = 1,
	  .iv = { {0x2f013938, 64, 38340, 64}, },
	  .ov = { {0x2f0139d4, 4}, } },
	{ .seq = 498, .handle = 0x40000100, .type = 0, .expected_st = 0,
	  .n_in = 1, .n_out = 1,
	  .iv = { {0x2f0139b0, 64, 38404, 64}, },
	  .ov = { {0x2f013a3e, 2}, } },
	{ .seq = 499, .handle = 0x40000100, .type = 0, .expected_st = 0,
	  .n_in = 3, .n_out = 1,
	  .iv = { {0x2f013650, 64, 38468, 64}, {0x2f0136b4, 28, 38532, 28}, {0x2f0138c8, 65, 38560, 64}, },
	  .ov = { {0x2f0136b0, 4}, } },
	{ .seq = 500, .handle = 0x40000100, .type = 0, .expected_st = 0,
	  .n_in = 1, .n_out = 0,
	  .iv = { {0x2f013660, 64, 38624, 64}, },
	  .ov = { } },
	{ .seq = 501, .handle = 0x40000100, .type = 0, .expected_st = 0,
	  .n_in = 1, .n_out = 0,
	  .iv = { {0x2f013768, 64, 38688, 64}, },
	  .ov = { } },
	{ .seq = 502, .handle = 0x40000100, .type = 0, .expected_st = 0,
	  .n_in = 1, .n_out = 1,
	  .iv = { {0x2f013958, 64, 38752, 64}, },
	  .ov = { {0x2f0139e6, 2}, } },
	{ .seq = 503, .handle = 0x40000100, .type = 0, .expected_st = 0,
	  .n_in = 1, .n_out = 1,
	  .iv = { {0x2f013938, 64, 38816, 64}, },
	  .ov = { {0x2f0139d4, 1}, } },
	{ .seq = 504, .handle = 0x40000100, .type = 0, .expected_st = 0,
	  .n_in = 1, .n_out = 1,
	  .iv = { {0x2f013938, 64, 38880, 64}, },
	  .ov = { {0x2f0139d4, 4}, } },
	{ .seq = 505, .handle = 0x40000100, .type = 0, .expected_st = 0,
	  .n_in = 1, .n_out = 1,
	  .iv = { {0x2f0139b0, 64, 38944, 64}, },
	  .ov = { {0x2f013a3e, 2}, } },
	{ .seq = 506, .handle = 0x40000100, .type = 0, .expected_st = 0,
	  .n_in = 3, .n_out = 1,
	  .iv = { {0x2f013650, 64, 39008, 64}, {0x2f0136b4, 28, 39072, 28}, {0x2f0138c8, 65, 39100, 64}, },
	  .ov = { {0x2f0136b0, 4}, } },
	{ .seq = 507, .handle = 0x40000100, .type = 0, .expected_st = 0,
	  .n_in = 1, .n_out = 0,
	  .iv = { {0x2f013660, 64, 39164, 64}, },
	  .ov = { } },
	{ .seq = 508, .handle = 0x40000100, .type = 0, .expected_st = 0,
	  .n_in = 1, .n_out = 0,
	  .iv = { {0x2f013768, 64, 39228, 64}, },
	  .ov = { } },
	{ .seq = 509, .handle = 0x40000100, .type = 0, .expected_st = 0,
	  .n_in = 1, .n_out = 1,
	  .iv = { {0x2f013958, 64, 39292, 64}, },
	  .ov = { {0x2f0139e6, 2}, } },
	{ .seq = 510, .handle = 0x40000100, .type = 0, .expected_st = 0,
	  .n_in = 1, .n_out = 1,
	  .iv = { {0x2f013938, 64, 39356, 64}, },
	  .ov = { {0x2f0139d4, 1}, } },
	{ .seq = 511, .handle = 0x40000100, .type = 0, .expected_st = 0,
	  .n_in = 1, .n_out = 1,
	  .iv = { {0x2f013938, 64, 39420, 64}, },
	  .ov = { {0x2f0139d4, 4}, } },
	{ .seq = 512, .handle = 0x40000100, .type = 0, .expected_st = 0,
	  .n_in = 1, .n_out = 1,
	  .iv = { {0x2f0139b0, 64, 39484, 64}, },
	  .ov = { {0x2f013a3e, 2}, } },
	{ .seq = 513, .handle = 0x40000100, .type = 0, .expected_st = 0,
	  .n_in = 3, .n_out = 1,
	  .iv = { {0x2f013650, 64, 39548, 64}, {0x2f0136b4, 28, 39612, 28}, {0x2f0138c8, 65, 39640, 64}, },
	  .ov = { {0x2f0136b0, 4}, } },
	{ .seq = 514, .handle = 0x40000100, .type = 0, .expected_st = 0,
	  .n_in = 1, .n_out = 0,
	  .iv = { {0x2f013660, 64, 39704, 64}, },
	  .ov = { } },
	{ .seq = 515, .handle = 0x40000100, .type = 0, .expected_st = 0,
	  .n_in = 1, .n_out = 0,
	  .iv = { {0x2f013768, 64, 39768, 64}, },
	  .ov = { } },
	{ .seq = 516, .handle = 0x40000100, .type = 0, .expected_st = 0,
	  .n_in = 1, .n_out = 1,
	  .iv = { {0x2f013958, 64, 39832, 64}, },
	  .ov = { {0x2f0139e6, 2}, } },
	{ .seq = 517, .handle = 0x40000100, .type = 0, .expected_st = 0,
	  .n_in = 1, .n_out = 1,
	  .iv = { {0x2f013938, 64, 39896, 64}, },
	  .ov = { {0x2f0139d4, 1}, } },
	{ .seq = 518, .handle = 0x40000100, .type = 0, .expected_st = 0,
	  .n_in = 1, .n_out = 1,
	  .iv = { {0x2f013938, 64, 39960, 64}, },
	  .ov = { {0x2f0139d4, 4}, } },
	{ .seq = 519, .handle = 0x40000100, .type = 0, .expected_st = 0,
	  .n_in = 1, .n_out = 1,
	  .iv = { {0x2f0139b0, 64, 40024, 64}, },
	  .ov = { {0x2f013a3e, 2}, } },
	{ .seq = 520, .handle = 0x40000100, .type = 0, .expected_st = 0,
	  .n_in = 3, .n_out = 1,
	  .iv = { {0x2f013650, 64, 40088, 64}, {0x2f0136b4, 28, 40152, 28}, {0x2f0138c8, 65, 40180, 64}, },
	  .ov = { {0x2f0136b0, 4}, } },
	{ .seq = 521, .handle = 0x40000100, .type = 0, .expected_st = 0,
	  .n_in = 1, .n_out = 0,
	  .iv = { {0x2f013660, 64, 40244, 64}, },
	  .ov = { } },
	{ .seq = 522, .handle = 0x40000100, .type = 0, .expected_st = 0,
	  .n_in = 1, .n_out = 0,
	  .iv = { {0x2f013768, 64, 40308, 64}, },
	  .ov = { } },
	{ .seq = 523, .handle = 0x40000100, .type = 0, .expected_st = 0,
	  .n_in = 1, .n_out = 1,
	  .iv = { {0x2f013958, 64, 40372, 64}, },
	  .ov = { {0x2f0139e6, 2}, } },
	{ .seq = 524, .handle = 0x40000100, .type = 0, .expected_st = 0,
	  .n_in = 1, .n_out = 1,
	  .iv = { {0x2f013938, 64, 40436, 64}, },
	  .ov = { {0x2f0139d4, 1}, } },
	{ .seq = 525, .handle = 0x40000100, .type = 0, .expected_st = 0,
	  .n_in = 1, .n_out = 1,
	  .iv = { {0x2f013938, 64, 40500, 64}, },
	  .ov = { {0x2f0139d4, 4}, } },
	{ .seq = 526, .handle = 0x40000100, .type = 0, .expected_st = 0,
	  .n_in = 1, .n_out = 1,
	  .iv = { {0x2f0139b0, 64, 40564, 64}, },
	  .ov = { {0x2f013a3e, 2}, } },
	{ .seq = 527, .handle = 0x40000100, .type = 0, .expected_st = 0,
	  .n_in = 3, .n_out = 1,
	  .iv = { {0x2f013650, 64, 40628, 64}, {0x2f0136b4, 28, 40692, 28}, {0x2f0138c8, 65, 40720, 64}, },
	  .ov = { {0x2f0136b0, 4}, } },
	{ .seq = 528, .handle = 0x40000100, .type = 0, .expected_st = 0,
	  .n_in = 1, .n_out = 0,
	  .iv = { {0x2f013660, 64, 40784, 64}, },
	  .ov = { } },
	{ .seq = 529, .handle = 0x40000100, .type = 0, .expected_st = 0,
	  .n_in = 1, .n_out = 0,
	  .iv = { {0x2f013768, 64, 40848, 64}, },
	  .ov = { } },
	{ .seq = 530, .handle = 0x40000100, .type = 0, .expected_st = 0,
	  .n_in = 1, .n_out = 1,
	  .iv = { {0x2f013958, 64, 40912, 64}, },
	  .ov = { {0x2f0139e6, 2}, } },
	{ .seq = 531, .handle = 0x40000100, .type = 0, .expected_st = 0,
	  .n_in = 1, .n_out = 1,
	  .iv = { {0x2f013938, 64, 40976, 64}, },
	  .ov = { {0x2f0139d4, 1}, } },
	{ .seq = 532, .handle = 0x40000100, .type = 0, .expected_st = 0,
	  .n_in = 1, .n_out = 1,
	  .iv = { {0x2f013938, 64, 41040, 64}, },
	  .ov = { {0x2f0139d4, 4}, } },
	{ .seq = 533, .handle = 0x40000100, .type = 0, .expected_st = 0,
	  .n_in = 1, .n_out = 1,
	  .iv = { {0x2f0139b0, 64, 41104, 64}, },
	  .ov = { {0x2f013a3e, 2}, } },
	{ .seq = 534, .handle = 0x40000100, .type = 0, .expected_st = 0,
	  .n_in = 3, .n_out = 1,
	  .iv = { {0x2f013650, 64, 41168, 64}, {0x2f0136b4, 28, 41232, 28}, {0x2f0138c8, 65, 41260, 64}, },
	  .ov = { {0x2f0136b0, 4}, } },
	{ .seq = 535, .handle = 0x40000100, .type = 0, .expected_st = 0,
	  .n_in = 1, .n_out = 0,
	  .iv = { {0x2f013660, 64, 41324, 64}, },
	  .ov = { } },
	{ .seq = 536, .handle = 0x40000100, .type = 0, .expected_st = 0,
	  .n_in = 1, .n_out = 0,
	  .iv = { {0x2f013768, 64, 41388, 64}, },
	  .ov = { } },
	{ .seq = 537, .handle = 0x40000100, .type = 0, .expected_st = 0,
	  .n_in = 1, .n_out = 1,
	  .iv = { {0x2f013958, 64, 41452, 64}, },
	  .ov = { {0x2f0139e6, 2}, } },
	{ .seq = 538, .handle = 0x40000100, .type = 0, .expected_st = 0,
	  .n_in = 1, .n_out = 1,
	  .iv = { {0x2f013938, 64, 41516, 64}, },
	  .ov = { {0x2f0139d4, 1}, } },
	{ .seq = 539, .handle = 0x40000100, .type = 0, .expected_st = 0,
	  .n_in = 1, .n_out = 1,
	  .iv = { {0x2f013938, 64, 41580, 64}, },
	  .ov = { {0x2f0139d4, 4}, } },
	{ .seq = 540, .handle = 0x40000100, .type = 0, .expected_st = 0,
	  .n_in = 1, .n_out = 1,
	  .iv = { {0x2f0139b0, 64, 41644, 64}, },
	  .ov = { {0x2f013a3e, 2}, } },
	{ .seq = 541, .handle = 0x40000100, .type = 0, .expected_st = 0,
	  .n_in = 3, .n_out = 1,
	  .iv = { {0x2f013650, 64, 41708, 64}, {0x2f0136b4, 28, 41772, 28}, {0x2f0138c8, 65, 41800, 64}, },
	  .ov = { {0x2f0136b0, 4}, } },
	{ .seq = 542, .handle = 0x40000100, .type = 0, .expected_st = 0,
	  .n_in = 1, .n_out = 0,
	  .iv = { {0x2f013660, 64, 41864, 64}, },
	  .ov = { } },
	{ .seq = 543, .handle = 0x40000100, .type = 0, .expected_st = 0,
	  .n_in = 1, .n_out = 0,
	  .iv = { {0x2f013768, 64, 41928, 64}, },
	  .ov = { } },
	{ .seq = 544, .handle = 0x40000100, .type = 0, .expected_st = 0,
	  .n_in = 1, .n_out = 1,
	  .iv = { {0x2f013958, 64, 41992, 64}, },
	  .ov = { {0x2f0139e6, 2}, } },
	{ .seq = 545, .handle = 0x40000100, .type = 0, .expected_st = 0,
	  .n_in = 1, .n_out = 1,
	  .iv = { {0x2f013938, 64, 42056, 64}, },
	  .ov = { {0x2f0139d4, 1}, } },
	{ .seq = 546, .handle = 0x40000100, .type = 0, .expected_st = 0,
	  .n_in = 1, .n_out = 1,
	  .iv = { {0x2f013938, 64, 42120, 64}, },
	  .ov = { {0x2f0139d4, 4}, } },
	{ .seq = 547, .handle = 0x40000100, .type = 0, .expected_st = 0,
	  .n_in = 1, .n_out = 1,
	  .iv = { {0x2f0139b0, 64, 42184, 64}, },
	  .ov = { {0x2f013a3e, 2}, } },
	{ .seq = 548, .handle = 0x40000100, .type = 0, .expected_st = 0,
	  .n_in = 3, .n_out = 1,
	  .iv = { {0x2f013650, 64, 42248, 64}, {0x2f0136b4, 28, 42312, 28}, {0x2f0138c8, 65, 42340, 64}, },
	  .ov = { {0x2f0136b0, 4}, } },
	{ .seq = 549, .handle = 0x40000100, .type = 0, .expected_st = 0,
	  .n_in = 1, .n_out = 0,
	  .iv = { {0x2f013660, 64, 42404, 64}, },
	  .ov = { } },
	{ .seq = 550, .handle = 0x40000100, .type = 0, .expected_st = 0,
	  .n_in = 1, .n_out = 0,
	  .iv = { {0x2f013768, 64, 42468, 64}, },
	  .ov = { } },
	{ .seq = 551, .handle = 0x40000100, .type = 0, .expected_st = 0,
	  .n_in = 1, .n_out = 1,
	  .iv = { {0x2f013958, 64, 42532, 64}, },
	  .ov = { {0x2f0139e6, 2}, } },
	{ .seq = 552, .handle = 0x40000100, .type = 0, .expected_st = 0,
	  .n_in = 1, .n_out = 1,
	  .iv = { {0x2f013938, 64, 42596, 64}, },
	  .ov = { {0x2f0139d4, 1}, } },
	{ .seq = 553, .handle = 0x40000100, .type = 0, .expected_st = 0,
	  .n_in = 1, .n_out = 1,
	  .iv = { {0x2f013938, 64, 42660, 64}, },
	  .ov = { {0x2f0139d4, 4}, } },
	{ .seq = 554, .handle = 0x40000100, .type = 0, .expected_st = 0,
	  .n_in = 1, .n_out = 1,
	  .iv = { {0x2f0139b0, 64, 42724, 64}, },
	  .ov = { {0x2f013a3e, 2}, } },
	{ .seq = 555, .handle = 0x40000100, .type = 0, .expected_st = 0,
	  .n_in = 3, .n_out = 1,
	  .iv = { {0x2f013650, 64, 42788, 64}, {0x2f0136b4, 28, 42852, 28}, {0x2f0138c8, 65, 42880, 64}, },
	  .ov = { {0x2f0136b0, 4}, } },
	{ .seq = 556, .handle = 0x40000100, .type = 0, .expected_st = 0,
	  .n_in = 1, .n_out = 0,
	  .iv = { {0x2f013660, 64, 42944, 64}, },
	  .ov = { } },
	{ .seq = 557, .handle = 0x40000100, .type = 0, .expected_st = 0,
	  .n_in = 1, .n_out = 0,
	  .iv = { {0x2f013768, 64, 43008, 64}, },
	  .ov = { } },
	{ .seq = 558, .handle = 0x40000100, .type = 0, .expected_st = 0,
	  .n_in = 1, .n_out = 1,
	  .iv = { {0x2f013958, 64, 43072, 64}, },
	  .ov = { {0x2f0139e6, 2}, } },
	{ .seq = 559, .handle = 0x40000100, .type = 0, .expected_st = 0,
	  .n_in = 1, .n_out = 1,
	  .iv = { {0x2f013938, 64, 43136, 64}, },
	  .ov = { {0x2f0139d4, 1}, } },
	{ .seq = 560, .handle = 0x40000100, .type = 0, .expected_st = 0,
	  .n_in = 1, .n_out = 1,
	  .iv = { {0x2f013938, 64, 43200, 64}, },
	  .ov = { {0x2f0139d4, 4}, } },
	{ .seq = 561, .handle = 0x40000100, .type = 0, .expected_st = 0,
	  .n_in = 1, .n_out = 1,
	  .iv = { {0x2f0139b0, 64, 43264, 64}, },
	  .ov = { {0x2f013a3e, 2}, } },
	{ .seq = 562, .handle = 0x40000100, .type = 0, .expected_st = 0,
	  .n_in = 3, .n_out = 1,
	  .iv = { {0x2f013650, 64, 43328, 64}, {0x2f0136b4, 28, 43392, 28}, {0x2f0138c8, 65, 43420, 64}, },
	  .ov = { {0x2f0136b0, 4}, } },
	{ .seq = 563, .handle = 0x40000100, .type = 0, .expected_st = 0,
	  .n_in = 1, .n_out = 0,
	  .iv = { {0x2f013660, 64, 43484, 64}, },
	  .ov = { } },
	{ .seq = 564, .handle = 0x40000100, .type = 0, .expected_st = 0,
	  .n_in = 1, .n_out = 0,
	  .iv = { {0x2f013768, 64, 43548, 64}, },
	  .ov = { } },
	{ .seq = 565, .handle = 0x40000100, .type = 0, .expected_st = 0,
	  .n_in = 1, .n_out = 1,
	  .iv = { {0x2f013958, 64, 43612, 64}, },
	  .ov = { {0x2f0139e6, 2}, } },
	{ .seq = 566, .handle = 0x40000100, .type = 0, .expected_st = 0,
	  .n_in = 1, .n_out = 1,
	  .iv = { {0x2f013938, 64, 43676, 64}, },
	  .ov = { {0x2f0139d4, 1}, } },
	{ .seq = 567, .handle = 0x40000100, .type = 0, .expected_st = 0,
	  .n_in = 1, .n_out = 1,
	  .iv = { {0x2f013938, 64, 43740, 64}, },
	  .ov = { {0x2f0139d4, 4}, } },
	{ .seq = 568, .handle = 0x40000100, .type = 0, .expected_st = 0,
	  .n_in = 1, .n_out = 1,
	  .iv = { {0x2f0139b0, 64, 43804, 64}, },
	  .ov = { {0x2f013a3e, 2}, } },
	{ .seq = 569, .handle = 0x40000100, .type = 0, .expected_st = 0,
	  .n_in = 3, .n_out = 1,
	  .iv = { {0x2f013650, 64, 43868, 64}, {0x2f0136b4, 28, 43932, 28}, {0x2f0138c8, 65, 43960, 64}, },
	  .ov = { {0x2f0136b0, 4}, } },
	{ .seq = 570, .handle = 0x40000100, .type = 0, .expected_st = 0,
	  .n_in = 1, .n_out = 0,
	  .iv = { {0x2f013660, 64, 44024, 64}, },
	  .ov = { } },
	{ .seq = 571, .handle = 0x40000100, .type = 0, .expected_st = 0,
	  .n_in = 1, .n_out = 0,
	  .iv = { {0x2f013768, 64, 44088, 64}, },
	  .ov = { } },
	{ .seq = 572, .handle = 0x40000100, .type = 0, .expected_st = 0,
	  .n_in = 1, .n_out = 1,
	  .iv = { {0x2f013958, 64, 44152, 64}, },
	  .ov = { {0x2f0139e6, 2}, } },
	{ .seq = 573, .handle = 0x40000100, .type = 0, .expected_st = 0,
	  .n_in = 1, .n_out = 1,
	  .iv = { {0x2f013938, 64, 44216, 64}, },
	  .ov = { {0x2f0139d4, 1}, } },
	{ .seq = 574, .handle = 0x40000100, .type = 0, .expected_st = 0,
	  .n_in = 1, .n_out = 1,
	  .iv = { {0x2f013938, 64, 44280, 64}, },
	  .ov = { {0x2f0139d4, 4}, } },
	{ .seq = 575, .handle = 0x40000100, .type = 0, .expected_st = 0,
	  .n_in = 1, .n_out = 1,
	  .iv = { {0x2f0139b0, 64, 44344, 64}, },
	  .ov = { {0x2f013a3e, 2}, } },
	{ .seq = 576, .handle = 0x40000100, .type = 0, .expected_st = 0,
	  .n_in = 3, .n_out = 1,
	  .iv = { {0x2f013650, 64, 44408, 64}, {0x2f0136b4, 28, 44472, 28}, {0x2f0138c8, 65, 44500, 64}, },
	  .ov = { {0x2f0136b0, 4}, } },
	{ .seq = 577, .handle = 0x40000100, .type = 0, .expected_st = 0,
	  .n_in = 1, .n_out = 0,
	  .iv = { {0x2f013660, 64, 44564, 64}, },
	  .ov = { } },
	{ .seq = 578, .handle = 0x40000100, .type = 0, .expected_st = 0,
	  .n_in = 1, .n_out = 0,
	  .iv = { {0x2f013768, 64, 44628, 64}, },
	  .ov = { } },
	{ .seq = 579, .handle = 0x40000100, .type = 0, .expected_st = 0,
	  .n_in = 1, .n_out = 1,
	  .iv = { {0x2f013958, 64, 44692, 64}, },
	  .ov = { {0x2f0139e6, 2}, } },
	{ .seq = 580, .handle = 0x40000100, .type = 0, .expected_st = 0,
	  .n_in = 1, .n_out = 1,
	  .iv = { {0x2f013938, 64, 44756, 64}, },
	  .ov = { {0x2f0139d4, 1}, } },
	{ .seq = 581, .handle = 0x40000100, .type = 0, .expected_st = 0,
	  .n_in = 1, .n_out = 1,
	  .iv = { {0x2f013938, 64, 44820, 64}, },
	  .ov = { {0x2f0139d4, 4}, } },
	{ .seq = 582, .handle = 0x40000100, .type = 0, .expected_st = 0,
	  .n_in = 1, .n_out = 1,
	  .iv = { {0x2f0139b0, 64, 44884, 64}, },
	  .ov = { {0x2f013a3e, 2}, } },
	{ .seq = 583, .handle = 0x40000100, .type = 0, .expected_st = 0,
	  .n_in = 3, .n_out = 1,
	  .iv = { {0x2f013650, 64, 44948, 64}, {0x2f0136b4, 28, 45012, 28}, {0x2f0138c8, 65, 45040, 64}, },
	  .ov = { {0x2f0136b0, 4}, } },
	{ .seq = 584, .handle = 0x40000100, .type = 0, .expected_st = 0,
	  .n_in = 1, .n_out = 0,
	  .iv = { {0x2f013660, 64, 45104, 64}, },
	  .ov = { } },
	{ .seq = 585, .handle = 0x40000100, .type = 0, .expected_st = 0,
	  .n_in = 1, .n_out = 0,
	  .iv = { {0x2f013768, 64, 45168, 64}, },
	  .ov = { } },
	{ .seq = 586, .handle = 0x40000100, .type = 0, .expected_st = 0,
	  .n_in = 1, .n_out = 1,
	  .iv = { {0x2f013958, 64, 45232, 64}, },
	  .ov = { {0x2f0139e6, 2}, } },
	{ .seq = 587, .handle = 0x40000100, .type = 0, .expected_st = 0,
	  .n_in = 1, .n_out = 1,
	  .iv = { {0x2f013938, 64, 45296, 64}, },
	  .ov = { {0x2f0139d4, 1}, } },
	{ .seq = 588, .handle = 0x40000100, .type = 0, .expected_st = 0,
	  .n_in = 1, .n_out = 1,
	  .iv = { {0x2f013938, 64, 45360, 64}, },
	  .ov = { {0x2f0139d4, 4}, } },
	{ .seq = 589, .handle = 0x40000100, .type = 0, .expected_st = 0,
	  .n_in = 1, .n_out = 1,
	  .iv = { {0x2f0139b0, 64, 45424, 64}, },
	  .ov = { {0x2f013a3e, 2}, } },
	{ .seq = 590, .handle = 0x40000100, .type = 0, .expected_st = 0,
	  .n_in = 3, .n_out = 1,
	  .iv = { {0x2f013650, 64, 45488, 64}, {0x2f0136b4, 28, 45552, 28}, {0x2f0138c8, 65, 45580, 64}, },
	  .ov = { {0x2f0136b0, 4}, } },
	{ .seq = 591, .handle = 0x40000100, .type = 0, .expected_st = 0,
	  .n_in = 1, .n_out = 0,
	  .iv = { {0x2f013660, 64, 45644, 64}, },
	  .ov = { } },
	{ .seq = 592, .handle = 0x40000100, .type = 0, .expected_st = 0,
	  .n_in = 1, .n_out = 0,
	  .iv = { {0x2f013768, 64, 45708, 64}, },
	  .ov = { } },
	{ .seq = 593, .handle = 0x40000100, .type = 0, .expected_st = 0,
	  .n_in = 1, .n_out = 1,
	  .iv = { {0x2f013958, 64, 45772, 64}, },
	  .ov = { {0x2f0139e6, 2}, } },
	{ .seq = 594, .handle = 0x40000100, .type = 0, .expected_st = 0,
	  .n_in = 1, .n_out = 1,
	  .iv = { {0x2f013938, 64, 45836, 64}, },
	  .ov = { {0x2f0139d4, 1}, } },
	{ .seq = 595, .handle = 0x40000100, .type = 0, .expected_st = 0,
	  .n_in = 1, .n_out = 1,
	  .iv = { {0x2f013938, 64, 45900, 64}, },
	  .ov = { {0x2f0139d4, 4}, } },
	{ .seq = 596, .handle = 0x40000100, .type = 0, .expected_st = 0,
	  .n_in = 1, .n_out = 1,
	  .iv = { {0x2f0139b0, 64, 45964, 64}, },
	  .ov = { {0x2f013a3e, 2}, } },
	{ .seq = 597, .handle = 0x40000100, .type = 0, .expected_st = 0,
	  .n_in = 3, .n_out = 1,
	  .iv = { {0x2f013650, 64, 46028, 64}, {0x2f0136b4, 28, 46092, 28}, {0x2f0138c8, 65, 46120, 64}, },
	  .ov = { {0x2f0136b0, 4}, } },
	{ .seq = 598, .handle = 0x40000100, .type = 0, .expected_st = 0,
	  .n_in = 1, .n_out = 0,
	  .iv = { {0x2f013660, 64, 46184, 64}, },
	  .ov = { } },
	{ .seq = 599, .handle = 0x40000100, .type = 0, .expected_st = 0,
	  .n_in = 1, .n_out = 0,
	  .iv = { {0x2f013768, 64, 46248, 64}, },
	  .ov = { } },
	{ .seq = 600, .handle = 0x40000100, .type = 0, .expected_st = 0,
	  .n_in = 1, .n_out = 1,
	  .iv = { {0x2f013958, 64, 46312, 64}, },
	  .ov = { {0x2f0139e6, 2}, } },
	{ .seq = 601, .handle = 0x40000100, .type = 0, .expected_st = 0,
	  .n_in = 1, .n_out = 1,
	  .iv = { {0x2f013938, 64, 46376, 64}, },
	  .ov = { {0x2f0139d4, 1}, } },
	{ .seq = 602, .handle = 0x40000100, .type = 0, .expected_st = 0,
	  .n_in = 1, .n_out = 1,
	  .iv = { {0x2f013938, 64, 46440, 64}, },
	  .ov = { {0x2f0139d4, 4}, } },
	{ .seq = 603, .handle = 0x40000100, .type = 0, .expected_st = 0,
	  .n_in = 1, .n_out = 1,
	  .iv = { {0x2f0139b0, 64, 46504, 64}, },
	  .ov = { {0x2f013a3e, 2}, } },
	{ .seq = 604, .handle = 0x40000100, .type = 0, .expected_st = 0,
	  .n_in = 3, .n_out = 1,
	  .iv = { {0x2f013650, 64, 46568, 64}, {0x2f0136b4, 28, 46632, 28}, {0x2f0138c8, 65, 46660, 64}, },
	  .ov = { {0x2f0136b0, 4}, } },
	{ .seq = 605, .handle = 0x40000100, .type = 0, .expected_st = 0,
	  .n_in = 1, .n_out = 0,
	  .iv = { {0x2f013660, 64, 46724, 64}, },
	  .ov = { } },
	{ .seq = 606, .handle = 0x40000100, .type = 0, .expected_st = 0,
	  .n_in = 1, .n_out = 0,
	  .iv = { {0x2f013768, 64, 46788, 64}, },
	  .ov = { } },
	{ .seq = 607, .handle = 0x40000100, .type = 0, .expected_st = 0,
	  .n_in = 1, .n_out = 1,
	  .iv = { {0x2f013958, 64, 46852, 64}, },
	  .ov = { {0x2f0139e6, 2}, } },
	{ .seq = 608, .handle = 0x40000100, .type = 0, .expected_st = 0,
	  .n_in = 1, .n_out = 1,
	  .iv = { {0x2f013938, 64, 46916, 64}, },
	  .ov = { {0x2f0139d4, 1}, } },
	{ .seq = 609, .handle = 0x40000100, .type = 0, .expected_st = 0,
	  .n_in = 1, .n_out = 1,
	  .iv = { {0x2f013938, 64, 46980, 64}, },
	  .ov = { {0x2f0139d4, 4}, } },
	{ .seq = 610, .handle = 0x40000100, .type = 0, .expected_st = 0,
	  .n_in = 1, .n_out = 1,
	  .iv = { {0x2f0139b0, 64, 47044, 64}, },
	  .ov = { {0x2f013a3e, 2}, } },
	{ .seq = 611, .handle = 0x40000100, .type = 0, .expected_st = 0,
	  .n_in = 3, .n_out = 1,
	  .iv = { {0x2f013650, 64, 47108, 64}, {0x2f0136b4, 28, 47172, 28}, {0x2f0138c8, 65, 47200, 64}, },
	  .ov = { {0x2f0136b0, 4}, } },
	{ .seq = 612, .handle = 0x40000100, .type = 0, .expected_st = 0,
	  .n_in = 1, .n_out = 0,
	  .iv = { {0x2f013660, 64, 47264, 64}, },
	  .ov = { } },
	{ .seq = 613, .handle = 0x40000100, .type = 0, .expected_st = 0,
	  .n_in = 1, .n_out = 0,
	  .iv = { {0x2f013768, 64, 47328, 64}, },
	  .ov = { } },
	{ .seq = 614, .handle = 0x40000100, .type = 0, .expected_st = 0,
	  .n_in = 1, .n_out = 1,
	  .iv = { {0x2f013958, 64, 47392, 64}, },
	  .ov = { {0x2f0139e6, 2}, } },
	{ .seq = 615, .handle = 0x40000100, .type = 0, .expected_st = 0,
	  .n_in = 1, .n_out = 1,
	  .iv = { {0x2f013938, 64, 47456, 64}, },
	  .ov = { {0x2f0139d4, 1}, } },
	{ .seq = 616, .handle = 0x40000100, .type = 0, .expected_st = 0,
	  .n_in = 1, .n_out = 1,
	  .iv = { {0x2f013938, 64, 47520, 64}, },
	  .ov = { {0x2f0139d4, 4}, } },
	{ .seq = 617, .handle = 0x40000100, .type = 0, .expected_st = 0,
	  .n_in = 1, .n_out = 1,
	  .iv = { {0x2f0139b0, 64, 47584, 64}, },
	  .ov = { {0x2f013a3e, 2}, } },
	{ .seq = 618, .handle = 0x40000100, .type = 0, .expected_st = 0,
	  .n_in = 3, .n_out = 1,
	  .iv = { {0x2f013650, 64, 47648, 64}, {0x2f0136b4, 28, 47712, 28}, {0x2f0138c8, 65, 47740, 64}, },
	  .ov = { {0x2f0136b0, 4}, } },
	{ .seq = 619, .handle = 0x40000100, .type = 0, .expected_st = 0,
	  .n_in = 1, .n_out = 0,
	  .iv = { {0x2f013660, 64, 47804, 64}, },
	  .ov = { } },
	{ .seq = 620, .handle = 0x40000100, .type = 0, .expected_st = 0,
	  .n_in = 1, .n_out = 0,
	  .iv = { {0x2f013768, 64, 47868, 64}, },
	  .ov = { } },
	{ .seq = 621, .handle = 0x40000100, .type = 0, .expected_st = 0,
	  .n_in = 1, .n_out = 1,
	  .iv = { {0x2f013958, 64, 47932, 64}, },
	  .ov = { {0x2f0139e6, 2}, } },
	{ .seq = 622, .handle = 0x40000100, .type = 0, .expected_st = 0,
	  .n_in = 1, .n_out = 1,
	  .iv = { {0x2f013938, 64, 47996, 64}, },
	  .ov = { {0x2f0139d4, 1}, } },
	{ .seq = 623, .handle = 0x40000100, .type = 0, .expected_st = 0,
	  .n_in = 1, .n_out = 1,
	  .iv = { {0x2f013938, 64, 48060, 64}, },
	  .ov = { {0x2f0139d4, 4}, } },
	{ .seq = 624, .handle = 0x40000100, .type = 0, .expected_st = 0,
	  .n_in = 1, .n_out = 1,
	  .iv = { {0x2f0139b0, 64, 48124, 64}, },
	  .ov = { {0x2f013a3e, 2}, } },
	{ .seq = 625, .handle = 0x40000100, .type = 0, .expected_st = 0,
	  .n_in = 3, .n_out = 1,
	  .iv = { {0x2f013650, 64, 48188, 64}, {0x2f0136b4, 28, 48252, 28}, {0x2f0138c8, 65, 48280, 64}, },
	  .ov = { {0x2f0136b0, 4}, } },
	{ .seq = 626, .handle = 0x40000100, .type = 0, .expected_st = 0,
	  .n_in = 1, .n_out = 0,
	  .iv = { {0x2f013660, 64, 48344, 64}, },
	  .ov = { } },
	{ .seq = 627, .handle = 0x40000100, .type = 0, .expected_st = 0,
	  .n_in = 1, .n_out = 0,
	  .iv = { {0x2f013768, 64, 48408, 64}, },
	  .ov = { } },
	{ .seq = 628, .handle = 0x40000100, .type = 0, .expected_st = 0,
	  .n_in = 1, .n_out = 1,
	  .iv = { {0x2f013958, 64, 48472, 64}, },
	  .ov = { {0x2f0139e6, 2}, } },
	{ .seq = 629, .handle = 0x40000100, .type = 0, .expected_st = 0,
	  .n_in = 1, .n_out = 1,
	  .iv = { {0x2f013938, 64, 48536, 64}, },
	  .ov = { {0x2f0139d4, 1}, } },
	{ .seq = 630, .handle = 0x40000100, .type = 0, .expected_st = 0,
	  .n_in = 1, .n_out = 1,
	  .iv = { {0x2f013938, 64, 48600, 64}, },
	  .ov = { {0x2f0139d4, 4}, } },
	{ .seq = 631, .handle = 0x40000100, .type = 0, .expected_st = 0,
	  .n_in = 1, .n_out = 1,
	  .iv = { {0x2f0139b0, 64, 48664, 64}, },
	  .ov = { {0x2f013a3e, 2}, } },
	{ .seq = 632, .handle = 0x40000100, .type = 0, .expected_st = 0,
	  .n_in = 3, .n_out = 1,
	  .iv = { {0x2f013650, 64, 48728, 64}, {0x2f0136b4, 28, 48792, 28}, {0x2f0138c8, 65, 48820, 64}, },
	  .ov = { {0x2f0136b0, 4}, } },
	{ .seq = 633, .handle = 0x40000100, .type = 0, .expected_st = 0,
	  .n_in = 1, .n_out = 0,
	  .iv = { {0x2f013660, 64, 48884, 64}, },
	  .ov = { } },
	{ .seq = 634, .handle = 0x40000100, .type = 0, .expected_st = 0,
	  .n_in = 1, .n_out = 0,
	  .iv = { {0x2f013768, 64, 48948, 64}, },
	  .ov = { } },
	{ .seq = 635, .handle = 0x40000100, .type = 0, .expected_st = 0,
	  .n_in = 1, .n_out = 1,
	  .iv = { {0x2f013958, 64, 49012, 64}, },
	  .ov = { {0x2f0139e6, 2}, } },
	{ .seq = 636, .handle = 0x40000100, .type = 0, .expected_st = 0,
	  .n_in = 1, .n_out = 1,
	  .iv = { {0x2f013938, 64, 49076, 64}, },
	  .ov = { {0x2f0139d4, 1}, } },
	{ .seq = 637, .handle = 0x40000100, .type = 0, .expected_st = 0,
	  .n_in = 1, .n_out = 1,
	  .iv = { {0x2f013938, 64, 49140, 64}, },
	  .ov = { {0x2f0139d4, 4}, } },
	{ .seq = 638, .handle = 0x40000100, .type = 0, .expected_st = 0,
	  .n_in = 1, .n_out = 1,
	  .iv = { {0x2f0139b0, 64, 49204, 64}, },
	  .ov = { {0x2f013a3e, 2}, } },
	{ .seq = 639, .handle = 0x40000100, .type = 0, .expected_st = 0,
	  .n_in = 3, .n_out = 1,
	  .iv = { {0x2f013650, 64, 49268, 64}, {0x2f0136b4, 28, 49332, 28}, {0x2f0138c8, 65, 49360, 64}, },
	  .ov = { {0x2f0136b0, 4}, } },
	{ .seq = 640, .handle = 0x40000100, .type = 0, .expected_st = 0,
	  .n_in = 1, .n_out = 0,
	  .iv = { {0x2f013660, 64, 49424, 64}, },
	  .ov = { } },
	{ .seq = 641, .handle = 0x40000100, .type = 0, .expected_st = 0,
	  .n_in = 1, .n_out = 0,
	  .iv = { {0x2f013768, 64, 49488, 64}, },
	  .ov = { } },
	{ .seq = 642, .handle = 0x40000100, .type = 0, .expected_st = 0,
	  .n_in = 1, .n_out = 1,
	  .iv = { {0x2f013958, 64, 49552, 64}, },
	  .ov = { {0x2f0139e6, 2}, } },
	{ .seq = 643, .handle = 0x40000100, .type = 0, .expected_st = 0,
	  .n_in = 1, .n_out = 1,
	  .iv = { {0x2f013938, 64, 49616, 64}, },
	  .ov = { {0x2f0139d4, 1}, } },
	{ .seq = 644, .handle = 0x40000100, .type = 0, .expected_st = 0,
	  .n_in = 1, .n_out = 1,
	  .iv = { {0x2f013938, 64, 49680, 64}, },
	  .ov = { {0x2f0139d4, 4}, } },
	{ .seq = 645, .handle = 0x40000100, .type = 0, .expected_st = 0,
	  .n_in = 1, .n_out = 1,
	  .iv = { {0x2f0139b0, 64, 49744, 64}, },
	  .ov = { {0x2f013a3e, 2}, } },
	{ .seq = 646, .handle = 0x40000100, .type = 0, .expected_st = 0,
	  .n_in = 3, .n_out = 1,
	  .iv = { {0x2f013650, 64, 49808, 64}, {0x2f0136b4, 28, 49872, 28}, {0x2f0138c8, 65, 49900, 64}, },
	  .ov = { {0x2f0136b0, 4}, } },
	{ .seq = 647, .handle = 0x40000100, .type = 0, .expected_st = 0,
	  .n_in = 1, .n_out = 0,
	  .iv = { {0x2f013660, 64, 49964, 64}, },
	  .ov = { } },
	{ .seq = 648, .handle = 0x40000100, .type = 0, .expected_st = 0,
	  .n_in = 1, .n_out = 0,
	  .iv = { {0x2f013768, 64, 50028, 64}, },
	  .ov = { } },
	{ .seq = 649, .handle = 0x40000100, .type = 0, .expected_st = 0,
	  .n_in = 1, .n_out = 1,
	  .iv = { {0x2f013958, 64, 50092, 64}, },
	  .ov = { {0x2f0139e6, 2}, } },
	{ .seq = 650, .handle = 0x40000100, .type = 0, .expected_st = 0,
	  .n_in = 1, .n_out = 1,
	  .iv = { {0x2f013938, 64, 50156, 64}, },
	  .ov = { {0x2f0139d4, 1}, } },
	{ .seq = 651, .handle = 0x40000100, .type = 0, .expected_st = 0,
	  .n_in = 1, .n_out = 1,
	  .iv = { {0x2f013938, 64, 50220, 64}, },
	  .ov = { {0x2f0139d4, 4}, } },
	{ .seq = 652, .handle = 0x40000100, .type = 0, .expected_st = 0,
	  .n_in = 1, .n_out = 1,
	  .iv = { {0x2f0139b0, 64, 50284, 64}, },
	  .ov = { {0x2f013a3e, 2}, } },
	{ .seq = 653, .handle = 0x40000100, .type = 0, .expected_st = 0,
	  .n_in = 3, .n_out = 1,
	  .iv = { {0x2f013650, 64, 50348, 64}, {0x2f0136b4, 28, 50412, 28}, {0x2f0138c8, 65, 50440, 64}, },
	  .ov = { {0x2f0136b0, 4}, } },
	{ .seq = 654, .handle = 0x40000100, .type = 0, .expected_st = 0,
	  .n_in = 1, .n_out = 0,
	  .iv = { {0x2f013660, 64, 50504, 64}, },
	  .ov = { } },
	{ .seq = 655, .handle = 0x40000100, .type = 0, .expected_st = 0,
	  .n_in = 1, .n_out = 0,
	  .iv = { {0x2f013768, 64, 50568, 64}, },
	  .ov = { } },
	{ .seq = 656, .handle = 0x40000100, .type = 0, .expected_st = 0,
	  .n_in = 1, .n_out = 1,
	  .iv = { {0x2f013958, 64, 50632, 64}, },
	  .ov = { {0x2f0139e6, 2}, } },
	{ .seq = 657, .handle = 0x40000100, .type = 0, .expected_st = 0,
	  .n_in = 1, .n_out = 1,
	  .iv = { {0x2f013938, 64, 50696, 64}, },
	  .ov = { {0x2f0139d4, 1}, } },
	{ .seq = 658, .handle = 0x40000100, .type = 0, .expected_st = 0,
	  .n_in = 1, .n_out = 1,
	  .iv = { {0x2f013938, 64, 50760, 64}, },
	  .ov = { {0x2f0139d4, 4}, } },
	{ .seq = 659, .handle = 0x40000100, .type = 0, .expected_st = 0,
	  .n_in = 1, .n_out = 1,
	  .iv = { {0x2f0139b0, 64, 50824, 64}, },
	  .ov = { {0x2f013a3e, 2}, } },
	{ .seq = 660, .handle = 0x40000100, .type = 0, .expected_st = 0,
	  .n_in = 3, .n_out = 1,
	  .iv = { {0x2f013650, 64, 50888, 64}, {0x2f0136b4, 28, 50952, 28}, {0x2f0138c8, 65, 50980, 64}, },
	  .ov = { {0x2f0136b0, 4}, } },
	{ .seq = 661, .handle = 0x40000100, .type = 0, .expected_st = 0,
	  .n_in = 1, .n_out = 0,
	  .iv = { {0x2f013660, 64, 51044, 64}, },
	  .ov = { } },
	{ .seq = 662, .handle = 0x40000100, .type = 0, .expected_st = 0,
	  .n_in = 1, .n_out = 0,
	  .iv = { {0x2f013768, 64, 51108, 64}, },
	  .ov = { } },
	{ .seq = 663, .handle = 0x40000100, .type = 0, .expected_st = 0,
	  .n_in = 1, .n_out = 1,
	  .iv = { {0x2f013958, 64, 51172, 64}, },
	  .ov = { {0x2f0139e6, 2}, } },
	{ .seq = 664, .handle = 0x40000100, .type = 0, .expected_st = 0,
	  .n_in = 1, .n_out = 1,
	  .iv = { {0x2f013938, 64, 51236, 64}, },
	  .ov = { {0x2f0139d4, 1}, } },
	{ .seq = 665, .handle = 0x40000100, .type = 0, .expected_st = 0,
	  .n_in = 1, .n_out = 1,
	  .iv = { {0x2f013938, 64, 51300, 64}, },
	  .ov = { {0x2f0139d4, 4}, } },
	{ .seq = 666, .handle = 0x40000100, .type = 0, .expected_st = 0,
	  .n_in = 1, .n_out = 1,
	  .iv = { {0x2f0139b0, 64, 51364, 64}, },
	  .ov = { {0x2f013a3e, 2}, } },
	{ .seq = 667, .handle = 0x40000100, .type = 0, .expected_st = 0,
	  .n_in = 3, .n_out = 1,
	  .iv = { {0x2f013650, 64, 51428, 64}, {0x2f0136b4, 28, 51492, 28}, {0x2f0138c8, 65, 51520, 64}, },
	  .ov = { {0x2f0136b0, 4}, } },
	{ .seq = 668, .handle = 0x40000100, .type = 0, .expected_st = 0,
	  .n_in = 1, .n_out = 0,
	  .iv = { {0x2f013660, 64, 51584, 64}, },
	  .ov = { } },
	{ .seq = 669, .handle = 0x40000100, .type = 0, .expected_st = 0,
	  .n_in = 1, .n_out = 0,
	  .iv = { {0x2f013768, 64, 51648, 64}, },
	  .ov = { } },
	{ .seq = 670, .handle = 0x40000100, .type = 0, .expected_st = 0,
	  .n_in = 1, .n_out = 1,
	  .iv = { {0x2f013958, 64, 51712, 64}, },
	  .ov = { {0x2f0139e6, 2}, } },
	{ .seq = 671, .handle = 0x40000100, .type = 0, .expected_st = 0,
	  .n_in = 1, .n_out = 1,
	  .iv = { {0x2f013938, 64, 51776, 64}, },
	  .ov = { {0x2f0139d4, 1}, } },
	{ .seq = 672, .handle = 0x40000100, .type = 0, .expected_st = 0,
	  .n_in = 1, .n_out = 1,
	  .iv = { {0x2f013938, 64, 51840, 64}, },
	  .ov = { {0x2f0139d4, 4}, } },
	{ .seq = 673, .handle = 0x40000100, .type = 0, .expected_st = 0,
	  .n_in = 1, .n_out = 1,
	  .iv = { {0x2f0139b0, 64, 51904, 64}, },
	  .ov = { {0x2f013a3e, 2}, } },
	{ .seq = 674, .handle = 0x40000100, .type = 0, .expected_st = 0,
	  .n_in = 3, .n_out = 1,
	  .iv = { {0x2f013650, 64, 51968, 64}, {0x2f0136b4, 28, 52032, 28}, {0x2f0138c8, 65, 52060, 64}, },
	  .ov = { {0x2f0136b0, 4}, } },
	{ .seq = 675, .handle = 0x40000100, .type = 0, .expected_st = 0,
	  .n_in = 1, .n_out = 0,
	  .iv = { {0x2f013660, 64, 52124, 64}, },
	  .ov = { } },
	{ .seq = 676, .handle = 0x40000100, .type = 0, .expected_st = 0,
	  .n_in = 1, .n_out = 0,
	  .iv = { {0x2f013768, 64, 52188, 64}, },
	  .ov = { } },
	{ .seq = 677, .handle = 0x40000100, .type = 0, .expected_st = 0,
	  .n_in = 1, .n_out = 1,
	  .iv = { {0x2f013958, 64, 52252, 64}, },
	  .ov = { {0x2f0139e6, 2}, } },
	{ .seq = 678, .handle = 0x40000100, .type = 0, .expected_st = 0,
	  .n_in = 1, .n_out = 1,
	  .iv = { {0x2f013938, 64, 52316, 64}, },
	  .ov = { {0x2f0139d4, 1}, } },
	{ .seq = 679, .handle = 0x40000100, .type = 0, .expected_st = 0,
	  .n_in = 1, .n_out = 1,
	  .iv = { {0x2f013938, 64, 52380, 64}, },
	  .ov = { {0x2f0139d4, 4}, } },
	{ .seq = 680, .handle = 0x40000100, .type = 0, .expected_st = 0,
	  .n_in = 1, .n_out = 1,
	  .iv = { {0x2f0139b0, 64, 52444, 64}, },
	  .ov = { {0x2f013a3e, 2}, } },
	{ .seq = 681, .handle = 0x40000100, .type = 0, .expected_st = 0,
	  .n_in = 3, .n_out = 1,
	  .iv = { {0x2f013650, 64, 52508, 64}, {0x2f0136b4, 28, 52572, 28}, {0x2f0138c8, 65, 52600, 64}, },
	  .ov = { {0x2f0136b0, 4}, } },
	{ .seq = 682, .handle = 0x40000100, .type = 0, .expected_st = 0,
	  .n_in = 1, .n_out = 0,
	  .iv = { {0x2f013660, 64, 52664, 64}, },
	  .ov = { } },
	{ .seq = 683, .handle = 0x40000100, .type = 0, .expected_st = 0,
	  .n_in = 1, .n_out = 0,
	  .iv = { {0x2f013768, 64, 52728, 64}, },
	  .ov = { } },
	{ .seq = 684, .handle = 0x40000100, .type = 0, .expected_st = 0,
	  .n_in = 1, .n_out = 1,
	  .iv = { {0x2f013958, 64, 52792, 64}, },
	  .ov = { {0x2f0139e6, 2}, } },
	{ .seq = 685, .handle = 0x40000100, .type = 0, .expected_st = 0,
	  .n_in = 1, .n_out = 1,
	  .iv = { {0x2f013938, 64, 52856, 64}, },
	  .ov = { {0x2f0139d4, 1}, } },
	{ .seq = 686, .handle = 0x40000100, .type = 0, .expected_st = 0,
	  .n_in = 1, .n_out = 1,
	  .iv = { {0x2f013938, 64, 52920, 64}, },
	  .ov = { {0x2f0139d4, 4}, } },
	{ .seq = 687, .handle = 0x40000100, .type = 0, .expected_st = 0,
	  .n_in = 1, .n_out = 1,
	  .iv = { {0x2f0139b0, 64, 52984, 64}, },
	  .ov = { {0x2f013a3e, 2}, } },
	{ .seq = 688, .handle = 0x40000100, .type = 0, .expected_st = 0,
	  .n_in = 3, .n_out = 1,
	  .iv = { {0x2f013650, 64, 53048, 64}, {0x2f0136b4, 28, 53112, 28}, {0x2f0138c8, 65, 53140, 64}, },
	  .ov = { {0x2f0136b0, 4}, } },
	{ .seq = 689, .handle = 0x40000100, .type = 0, .expected_st = 0,
	  .n_in = 1, .n_out = 0,
	  .iv = { {0x2f013660, 64, 53204, 64}, },
	  .ov = { } },
	{ .seq = 690, .handle = 0x40000100, .type = 0, .expected_st = 0,
	  .n_in = 1, .n_out = 0,
	  .iv = { {0x2f013768, 64, 53268, 64}, },
	  .ov = { } },
	{ .seq = 691, .handle = 0x40000100, .type = 0, .expected_st = 0,
	  .n_in = 1, .n_out = 1,
	  .iv = { {0x2f013958, 64, 53332, 64}, },
	  .ov = { {0x2f0139e6, 2}, } },
	{ .seq = 692, .handle = 0x40000100, .type = 0, .expected_st = 0,
	  .n_in = 1, .n_out = 1,
	  .iv = { {0x2f013938, 64, 53396, 64}, },
	  .ov = { {0x2f0139d4, 1}, } },
	{ .seq = 693, .handle = 0x40000100, .type = 0, .expected_st = 0,
	  .n_in = 1, .n_out = 1,
	  .iv = { {0x2f013938, 64, 53460, 64}, },
	  .ov = { {0x2f0139d4, 4}, } },
	{ .seq = 694, .handle = 0x40000100, .type = 0, .expected_st = 0,
	  .n_in = 1, .n_out = 1,
	  .iv = { {0x2f0139b0, 64, 53524, 64}, },
	  .ov = { {0x2f013a3e, 2}, } },
	{ .seq = 695, .handle = 0x40000100, .type = 0, .expected_st = 0,
	  .n_in = 3, .n_out = 1,
	  .iv = { {0x2f013650, 64, 53588, 64}, {0x2f0136b4, 28, 53652, 28}, {0x2f0138c8, 65, 53680, 64}, },
	  .ov = { {0x2f0136b0, 4}, } },
	{ .seq = 696, .handle = 0x40000100, .type = 0, .expected_st = 0,
	  .n_in = 1, .n_out = 0,
	  .iv = { {0x2f013660, 64, 53744, 64}, },
	  .ov = { } },
	{ .seq = 697, .handle = 0x40000100, .type = 0, .expected_st = 0,
	  .n_in = 1, .n_out = 0,
	  .iv = { {0x2f013768, 64, 53808, 64}, },
	  .ov = { } },
	{ .seq = 698, .handle = 0x40000100, .type = 0, .expected_st = 0,
	  .n_in = 1, .n_out = 1,
	  .iv = { {0x2f013958, 64, 53872, 64}, },
	  .ov = { {0x2f0139e6, 2}, } },
	{ .seq = 699, .handle = 0x40000100, .type = 0, .expected_st = 0,
	  .n_in = 1, .n_out = 1,
	  .iv = { {0x2f013938, 64, 53936, 64}, },
	  .ov = { {0x2f0139d4, 1}, } },
	{ .seq = 700, .handle = 0x40000100, .type = 0, .expected_st = 0,
	  .n_in = 1, .n_out = 1,
	  .iv = { {0x2f013938, 64, 54000, 64}, },
	  .ov = { {0x2f0139d4, 4}, } },
	{ .seq = 701, .handle = 0x40000100, .type = 0, .expected_st = 0,
	  .n_in = 1, .n_out = 1,
	  .iv = { {0x2f0139b0, 64, 54064, 64}, },
	  .ov = { {0x2f013a3e, 2}, } },
	{ .seq = 702, .handle = 0x40000100, .type = 0, .expected_st = 0,
	  .n_in = 3, .n_out = 1,
	  .iv = { {0x2f013650, 64, 54128, 64}, {0x2f0136b4, 28, 54192, 28}, {0x2f0138c8, 65, 54220, 64}, },
	  .ov = { {0x2f0136b0, 4}, } },
	{ .seq = 703, .handle = 0x40000100, .type = 0, .expected_st = 0,
	  .n_in = 1, .n_out = 0,
	  .iv = { {0x2f013660, 64, 54284, 64}, },
	  .ov = { } },
	{ .seq = 704, .handle = 0x40000100, .type = 0, .expected_st = 0,
	  .n_in = 1, .n_out = 0,
	  .iv = { {0x2f013768, 64, 54348, 64}, },
	  .ov = { } },
	{ .seq = 705, .handle = 0x40000100, .type = 0, .expected_st = 0,
	  .n_in = 1, .n_out = 1,
	  .iv = { {0x2f013958, 64, 54412, 64}, },
	  .ov = { {0x2f0139e6, 2}, } },
	{ .seq = 706, .handle = 0x40000100, .type = 0, .expected_st = 0,
	  .n_in = 1, .n_out = 1,
	  .iv = { {0x2f013938, 64, 54476, 64}, },
	  .ov = { {0x2f0139d4, 1}, } },
	{ .seq = 707, .handle = 0x40000100, .type = 0, .expected_st = 0,
	  .n_in = 1, .n_out = 1,
	  .iv = { {0x2f013938, 64, 54540, 64}, },
	  .ov = { {0x2f0139d4, 4}, } },
	{ .seq = 708, .handle = 0x40000100, .type = 0, .expected_st = 0,
	  .n_in = 1, .n_out = 1,
	  .iv = { {0x2f0139b0, 64, 54604, 64}, },
	  .ov = { {0x2f013a3e, 2}, } },
	{ .seq = 709, .handle = 0x40000100, .type = 0, .expected_st = 0,
	  .n_in = 3, .n_out = 1,
	  .iv = { {0x2f013650, 64, 54668, 64}, {0x2f0136b4, 28, 54732, 28}, {0x2f0138c8, 65, 54760, 64}, },
	  .ov = { {0x2f0136b0, 4}, } },
	{ .seq = 710, .handle = 0x40000100, .type = 0, .expected_st = 0,
	  .n_in = 1, .n_out = 0,
	  .iv = { {0x2f013660, 64, 54824, 64}, },
	  .ov = { } },
	{ .seq = 711, .handle = 0x40000100, .type = 0, .expected_st = 0,
	  .n_in = 1, .n_out = 0,
	  .iv = { {0x2f013768, 64, 54888, 64}, },
	  .ov = { } },
	{ .seq = 712, .handle = 0x40000100, .type = 0, .expected_st = 0,
	  .n_in = 1, .n_out = 1,
	  .iv = { {0x2f013958, 64, 54952, 64}, },
	  .ov = { {0x2f0139e6, 2}, } },
	{ .seq = 713, .handle = 0x40000100, .type = 0, .expected_st = 0,
	  .n_in = 1, .n_out = 1,
	  .iv = { {0x2f013938, 64, 55016, 64}, },
	  .ov = { {0x2f0139d4, 1}, } },
	{ .seq = 714, .handle = 0x40000100, .type = 0, .expected_st = 0,
	  .n_in = 1, .n_out = 1,
	  .iv = { {0x2f013938, 64, 55080, 64}, },
	  .ov = { {0x2f0139d4, 4}, } },
	{ .seq = 715, .handle = 0x40000100, .type = 0, .expected_st = 0,
	  .n_in = 1, .n_out = 1,
	  .iv = { {0x2f0139b0, 64, 55144, 64}, },
	  .ov = { {0x2f013a3e, 2}, } },
	{ .seq = 716, .handle = 0x40000100, .type = 0, .expected_st = 0,
	  .n_in = 3, .n_out = 1,
	  .iv = { {0x2f013650, 64, 55208, 64}, {0x2f0136b4, 28, 55272, 28}, {0x2f0138c8, 65, 55300, 64}, },
	  .ov = { {0x2f0136b0, 4}, } },
	{ .seq = 717, .handle = 0x40000100, .type = 0, .expected_st = 0,
	  .n_in = 1, .n_out = 0,
	  .iv = { {0x2f013660, 64, 55364, 64}, },
	  .ov = { } },
	{ .seq = 718, .handle = 0x40000100, .type = 0, .expected_st = 0,
	  .n_in = 1, .n_out = 0,
	  .iv = { {0x2f013768, 64, 55428, 64}, },
	  .ov = { } },
	{ .seq = 719, .handle = 0x40000100, .type = 0, .expected_st = 0,
	  .n_in = 1, .n_out = 1,
	  .iv = { {0x2f013958, 64, 55492, 64}, },
	  .ov = { {0x2f0139e6, 2}, } },
	{ .seq = 720, .handle = 0x40000100, .type = 0, .expected_st = 0,
	  .n_in = 1, .n_out = 1,
	  .iv = { {0x2f013938, 64, 55556, 64}, },
	  .ov = { {0x2f0139d4, 1}, } },
	{ .seq = 721, .handle = 0x40000100, .type = 0, .expected_st = 0,
	  .n_in = 1, .n_out = 1,
	  .iv = { {0x2f013938, 64, 55620, 64}, },
	  .ov = { {0x2f0139d4, 4}, } },
	{ .seq = 722, .handle = 0x40000100, .type = 0, .expected_st = 0,
	  .n_in = 1, .n_out = 1,
	  .iv = { {0x2f0139b0, 64, 55684, 64}, },
	  .ov = { {0x2f013a3e, 2}, } },
	{ .seq = 723, .handle = 0x40000100, .type = 0, .expected_st = 0,
	  .n_in = 3, .n_out = 1,
	  .iv = { {0x2f013650, 64, 55748, 64}, {0x2f0136b4, 28, 55812, 28}, {0x2f0138c8, 65, 55840, 64}, },
	  .ov = { {0x2f0136b0, 4}, } },
	{ .seq = 724, .handle = 0x40000100, .type = 0, .expected_st = 0,
	  .n_in = 1, .n_out = 0,
	  .iv = { {0x2f013660, 64, 55904, 64}, },
	  .ov = { } },
	{ .seq = 725, .handle = 0x40000100, .type = 0, .expected_st = 0,
	  .n_in = 1, .n_out = 0,
	  .iv = { {0x2f013768, 64, 55968, 64}, },
	  .ov = { } },
	{ .seq = 726, .handle = 0x40000100, .type = 0, .expected_st = 0,
	  .n_in = 1, .n_out = 1,
	  .iv = { {0x2f013958, 64, 56032, 64}, },
	  .ov = { {0x2f0139e6, 2}, } },
	{ .seq = 727, .handle = 0x40000100, .type = 0, .expected_st = 0,
	  .n_in = 1, .n_out = 1,
	  .iv = { {0x2f013938, 64, 56096, 64}, },
	  .ov = { {0x2f0139d4, 1}, } },
	{ .seq = 728, .handle = 0x40000100, .type = 0, .expected_st = 0,
	  .n_in = 1, .n_out = 1,
	  .iv = { {0x2f013938, 64, 56160, 64}, },
	  .ov = { {0x2f0139d4, 4}, } },
	{ .seq = 729, .handle = 0x40000100, .type = 0, .expected_st = 0,
	  .n_in = 1, .n_out = 1,
	  .iv = { {0x2f0139b0, 64, 56224, 64}, },
	  .ov = { {0x2f013a3e, 2}, } },
	{ .seq = 730, .handle = 0x40000100, .type = 0, .expected_st = 0,
	  .n_in = 3, .n_out = 1,
	  .iv = { {0x2f013650, 64, 56288, 64}, {0x2f0136b4, 28, 56352, 28}, {0x2f0138c8, 65, 56380, 64}, },
	  .ov = { {0x2f0136b0, 4}, } },
	{ .seq = 731, .handle = 0x40000100, .type = 0, .expected_st = 0,
	  .n_in = 1, .n_out = 0,
	  .iv = { {0x2f013660, 64, 56444, 64}, },
	  .ov = { } },
	{ .seq = 732, .handle = 0x40000100, .type = 0, .expected_st = 0,
	  .n_in = 1, .n_out = 0,
	  .iv = { {0x2f013768, 64, 56508, 64}, },
	  .ov = { } },
	{ .seq = 733, .handle = 0x40000100, .type = 0, .expected_st = 0,
	  .n_in = 1, .n_out = 1,
	  .iv = { {0x2f013958, 64, 56572, 64}, },
	  .ov = { {0x2f0139e6, 2}, } },
	{ .seq = 734, .handle = 0x40000100, .type = 0, .expected_st = 0,
	  .n_in = 1, .n_out = 1,
	  .iv = { {0x2f013938, 64, 56636, 64}, },
	  .ov = { {0x2f0139d4, 1}, } },
	{ .seq = 735, .handle = 0x40000100, .type = 0, .expected_st = 0,
	  .n_in = 1, .n_out = 1,
	  .iv = { {0x2f013938, 64, 56700, 64}, },
	  .ov = { {0x2f0139d4, 4}, } },
	{ .seq = 736, .handle = 0x40000100, .type = 0, .expected_st = 0,
	  .n_in = 1, .n_out = 1,
	  .iv = { {0x2f0139b0, 64, 56764, 64}, },
	  .ov = { {0x2f013a3e, 2}, } },
	{ .seq = 737, .handle = 0x40000100, .type = 0, .expected_st = 0,
	  .n_in = 3, .n_out = 1,
	  .iv = { {0x2f013650, 64, 56828, 64}, {0x2f0136b4, 28, 56892, 28}, {0x2f0138c8, 65, 56920, 64}, },
	  .ov = { {0x2f0136b0, 4}, } },
	{ .seq = 738, .handle = 0x40000100, .type = 0, .expected_st = 0,
	  .n_in = 1, .n_out = 0,
	  .iv = { {0x2f013660, 64, 56984, 64}, },
	  .ov = { } },
	{ .seq = 739, .handle = 0x40000100, .type = 0, .expected_st = 0,
	  .n_in = 1, .n_out = 0,
	  .iv = { {0x2f013768, 64, 57048, 64}, },
	  .ov = { } },
	{ .seq = 740, .handle = 0x40000100, .type = 0, .expected_st = 0,
	  .n_in = 1, .n_out = 1,
	  .iv = { {0x2f013958, 64, 57112, 64}, },
	  .ov = { {0x2f0139e6, 2}, } },
	{ .seq = 741, .handle = 0x40000100, .type = 0, .expected_st = 0,
	  .n_in = 1, .n_out = 1,
	  .iv = { {0x2f013938, 64, 57176, 64}, },
	  .ov = { {0x2f0139d4, 1}, } },
	{ .seq = 742, .handle = 0x40000100, .type = 0, .expected_st = 0,
	  .n_in = 1, .n_out = 1,
	  .iv = { {0x2f013938, 64, 57240, 64}, },
	  .ov = { {0x2f0139d4, 4}, } },
	{ .seq = 743, .handle = 0x40000100, .type = 0, .expected_st = 0,
	  .n_in = 1, .n_out = 1,
	  .iv = { {0x2f0139b0, 64, 57304, 64}, },
	  .ov = { {0x2f013a3e, 2}, } },
	{ .seq = 744, .handle = 0x40000100, .type = 0, .expected_st = 0,
	  .n_in = 3, .n_out = 1,
	  .iv = { {0x2f013650, 64, 57368, 64}, {0x2f0136b4, 28, 57432, 28}, {0x2f0138c8, 65, 57460, 64}, },
	  .ov = { {0x2f0136b0, 4}, } },
	{ .seq = 745, .handle = 0x40000100, .type = 0, .expected_st = 0,
	  .n_in = 1, .n_out = 0,
	  .iv = { {0x2f013660, 64, 57524, 64}, },
	  .ov = { } },
	{ .seq = 746, .handle = 0x40000100, .type = 0, .expected_st = 0,
	  .n_in = 1, .n_out = 0,
	  .iv = { {0x2f013768, 64, 57588, 64}, },
	  .ov = { } },
	{ .seq = 747, .handle = 0x40000100, .type = 0, .expected_st = 0,
	  .n_in = 1, .n_out = 1,
	  .iv = { {0x2f013958, 64, 57652, 64}, },
	  .ov = { {0x2f0139e6, 2}, } },
	{ .seq = 748, .handle = 0x40000100, .type = 0, .expected_st = 0,
	  .n_in = 1, .n_out = 1,
	  .iv = { {0x2f013938, 64, 57716, 64}, },
	  .ov = { {0x2f0139d4, 1}, } },
	{ .seq = 749, .handle = 0x40000100, .type = 0, .expected_st = 0,
	  .n_in = 1, .n_out = 1,
	  .iv = { {0x2f013938, 64, 57780, 64}, },
	  .ov = { {0x2f0139d4, 4}, } },
	{ .seq = 750, .handle = 0x40000100, .type = 0, .expected_st = 0,
	  .n_in = 1, .n_out = 1,
	  .iv = { {0x2f0139b0, 64, 57844, 64}, },
	  .ov = { {0x2f013a3e, 2}, } },
	{ .seq = 751, .handle = 0x40000100, .type = 0, .expected_st = 0,
	  .n_in = 3, .n_out = 1,
	  .iv = { {0x2f013650, 64, 57908, 64}, {0x2f0136b4, 28, 57972, 28}, {0x2f0138c8, 65, 58000, 64}, },
	  .ov = { {0x2f0136b0, 4}, } },
	{ .seq = 752, .handle = 0x40000100, .type = 0, .expected_st = 0,
	  .n_in = 1, .n_out = 0,
	  .iv = { {0x2f013660, 64, 58064, 64}, },
	  .ov = { } },
	{ .seq = 753, .handle = 0x40000100, .type = 0, .expected_st = 0,
	  .n_in = 1, .n_out = 0,
	  .iv = { {0x2f013768, 64, 58128, 64}, },
	  .ov = { } },
	{ .seq = 754, .handle = 0x40000100, .type = 0, .expected_st = 0,
	  .n_in = 1, .n_out = 1,
	  .iv = { {0x2f013958, 64, 58192, 64}, },
	  .ov = { {0x2f0139e6, 2}, } },
	{ .seq = 755, .handle = 0x40000100, .type = 0, .expected_st = 0,
	  .n_in = 1, .n_out = 1,
	  .iv = { {0x2f013938, 64, 58256, 64}, },
	  .ov = { {0x2f0139d4, 1}, } },
	{ .seq = 756, .handle = 0x40000100, .type = 0, .expected_st = 0,
	  .n_in = 1, .n_out = 1,
	  .iv = { {0x2f013938, 64, 58320, 64}, },
	  .ov = { {0x2f0139d4, 4}, } },
	{ .seq = 757, .handle = 0x40000100, .type = 0, .expected_st = 0,
	  .n_in = 1, .n_out = 1,
	  .iv = { {0x2f0139b0, 64, 58384, 64}, },
	  .ov = { {0x2f013a3e, 2}, } },
	{ .seq = 758, .handle = 0x40000100, .type = 0, .expected_st = 0,
	  .n_in = 3, .n_out = 1,
	  .iv = { {0x2f013650, 64, 58448, 64}, {0x2f0136b4, 28, 58512, 28}, {0x2f0138c8, 65, 58540, 64}, },
	  .ov = { {0x2f0136b0, 4}, } },
	{ .seq = 759, .handle = 0x40000100, .type = 0, .expected_st = 0,
	  .n_in = 1, .n_out = 0,
	  .iv = { {0x2f013660, 64, 58604, 64}, },
	  .ov = { } },
	{ .seq = 760, .handle = 0x40000100, .type = 0, .expected_st = 0,
	  .n_in = 1, .n_out = 0,
	  .iv = { {0x2f013768, 64, 58668, 64}, },
	  .ov = { } },
	{ .seq = 761, .handle = 0x40000100, .type = 0, .expected_st = 0,
	  .n_in = 1, .n_out = 1,
	  .iv = { {0x2f013958, 64, 58732, 64}, },
	  .ov = { {0x2f0139e6, 2}, } },
	{ .seq = 762, .handle = 0x40000100, .type = 0, .expected_st = 0,
	  .n_in = 1, .n_out = 1,
	  .iv = { {0x2f013938, 64, 58796, 64}, },
	  .ov = { {0x2f0139d4, 1}, } },
	{ .seq = 763, .handle = 0x40000100, .type = 0, .expected_st = 0,
	  .n_in = 1, .n_out = 1,
	  .iv = { {0x2f013938, 64, 58860, 64}, },
	  .ov = { {0x2f0139d4, 4}, } },
	{ .seq = 764, .handle = 0x40000100, .type = 0, .expected_st = 0,
	  .n_in = 1, .n_out = 1,
	  .iv = { {0x2f0139b0, 64, 58924, 64}, },
	  .ov = { {0x2f013a3e, 2}, } },
	{ .seq = 765, .handle = 0x40000100, .type = 0, .expected_st = 0,
	  .n_in = 3, .n_out = 1,
	  .iv = { {0x2f013650, 64, 58988, 64}, {0x2f0136b4, 28, 59052, 28}, {0x2f0138c8, 65, 59080, 64}, },
	  .ov = { {0x2f0136b0, 4}, } },
	{ .seq = 766, .handle = 0x40000100, .type = 0, .expected_st = 0,
	  .n_in = 1, .n_out = 0,
	  .iv = { {0x2f013660, 64, 59144, 64}, },
	  .ov = { } },
	{ .seq = 767, .handle = 0x40000100, .type = 0, .expected_st = 0,
	  .n_in = 1, .n_out = 0,
	  .iv = { {0x2f013768, 64, 59208, 64}, },
	  .ov = { } },
	{ .seq = 768, .handle = 0x40000100, .type = 0, .expected_st = 0,
	  .n_in = 1, .n_out = 1,
	  .iv = { {0x2f013958, 64, 59272, 64}, },
	  .ov = { {0x2f0139e6, 2}, } },
	{ .seq = 769, .handle = 0x40000100, .type = 0, .expected_st = 0,
	  .n_in = 1, .n_out = 1,
	  .iv = { {0x2f013938, 64, 59336, 64}, },
	  .ov = { {0x2f0139d4, 1}, } },
	{ .seq = 770, .handle = 0x40000100, .type = 0, .expected_st = 0,
	  .n_in = 1, .n_out = 1,
	  .iv = { {0x2f013938, 64, 59400, 64}, },
	  .ov = { {0x2f0139d4, 4}, } },
	{ .seq = 771, .handle = 0x40000100, .type = 0, .expected_st = 0,
	  .n_in = 1, .n_out = 1,
	  .iv = { {0x2f0139b0, 64, 59464, 64}, },
	  .ov = { {0x2f013a3e, 2}, } },
	{ .seq = 772, .handle = 0x40000100, .type = 0, .expected_st = 0,
	  .n_in = 3, .n_out = 1,
	  .iv = { {0x2f013650, 64, 59528, 64}, {0x2f0136b4, 28, 59592, 28}, {0x2f0138c8, 65, 59620, 64}, },
	  .ov = { {0x2f0136b0, 4}, } },
	{ .seq = 773, .handle = 0x40000100, .type = 0, .expected_st = 0,
	  .n_in = 1, .n_out = 0,
	  .iv = { {0x2f013660, 64, 59684, 64}, },
	  .ov = { } },
	{ .seq = 774, .handle = 0x40000100, .type = 0, .expected_st = 0,
	  .n_in = 1, .n_out = 0,
	  .iv = { {0x2f013768, 64, 59748, 64}, },
	  .ov = { } },
	{ .seq = 775, .handle = 0x40000100, .type = 0, .expected_st = 0,
	  .n_in = 1, .n_out = 1,
	  .iv = { {0x2f013958, 64, 59812, 64}, },
	  .ov = { {0x2f0139e6, 2}, } },
	{ .seq = 776, .handle = 0x40000100, .type = 0, .expected_st = 0,
	  .n_in = 1, .n_out = 1,
	  .iv = { {0x2f013938, 64, 59876, 64}, },
	  .ov = { {0x2f0139d4, 1}, } },
	{ .seq = 777, .handle = 0x40000100, .type = 0, .expected_st = 0,
	  .n_in = 1, .n_out = 1,
	  .iv = { {0x2f013938, 64, 59940, 64}, },
	  .ov = { {0x2f0139d4, 4}, } },
	{ .seq = 778, .handle = 0x40000100, .type = 0, .expected_st = 0,
	  .n_in = 1, .n_out = 1,
	  .iv = { {0x2f0139b0, 64, 60004, 64}, },
	  .ov = { {0x2f013a3e, 2}, } },
	{ .seq = 779, .handle = 0x40000100, .type = 0, .expected_st = 0,
	  .n_in = 3, .n_out = 1,
	  .iv = { {0x2f013650, 64, 60068, 64}, {0x2f0136b4, 28, 60132, 28}, {0x2f0138c8, 65, 60160, 64}, },
	  .ov = { {0x2f0136b0, 4}, } },
	{ .seq = 780, .handle = 0x40000100, .type = 0, .expected_st = 0,
	  .n_in = 1, .n_out = 0,
	  .iv = { {0x2f013660, 64, 60224, 64}, },
	  .ov = { } },
	{ .seq = 781, .handle = 0x40000100, .type = 0, .expected_st = 0,
	  .n_in = 1, .n_out = 0,
	  .iv = { {0x2f013768, 64, 60288, 64}, },
	  .ov = { } },
	{ .seq = 782, .handle = 0x40000100, .type = 0, .expected_st = 0,
	  .n_in = 1, .n_out = 1,
	  .iv = { {0x2f013958, 64, 60352, 64}, },
	  .ov = { {0x2f0139e6, 2}, } },
	{ .seq = 783, .handle = 0x40000100, .type = 0, .expected_st = 0,
	  .n_in = 1, .n_out = 1,
	  .iv = { {0x2f013938, 64, 60416, 64}, },
	  .ov = { {0x2f0139d4, 1}, } },
	{ .seq = 784, .handle = 0x40000100, .type = 0, .expected_st = 0,
	  .n_in = 1, .n_out = 1,
	  .iv = { {0x2f013938, 64, 60480, 64}, },
	  .ov = { {0x2f0139d4, 4}, } },
	{ .seq = 785, .handle = 0x40000100, .type = 0, .expected_st = 0,
	  .n_in = 1, .n_out = 1,
	  .iv = { {0x2f0139b0, 64, 60544, 64}, },
	  .ov = { {0x2f013a3e, 2}, } },
	{ .seq = 786, .handle = 0x40000100, .type = 0, .expected_st = 0,
	  .n_in = 3, .n_out = 1,
	  .iv = { {0x2f013650, 64, 60608, 64}, {0x2f0136b4, 28, 60672, 28}, {0x2f0138c8, 65, 60700, 64}, },
	  .ov = { {0x2f0136b0, 4}, } },
	{ .seq = 787, .handle = 0x40000100, .type = 0, .expected_st = 0,
	  .n_in = 1, .n_out = 0,
	  .iv = { {0x2f013660, 64, 60764, 64}, },
	  .ov = { } },
	{ .seq = 788, .handle = 0x40000100, .type = 0, .expected_st = 0,
	  .n_in = 1, .n_out = 0,
	  .iv = { {0x2f013768, 64, 60828, 64}, },
	  .ov = { } },
	{ .seq = 789, .handle = 0x40000100, .type = 0, .expected_st = 0,
	  .n_in = 1, .n_out = 1,
	  .iv = { {0x2f013958, 64, 60892, 64}, },
	  .ov = { {0x2f0139e6, 2}, } },
	{ .seq = 790, .handle = 0x40000100, .type = 0, .expected_st = 0,
	  .n_in = 1, .n_out = 1,
	  .iv = { {0x2f013938, 64, 60956, 64}, },
	  .ov = { {0x2f0139d4, 1}, } },
	{ .seq = 791, .handle = 0x40000100, .type = 0, .expected_st = 0,
	  .n_in = 1, .n_out = 1,
	  .iv = { {0x2f013938, 64, 61020, 64}, },
	  .ov = { {0x2f0139d4, 4}, } },
	{ .seq = 792, .handle = 0x40000100, .type = 0, .expected_st = 0,
	  .n_in = 1, .n_out = 1,
	  .iv = { {0x2f0139b0, 64, 61084, 64}, },
	  .ov = { {0x2f013a3e, 2}, } },
	{ .seq = 793, .handle = 0x40000100, .type = 0, .expected_st = 0,
	  .n_in = 3, .n_out = 1,
	  .iv = { {0x2f013650, 64, 61148, 64}, {0x2f0136b4, 28, 61212, 28}, {0x2f0138c8, 65, 61240, 64}, },
	  .ov = { {0x2f0136b0, 4}, } },
	{ .seq = 794, .handle = 0x40000100, .type = 0, .expected_st = 0,
	  .n_in = 1, .n_out = 0,
	  .iv = { {0x2f013660, 64, 61304, 64}, },
	  .ov = { } },
	{ .seq = 795, .handle = 0x40000100, .type = 0, .expected_st = 0,
	  .n_in = 1, .n_out = 0,
	  .iv = { {0x2f013768, 64, 61368, 64}, },
	  .ov = { } },
	{ .seq = 796, .handle = 0x40000100, .type = 0, .expected_st = 0,
	  .n_in = 1, .n_out = 1,
	  .iv = { {0x2f013958, 64, 61432, 64}, },
	  .ov = { {0x2f0139e6, 2}, } },
	{ .seq = 797, .handle = 0x40000100, .type = 0, .expected_st = 0,
	  .n_in = 1, .n_out = 1,
	  .iv = { {0x2f013938, 64, 61496, 64}, },
	  .ov = { {0x2f0139d4, 1}, } },
	{ .seq = 798, .handle = 0x40000100, .type = 0, .expected_st = 0,
	  .n_in = 1, .n_out = 1,
	  .iv = { {0x2f013938, 64, 61560, 64}, },
	  .ov = { {0x2f0139d4, 4}, } },
	{ .seq = 799, .handle = 0x40000100, .type = 0, .expected_st = 0,
	  .n_in = 1, .n_out = 1,
	  .iv = { {0x2f0139b0, 64, 61624, 64}, },
	  .ov = { {0x2f013a3e, 2}, } },
	{ .seq = 800, .handle = 0x40000100, .type = 0, .expected_st = 0,
	  .n_in = 3, .n_out = 1,
	  .iv = { {0x2f013650, 64, 61688, 64}, {0x2f0136b4, 28, 61752, 28}, {0x2f0138c8, 65, 61780, 64}, },
	  .ov = { {0x2f0136b0, 4}, } },
	{ .seq = 801, .handle = 0x40000100, .type = 0, .expected_st = 0,
	  .n_in = 1, .n_out = 0,
	  .iv = { {0x2f013660, 64, 61844, 64}, },
	  .ov = { } },
	{ .seq = 802, .handle = 0x40000100, .type = 0, .expected_st = 0,
	  .n_in = 1, .n_out = 0,
	  .iv = { {0x2f013768, 64, 61908, 64}, },
	  .ov = { } },
	{ .seq = 803, .handle = 0x40000100, .type = 0, .expected_st = 0,
	  .n_in = 1, .n_out = 1,
	  .iv = { {0x2f013958, 64, 61972, 64}, },
	  .ov = { {0x2f0139e6, 2}, } },
	{ .seq = 804, .handle = 0x40000100, .type = 0, .expected_st = 0,
	  .n_in = 1, .n_out = 1,
	  .iv = { {0x2f013938, 64, 62036, 64}, },
	  .ov = { {0x2f0139d4, 1}, } },
	{ .seq = 805, .handle = 0x40000100, .type = 0, .expected_st = 0,
	  .n_in = 1, .n_out = 1,
	  .iv = { {0x2f013938, 64, 62100, 64}, },
	  .ov = { {0x2f0139d4, 4}, } },
	{ .seq = 806, .handle = 0x40000100, .type = 0, .expected_st = 0,
	  .n_in = 1, .n_out = 1,
	  .iv = { {0x2f0139b0, 64, 62164, 64}, },
	  .ov = { {0x2f013a3e, 2}, } },
	{ .seq = 807, .handle = 0x40000100, .type = 0, .expected_st = 0,
	  .n_in = 3, .n_out = 1,
	  .iv = { {0x2f013650, 64, 62228, 64}, {0x2f0136b4, 28, 62292, 28}, {0x2f0138c8, 65, 62320, 64}, },
	  .ov = { {0x2f0136b0, 4}, } },
	{ .seq = 808, .handle = 0x40000100, .type = 0, .expected_st = 0,
	  .n_in = 1, .n_out = 0,
	  .iv = { {0x2f013660, 64, 62384, 64}, },
	  .ov = { } },
	{ .seq = 809, .handle = 0x40000100, .type = 0, .expected_st = 0,
	  .n_in = 1, .n_out = 0,
	  .iv = { {0x2f013768, 64, 62448, 64}, },
	  .ov = { } },
	{ .seq = 810, .handle = 0x40000100, .type = 0, .expected_st = 0,
	  .n_in = 1, .n_out = 1,
	  .iv = { {0x2f013958, 64, 62512, 64}, },
	  .ov = { {0x2f0139e6, 2}, } },
	{ .seq = 811, .handle = 0x40000100, .type = 0, .expected_st = 0,
	  .n_in = 1, .n_out = 1,
	  .iv = { {0x2f013938, 64, 62576, 64}, },
	  .ov = { {0x2f0139d4, 1}, } },
	{ .seq = 812, .handle = 0x40000100, .type = 0, .expected_st = 0,
	  .n_in = 1, .n_out = 1,
	  .iv = { {0x2f013938, 64, 62640, 64}, },
	  .ov = { {0x2f0139d4, 4}, } },
	{ .seq = 813, .handle = 0x40000100, .type = 0, .expected_st = 0,
	  .n_in = 1, .n_out = 1,
	  .iv = { {0x2f0139b0, 64, 62704, 64}, },
	  .ov = { {0x2f013a3e, 2}, } },
	{ .seq = 814, .handle = 0x40000100, .type = 0, .expected_st = 0,
	  .n_in = 3, .n_out = 1,
	  .iv = { {0x2f013650, 64, 62768, 64}, {0x2f0136b4, 28, 62832, 28}, {0x2f0138c8, 65, 62860, 64}, },
	  .ov = { {0x2f0136b0, 4}, } },
	{ .seq = 815, .handle = 0x40000100, .type = 0, .expected_st = 0,
	  .n_in = 1, .n_out = 0,
	  .iv = { {0x2f013660, 64, 62924, 64}, },
	  .ov = { } },
	{ .seq = 816, .handle = 0x40000100, .type = 0, .expected_st = 0,
	  .n_in = 1, .n_out = 0,
	  .iv = { {0x2f013768, 64, 62988, 64}, },
	  .ov = { } },
	{ .seq = 817, .handle = 0x40000100, .type = 0, .expected_st = 0,
	  .n_in = 1, .n_out = 1,
	  .iv = { {0x2f013958, 64, 63052, 64}, },
	  .ov = { {0x2f0139e6, 2}, } },
	{ .seq = 818, .handle = 0x40000100, .type = 0, .expected_st = 0,
	  .n_in = 1, .n_out = 1,
	  .iv = { {0x2f013938, 64, 63116, 64}, },
	  .ov = { {0x2f0139d4, 1}, } },
	{ .seq = 819, .handle = 0x40000100, .type = 0, .expected_st = 0,
	  .n_in = 1, .n_out = 1,
	  .iv = { {0x2f013938, 64, 63180, 64}, },
	  .ov = { {0x2f0139d4, 4}, } },
	{ .seq = 820, .handle = 0x40000100, .type = 0, .expected_st = 0,
	  .n_in = 1, .n_out = 1,
	  .iv = { {0x2f0139b0, 64, 63244, 64}, },
	  .ov = { {0x2f013a3e, 2}, } },
	{ .seq = 821, .handle = 0x40000100, .type = 0, .expected_st = 0,
	  .n_in = 3, .n_out = 1,
	  .iv = { {0x2f013650, 64, 63308, 64}, {0x2f0136b4, 28, 63372, 28}, {0x2f0138c8, 65, 63400, 64}, },
	  .ov = { {0x2f0136b0, 4}, } },
	{ .seq = 822, .handle = 0x40000100, .type = 0, .expected_st = 0,
	  .n_in = 1, .n_out = 0,
	  .iv = { {0x2f013660, 64, 63464, 64}, },
	  .ov = { } },
	{ .seq = 823, .handle = 0x40000100, .type = 0, .expected_st = 0,
	  .n_in = 1, .n_out = 0,
	  .iv = { {0x2f013768, 64, 63528, 64}, },
	  .ov = { } },
	{ .seq = 824, .handle = 0x40000100, .type = 0, .expected_st = 0,
	  .n_in = 1, .n_out = 1,
	  .iv = { {0x2f013958, 64, 63592, 64}, },
	  .ov = { {0x2f0139e6, 2}, } },
	{ .seq = 825, .handle = 0x40000100, .type = 0, .expected_st = 0,
	  .n_in = 1, .n_out = 1,
	  .iv = { {0x2f013938, 64, 63656, 64}, },
	  .ov = { {0x2f0139d4, 1}, } },
	{ .seq = 826, .handle = 0x40000100, .type = 0, .expected_st = 0,
	  .n_in = 1, .n_out = 1,
	  .iv = { {0x2f013938, 64, 63720, 64}, },
	  .ov = { {0x2f0139d4, 4}, } },
	{ .seq = 827, .handle = 0x40000100, .type = 0, .expected_st = 0,
	  .n_in = 1, .n_out = 1,
	  .iv = { {0x2f0139b0, 64, 63784, 64}, },
	  .ov = { {0x2f013a3e, 2}, } },
	{ .seq = 828, .handle = 0x40000100, .type = 0, .expected_st = 0,
	  .n_in = 3, .n_out = 1,
	  .iv = { {0x2f013650, 64, 63848, 64}, {0x2f0136b4, 28, 63912, 28}, {0x2f0138c8, 65, 63940, 64}, },
	  .ov = { {0x2f0136b0, 4}, } },
	{ .seq = 829, .handle = 0x40000100, .type = 0, .expected_st = 0,
	  .n_in = 1, .n_out = 0,
	  .iv = { {0x2f013660, 64, 64004, 64}, },
	  .ov = { } },
	{ .seq = 830, .handle = 0x40000100, .type = 0, .expected_st = 0,
	  .n_in = 1, .n_out = 0,
	  .iv = { {0x2f013768, 64, 64068, 64}, },
	  .ov = { } },
	{ .seq = 831, .handle = 0x40000100, .type = 0, .expected_st = 0,
	  .n_in = 1, .n_out = 1,
	  .iv = { {0x2f013958, 64, 64132, 64}, },
	  .ov = { {0x2f0139e6, 2}, } },
	{ .seq = 832, .handle = 0x40000100, .type = 0, .expected_st = 0,
	  .n_in = 1, .n_out = 1,
	  .iv = { {0x2f013938, 64, 64196, 64}, },
	  .ov = { {0x2f0139d4, 1}, } },
	{ .seq = 833, .handle = 0x40000100, .type = 0, .expected_st = 0,
	  .n_in = 1, .n_out = 1,
	  .iv = { {0x2f013938, 64, 64260, 64}, },
	  .ov = { {0x2f0139d4, 4}, } },
	{ .seq = 834, .handle = 0x40000100, .type = 0, .expected_st = 0,
	  .n_in = 1, .n_out = 1,
	  .iv = { {0x2f0139b0, 64, 64324, 64}, },
	  .ov = { {0x2f013a3e, 2}, } },
	{ .seq = 835, .handle = 0x40000100, .type = 0, .expected_st = 0,
	  .n_in = 3, .n_out = 1,
	  .iv = { {0x2f013650, 64, 64388, 64}, {0x2f0136b4, 28, 64452, 28}, {0x2f0138c8, 65, 64480, 64}, },
	  .ov = { {0x2f0136b0, 4}, } },
	{ .seq = 836, .handle = 0x40000100, .type = 0, .expected_st = 0,
	  .n_in = 1, .n_out = 0,
	  .iv = { {0x2f013660, 64, 64544, 64}, },
	  .ov = { } },
	{ .seq = 837, .handle = 0x40000100, .type = 0, .expected_st = 0,
	  .n_in = 1, .n_out = 0,
	  .iv = { {0x2f013768, 64, 64608, 64}, },
	  .ov = { } },
	{ .seq = 838, .handle = 0x40000100, .type = 0, .expected_st = 0,
	  .n_in = 1, .n_out = 1,
	  .iv = { {0x2f013958, 64, 64672, 64}, },
	  .ov = { {0x2f0139e6, 2}, } },
	{ .seq = 839, .handle = 0x40000100, .type = 0, .expected_st = 0,
	  .n_in = 1, .n_out = 1,
	  .iv = { {0x2f013938, 64, 64736, 64}, },
	  .ov = { {0x2f0139d4, 1}, } },
	{ .seq = 840, .handle = 0x40000100, .type = 0, .expected_st = 0,
	  .n_in = 1, .n_out = 1,
	  .iv = { {0x2f013938, 64, 64800, 64}, },
	  .ov = { {0x2f0139d4, 4}, } },
	{ .seq = 841, .handle = 0x40000100, .type = 0, .expected_st = 0,
	  .n_in = 1, .n_out = 1,
	  .iv = { {0x2f0139b0, 64, 64864, 64}, },
	  .ov = { {0x2f013a3e, 2}, } },
	{ .seq = 842, .handle = 0x40000100, .type = 0, .expected_st = 0,
	  .n_in = 3, .n_out = 1,
	  .iv = { {0x2f013650, 64, 64928, 64}, {0x2f0136b4, 28, 64992, 28}, {0x2f0138c8, 65, 65020, 64}, },
	  .ov = { {0x2f0136b0, 4}, } },
	{ .seq = 843, .handle = 0x40000100, .type = 0, .expected_st = 0,
	  .n_in = 1, .n_out = 0,
	  .iv = { {0x2f013660, 64, 65084, 64}, },
	  .ov = { } },
	{ .seq = 844, .handle = 0x40000100, .type = 0, .expected_st = 0,
	  .n_in = 1, .n_out = 0,
	  .iv = { {0x2f013768, 64, 65148, 64}, },
	  .ov = { } },
	{ .seq = 845, .handle = 0x40000100, .type = 0, .expected_st = 0,
	  .n_in = 1, .n_out = 1,
	  .iv = { {0x2f013958, 64, 65212, 64}, },
	  .ov = { {0x2f0139e6, 2}, } },
	{ .seq = 846, .handle = 0x40000100, .type = 0, .expected_st = 0,
	  .n_in = 1, .n_out = 1,
	  .iv = { {0x2f013938, 64, 65276, 64}, },
	  .ov = { {0x2f0139d4, 1}, } },
	{ .seq = 847, .handle = 0x40000100, .type = 0, .expected_st = 0,
	  .n_in = 1, .n_out = 1,
	  .iv = { {0x2f013938, 64, 65340, 64}, },
	  .ov = { {0x2f0139d4, 4}, } },
	{ .seq = 848, .handle = 0x40000100, .type = 0, .expected_st = 0,
	  .n_in = 1, .n_out = 1,
	  .iv = { {0x2f0139b0, 64, 65404, 64}, },
	  .ov = { {0x2f013a3e, 2}, } },
	{ .seq = 849, .handle = 0x40000100, .type = 0, .expected_st = 0,
	  .n_in = 3, .n_out = 1,
	  .iv = { {0x2f013650, 64, 65468, 64}, {0x2f0136b4, 28, 65532, 28}, {0x2f0138c8, 65, 65560, 64}, },
	  .ov = { {0x2f0136b0, 4}, } },
	{ .seq = 850, .handle = 0x40000100, .type = 0, .expected_st = 0,
	  .n_in = 1, .n_out = 0,
	  .iv = { {0x2f013660, 64, 65624, 64}, },
	  .ov = { } },
	{ .seq = 851, .handle = 0x40000100, .type = 0, .expected_st = 0,
	  .n_in = 1, .n_out = 0,
	  .iv = { {0x2f013768, 64, 65688, 64}, },
	  .ov = { } },
	{ .seq = 852, .handle = 0x40000100, .type = 0, .expected_st = 0,
	  .n_in = 1, .n_out = 1,
	  .iv = { {0x2f013958, 64, 65752, 64}, },
	  .ov = { {0x2f0139e6, 2}, } },
	{ .seq = 853, .handle = 0x40000100, .type = 0, .expected_st = 0,
	  .n_in = 1, .n_out = 1,
	  .iv = { {0x2f013938, 64, 65816, 64}, },
	  .ov = { {0x2f0139d4, 1}, } },
	{ .seq = 854, .handle = 0x40000100, .type = 0, .expected_st = 0,
	  .n_in = 1, .n_out = 1,
	  .iv = { {0x2f013938, 64, 65880, 64}, },
	  .ov = { {0x2f0139d4, 4}, } },
	{ .seq = 855, .handle = 0x40000100, .type = 0, .expected_st = 0,
	  .n_in = 1, .n_out = 1,
	  .iv = { {0x2f0139b0, 64, 65944, 64}, },
	  .ov = { {0x2f013a3e, 2}, } },
	{ .seq = 856, .handle = 0x40000100, .type = 0, .expected_st = 0,
	  .n_in = 3, .n_out = 1,
	  .iv = { {0x2f013650, 64, 66008, 64}, {0x2f0136b4, 28, 66072, 28}, {0x2f0138c8, 65, 66100, 64}, },
	  .ov = { {0x2f0136b0, 4}, } },
	{ .seq = 857, .handle = 0x40000100, .type = 0, .expected_st = 0,
	  .n_in = 1, .n_out = 0,
	  .iv = { {0x2f013660, 64, 66164, 64}, },
	  .ov = { } },
	{ .seq = 858, .handle = 0x40000100, .type = 0, .expected_st = 0,
	  .n_in = 1, .n_out = 0,
	  .iv = { {0x2f013768, 64, 66228, 64}, },
	  .ov = { } },
	{ .seq = 859, .handle = 0x40000100, .type = 0, .expected_st = 0,
	  .n_in = 1, .n_out = 1,
	  .iv = { {0x2f013958, 64, 66292, 64}, },
	  .ov = { {0x2f0139e6, 2}, } },
	{ .seq = 860, .handle = 0x40000100, .type = 0, .expected_st = 0,
	  .n_in = 1, .n_out = 1,
	  .iv = { {0x2f013938, 64, 66356, 64}, },
	  .ov = { {0x2f0139d4, 1}, } },
	{ .seq = 861, .handle = 0x40000100, .type = 0, .expected_st = 0,
	  .n_in = 1, .n_out = 1,
	  .iv = { {0x2f013938, 64, 66420, 64}, },
	  .ov = { {0x2f0139d4, 4}, } },
	{ .seq = 862, .handle = 0x40000100, .type = 0, .expected_st = 0,
	  .n_in = 1, .n_out = 1,
	  .iv = { {0x2f0139b0, 64, 66484, 64}, },
	  .ov = { {0x2f013a3e, 2}, } },
	{ .seq = 863, .handle = 0x40000100, .type = 0, .expected_st = 0,
	  .n_in = 3, .n_out = 1,
	  .iv = { {0x2f013650, 64, 66548, 64}, {0x2f0136b4, 28, 66612, 28}, {0x2f0138c8, 65, 66640, 64}, },
	  .ov = { {0x2f0136b0, 4}, } },
	{ .seq = 864, .handle = 0x40000100, .type = 0, .expected_st = 0,
	  .n_in = 1, .n_out = 0,
	  .iv = { {0x2f013660, 64, 66704, 64}, },
	  .ov = { } },
	{ .seq = 865, .handle = 0x40000100, .type = 0, .expected_st = 0,
	  .n_in = 1, .n_out = 0,
	  .iv = { {0x2f013768, 64, 66768, 64}, },
	  .ov = { } },
	{ .seq = 866, .handle = 0x40000100, .type = 0, .expected_st = 0,
	  .n_in = 1, .n_out = 1,
	  .iv = { {0x2f013958, 64, 66832, 64}, },
	  .ov = { {0x2f0139e6, 2}, } },
	{ .seq = 867, .handle = 0x40000100, .type = 0, .expected_st = 0,
	  .n_in = 1, .n_out = 1,
	  .iv = { {0x2f013938, 64, 66896, 64}, },
	  .ov = { {0x2f0139d4, 1}, } },
	{ .seq = 868, .handle = 0x40000100, .type = 0, .expected_st = 0,
	  .n_in = 1, .n_out = 1,
	  .iv = { {0x2f013938, 64, 66960, 64}, },
	  .ov = { {0x2f0139d4, 4}, } },
	{ .seq = 869, .handle = 0x40000100, .type = 0, .expected_st = 0,
	  .n_in = 1, .n_out = 1,
	  .iv = { {0x2f0139b0, 64, 67024, 64}, },
	  .ov = { {0x2f013a3e, 2}, } },
	{ .seq = 870, .handle = 0x40000100, .type = 0, .expected_st = 0,
	  .n_in = 3, .n_out = 1,
	  .iv = { {0x2f013650, 64, 67088, 64}, {0x2f0136b4, 28, 67152, 28}, {0x2f0138c8, 65, 67180, 64}, },
	  .ov = { {0x2f0136b0, 4}, } },
	{ .seq = 871, .handle = 0x40000100, .type = 0, .expected_st = 0,
	  .n_in = 1, .n_out = 0,
	  .iv = { {0x2f013660, 64, 67244, 64}, },
	  .ov = { } },
	{ .seq = 872, .handle = 0x40000100, .type = 0, .expected_st = 0,
	  .n_in = 1, .n_out = 0,
	  .iv = { {0x2f013768, 64, 67308, 64}, },
	  .ov = { } },
	{ .seq = 873, .handle = 0x40000100, .type = 0, .expected_st = 0,
	  .n_in = 1, .n_out = 1,
	  .iv = { {0x2f013958, 64, 67372, 64}, },
	  .ov = { {0x2f0139e6, 2}, } },
	{ .seq = 874, .handle = 0x40000100, .type = 0, .expected_st = 0,
	  .n_in = 1, .n_out = 1,
	  .iv = { {0x2f013938, 64, 67436, 64}, },
	  .ov = { {0x2f0139d4, 1}, } },
	{ .seq = 875, .handle = 0x40000100, .type = 0, .expected_st = 0,
	  .n_in = 1, .n_out = 1,
	  .iv = { {0x2f013938, 64, 67500, 64}, },
	  .ov = { {0x2f0139d4, 4}, } },
	{ .seq = 876, .handle = 0x40000100, .type = 0, .expected_st = 0,
	  .n_in = 1, .n_out = 1,
	  .iv = { {0x2f0139b0, 64, 67564, 64}, },
	  .ov = { {0x2f013a3e, 2}, } },
	{ .seq = 877, .handle = 0x40000100, .type = 0, .expected_st = 0,
	  .n_in = 3, .n_out = 1,
	  .iv = { {0x2f013650, 64, 67628, 64}, {0x2f0136b4, 28, 67692, 28}, {0x2f0138c8, 65, 67720, 64}, },
	  .ov = { {0x2f0136b0, 4}, } },
	{ .seq = 878, .handle = 0x40000100, .type = 0, .expected_st = 0,
	  .n_in = 1, .n_out = 0,
	  .iv = { {0x2f013660, 64, 67784, 64}, },
	  .ov = { } },
	{ .seq = 879, .handle = 0x40000100, .type = 0, .expected_st = 0,
	  .n_in = 1, .n_out = 0,
	  .iv = { {0x2f013768, 64, 67848, 64}, },
	  .ov = { } },
	{ .seq = 880, .handle = 0x40000100, .type = 0, .expected_st = 0,
	  .n_in = 1, .n_out = 1,
	  .iv = { {0x2f013958, 64, 67912, 64}, },
	  .ov = { {0x2f0139e6, 2}, } },
	{ .seq = 881, .handle = 0x40000100, .type = 0, .expected_st = 0,
	  .n_in = 1, .n_out = 1,
	  .iv = { {0x2f013938, 64, 67976, 64}, },
	  .ov = { {0x2f0139d4, 1}, } },
	{ .seq = 882, .handle = 0x40000100, .type = 0, .expected_st = 0,
	  .n_in = 1, .n_out = 1,
	  .iv = { {0x2f013938, 64, 68040, 64}, },
	  .ov = { {0x2f0139d4, 4}, } },
	{ .seq = 883, .handle = 0x40000100, .type = 0, .expected_st = 0,
	  .n_in = 1, .n_out = 1,
	  .iv = { {0x2f0139b0, 64, 68104, 64}, },
	  .ov = { {0x2f013a3e, 2}, } },
	{ .seq = 884, .handle = 0x40000100, .type = 0, .expected_st = 0,
	  .n_in = 3, .n_out = 1,
	  .iv = { {0x2f013650, 64, 68168, 64}, {0x2f0136b4, 28, 68232, 28}, {0x2f0138c8, 65, 68260, 64}, },
	  .ov = { {0x2f0136b0, 4}, } },
	{ .seq = 885, .handle = 0x40000100, .type = 0, .expected_st = 0,
	  .n_in = 1, .n_out = 0,
	  .iv = { {0x2f013660, 64, 68324, 64}, },
	  .ov = { } },
	{ .seq = 886, .handle = 0x40000100, .type = 0, .expected_st = 0,
	  .n_in = 1, .n_out = 0,
	  .iv = { {0x2f013768, 64, 68388, 64}, },
	  .ov = { } },
	{ .seq = 887, .handle = 0x40000100, .type = 0, .expected_st = 0,
	  .n_in = 1, .n_out = 1,
	  .iv = { {0x2f013958, 64, 68452, 64}, },
	  .ov = { {0x2f0139e6, 2}, } },
	{ .seq = 888, .handle = 0x40000100, .type = 0, .expected_st = 0,
	  .n_in = 1, .n_out = 1,
	  .iv = { {0x2f013938, 64, 68516, 64}, },
	  .ov = { {0x2f0139d4, 1}, } },
	{ .seq = 889, .handle = 0x40000100, .type = 0, .expected_st = 0,
	  .n_in = 1, .n_out = 1,
	  .iv = { {0x2f013938, 64, 68580, 64}, },
	  .ov = { {0x2f0139d4, 4}, } },
	{ .seq = 890, .handle = 0x40000100, .type = 0, .expected_st = 0,
	  .n_in = 1, .n_out = 1,
	  .iv = { {0x2f0139b0, 64, 68644, 64}, },
	  .ov = { {0x2f013a3e, 2}, } },
	{ .seq = 891, .handle = 0x40000100, .type = 0, .expected_st = 0,
	  .n_in = 3, .n_out = 1,
	  .iv = { {0x2f013650, 64, 68708, 64}, {0x2f0136b4, 28, 68772, 28}, {0x2f0138c8, 65, 68800, 64}, },
	  .ov = { {0x2f0136b0, 4}, } },
	{ .seq = 892, .handle = 0x40000100, .type = 0, .expected_st = 0,
	  .n_in = 1, .n_out = 0,
	  .iv = { {0x2f013660, 64, 68864, 64}, },
	  .ov = { } },
	{ .seq = 893, .handle = 0x40000100, .type = 0, .expected_st = 0,
	  .n_in = 1, .n_out = 0,
	  .iv = { {0x2f013768, 64, 68928, 64}, },
	  .ov = { } },
	{ .seq = 894, .handle = 0x40000100, .type = 0, .expected_st = 0,
	  .n_in = 1, .n_out = 1,
	  .iv = { {0x2f013958, 64, 68992, 64}, },
	  .ov = { {0x2f0139e6, 2}, } },
	{ .seq = 895, .handle = 0x40000100, .type = 0, .expected_st = 0,
	  .n_in = 1, .n_out = 1,
	  .iv = { {0x2f013938, 64, 69056, 64}, },
	  .ov = { {0x2f0139d4, 1}, } },
	{ .seq = 896, .handle = 0x40000100, .type = 0, .expected_st = 0,
	  .n_in = 1, .n_out = 1,
	  .iv = { {0x2f013938, 64, 69120, 64}, },
	  .ov = { {0x2f0139d4, 4}, } },
	{ .seq = 897, .handle = 0x40000100, .type = 0, .expected_st = 0,
	  .n_in = 1, .n_out = 1,
	  .iv = { {0x2f0139b0, 64, 69184, 64}, },
	  .ov = { {0x2f013a3e, 2}, } },
	{ .seq = 898, .handle = 0x40000100, .type = 0, .expected_st = 0,
	  .n_in = 3, .n_out = 1,
	  .iv = { {0x2f013650, 64, 69248, 64}, {0x2f0136b4, 28, 69312, 28}, {0x2f0138c8, 65, 69340, 64}, },
	  .ov = { {0x2f0136b0, 4}, } },
	{ .seq = 899, .handle = 0x40000100, .type = 0, .expected_st = 0,
	  .n_in = 1, .n_out = 0,
	  .iv = { {0x2f013660, 64, 69404, 64}, },
	  .ov = { } },
	{ .seq = 900, .handle = 0x40000100, .type = 0, .expected_st = 0,
	  .n_in = 1, .n_out = 0,
	  .iv = { {0x2f013768, 64, 69468, 64}, },
	  .ov = { } },
	{ .seq = 901, .handle = 0x40000100, .type = 0, .expected_st = 0,
	  .n_in = 1, .n_out = 1,
	  .iv = { {0x2f013958, 64, 69532, 64}, },
	  .ov = { {0x2f0139e6, 2}, } },
	{ .seq = 902, .handle = 0x40000100, .type = 0, .expected_st = 0,
	  .n_in = 1, .n_out = 1,
	  .iv = { {0x2f013938, 64, 69596, 64}, },
	  .ov = { {0x2f0139d4, 1}, } },
	{ .seq = 903, .handle = 0x40000100, .type = 0, .expected_st = 0,
	  .n_in = 1, .n_out = 1,
	  .iv = { {0x2f013938, 64, 69660, 64}, },
	  .ov = { {0x2f0139d4, 4}, } },
	{ .seq = 904, .handle = 0x40000100, .type = 0, .expected_st = 0,
	  .n_in = 1, .n_out = 1,
	  .iv = { {0x2f0139b0, 64, 69724, 64}, },
	  .ov = { {0x2f013a3e, 2}, } },
	{ .seq = 905, .handle = 0x40000100, .type = 0, .expected_st = 0,
	  .n_in = 3, .n_out = 1,
	  .iv = { {0x2f013650, 64, 69788, 64}, {0x2f0136b4, 28, 69852, 28}, {0x2f0138c8, 65, 69880, 64}, },
	  .ov = { {0x2f0136b0, 4}, } },
	{ .seq = 906, .handle = 0x40000100, .type = 0, .expected_st = 0,
	  .n_in = 1, .n_out = 0,
	  .iv = { {0x2f013660, 64, 69944, 64}, },
	  .ov = { } },
	{ .seq = 907, .handle = 0x40000100, .type = 0, .expected_st = 0,
	  .n_in = 1, .n_out = 0,
	  .iv = { {0x2f013768, 64, 70008, 64}, },
	  .ov = { } },
	{ .seq = 908, .handle = 0x40000100, .type = 0, .expected_st = 0,
	  .n_in = 1, .n_out = 1,
	  .iv = { {0x2f013958, 64, 70072, 64}, },
	  .ov = { {0x2f0139e6, 2}, } },
	{ .seq = 909, .handle = 0x40000100, .type = 0, .expected_st = 0,
	  .n_in = 1, .n_out = 1,
	  .iv = { {0x2f013938, 64, 70136, 64}, },
	  .ov = { {0x2f0139d4, 1}, } },
	{ .seq = 910, .handle = 0x40000100, .type = 0, .expected_st = 0,
	  .n_in = 1, .n_out = 1,
	  .iv = { {0x2f013938, 64, 70200, 64}, },
	  .ov = { {0x2f0139d4, 4}, } },
	{ .seq = 911, .handle = 0x40000100, .type = 0, .expected_st = 0,
	  .n_in = 1, .n_out = 1,
	  .iv = { {0x2f0139b0, 64, 70264, 64}, },
	  .ov = { {0x2f013a3e, 2}, } },
	{ .seq = 912, .handle = 0x40000100, .type = 0, .expected_st = 0,
	  .n_in = 3, .n_out = 1,
	  .iv = { {0x2f013650, 64, 70328, 64}, {0x2f0136b4, 28, 70392, 28}, {0x2f0138c8, 65, 70420, 64}, },
	  .ov = { {0x2f0136b0, 4}, } },
	{ .seq = 913, .handle = 0x40000100, .type = 0, .expected_st = 0,
	  .n_in = 1, .n_out = 0,
	  .iv = { {0x2f013660, 64, 70484, 64}, },
	  .ov = { } },
	{ .seq = 914, .handle = 0x40000100, .type = 0, .expected_st = 0,
	  .n_in = 1, .n_out = 0,
	  .iv = { {0x2f013768, 64, 70548, 64}, },
	  .ov = { } },
	{ .seq = 915, .handle = 0x40000100, .type = 0, .expected_st = 0,
	  .n_in = 1, .n_out = 1,
	  .iv = { {0x2f013958, 64, 70612, 64}, },
	  .ov = { {0x2f0139e6, 2}, } },
	{ .seq = 916, .handle = 0x40000100, .type = 0, .expected_st = 0,
	  .n_in = 1, .n_out = 1,
	  .iv = { {0x2f013938, 64, 70676, 64}, },
	  .ov = { {0x2f0139d4, 1}, } },
	{ .seq = 917, .handle = 0x40000100, .type = 0, .expected_st = 0,
	  .n_in = 1, .n_out = 1,
	  .iv = { {0x2f013938, 64, 70740, 64}, },
	  .ov = { {0x2f0139d4, 4}, } },
	{ .seq = 918, .handle = 0x40000100, .type = 0, .expected_st = 0,
	  .n_in = 1, .n_out = 1,
	  .iv = { {0x2f0139b0, 64, 70804, 64}, },
	  .ov = { {0x2f013a3e, 2}, } },
	{ .seq = 919, .handle = 0x40000100, .type = 0, .expected_st = 0,
	  .n_in = 3, .n_out = 1,
	  .iv = { {0x2f013650, 64, 70868, 64}, {0x2f0136b4, 28, 70932, 28}, {0x2f0138c8, 65, 70960, 64}, },
	  .ov = { {0x2f0136b0, 4}, } },
	{ .seq = 920, .handle = 0x40000100, .type = 0, .expected_st = 0,
	  .n_in = 1, .n_out = 0,
	  .iv = { {0x2f013660, 64, 71024, 64}, },
	  .ov = { } },
	{ .seq = 921, .handle = 0x40000100, .type = 0, .expected_st = 0,
	  .n_in = 1, .n_out = 0,
	  .iv = { {0x2f013768, 64, 71088, 64}, },
	  .ov = { } },
	{ .seq = 922, .handle = 0x40000100, .type = 0, .expected_st = 0,
	  .n_in = 1, .n_out = 1,
	  .iv = { {0x2f013958, 64, 71152, 64}, },
	  .ov = { {0x2f0139e6, 2}, } },
	{ .seq = 923, .handle = 0x40000100, .type = 0, .expected_st = 0,
	  .n_in = 1, .n_out = 1,
	  .iv = { {0x2f013938, 64, 71216, 64}, },
	  .ov = { {0x2f0139d4, 1}, } },
	{ .seq = 924, .handle = 0x40000100, .type = 0, .expected_st = 0,
	  .n_in = 1, .n_out = 1,
	  .iv = { {0x2f013938, 64, 71280, 64}, },
	  .ov = { {0x2f0139d4, 4}, } },
	{ .seq = 925, .handle = 0x40000100, .type = 0, .expected_st = 0,
	  .n_in = 3, .n_out = 1,
	  .iv = { {0x2f0138c0, 64, 71344, 64}, {0x2f013924, 28, 71408, 28}, {0x2f00117c, 65, 71436, 64}, },
	  .ov = { {0x2f013920, 4}, } },
	{ .seq = 926, .handle = 0x40000100, .type = 0, .expected_st = 0,
	  .n_in = 1, .n_out = 0,
	  .iv = { {0x2f0138d0, 64, 71500, 64}, },
	  .ov = { } },
	{ .seq = 927, .handle = 0x40000100, .type = 0, .expected_st = 0,
	  .n_in = 1, .n_out = 1,
	  .iv = { {0x2f0139d8, 64, 71564, 64}, },
	  .ov = { {0x2f008060, 4}, } },
	{ .seq = 928, .handle = 0x40000100, .type = 0, .expected_st = 0,
	  .n_in = 1, .n_out = 1,
	  .iv = { {0x2f0139d0, 64, 71628, 64}, },
	  .ov = { {0x2f008060, 4}, } },
	{ .seq = 929, .handle = 0x40000100, .type = 0, .expected_st = 0,
	  .n_in = 1, .n_out = 1,
	  .iv = { {0x2f0139d8, 64, 71692, 64}, },
	  .ov = { {0x2f008064, 4}, } },
	{ .seq = 930, .handle = 0x40000100, .type = 0, .expected_st = 0,
	  .n_in = 1, .n_out = 1,
	  .iv = { {0x2f0139d0, 64, 71756, 64}, },
	  .ov = { {0x2f008064, 4}, } },
	{ .seq = 931, .handle = 0x40000100, .type = 0, .expected_st = 0,
	  .n_in = 1, .n_out = 1,
	  .iv = { {0x2f013990, 64, 71820, 64}, },
	  .ov = { {0x2f0080a4, 32}, } },
	{ .seq = 932, .handle = 0x40000100, .type = 0, .expected_st = 0,
	  .n_in = 1, .n_out = 1,
	  .iv = { {0x2f013990, 64, 71884, 64}, },
	  .ov = { {0x2f007e28, 32}, } },
	{ .seq = 933, .handle = 0x40000100, .type = 0, .expected_st = 0,
	  .n_in = 2, .n_out = 1,
	  .iv = { {0x2f0138f0, 64, 71948, 64}, {0x2f013950, 28, 72012, 28}, },
	  .ov = { {0x2f007fb8, 4}, } },
	{ .seq = 934, .handle = 0x40000100, .type = 0, .expected_st = 0,
	  .n_in = 1, .n_out = 1,
	  .iv = { {0x2f0138f0, 64, 72040, 64}, },
	  .ov = { {0x2f0074ff, 2166}, } },
	{ .seq = 935, .handle = 0x40000100, .type = 0, .expected_st = 0,
	  .n_in = 2, .n_out = 0,
	  .iv = { {0x2f013968, 64, 72104, 64}, {0x2f0139d4, 4, 72168, 4}, },
	  .ov = { } },
	{ .seq = 936, .handle = 0x40000100, .type = 0, .expected_st = 0,
	  .n_in = 2, .n_out = 0,
	  .iv = { {0x2f013968, 64, 72172, 64}, {0x2f0139d4, 4, 72236, 4}, },
	  .ov = { } },
	{ .seq = 937, .handle = 0x40000100, .type = 0, .expected_st = 0,
	  .n_in = 2, .n_out = 0,
	  .iv = { {0x2f013978, 64, 72240, 64}, {0x2f007479, 260, 72304, 64}, },
	  .ov = { } },
	{ .seq = 938, .handle = 0x40000100, .type = 0, .expected_st = 0,
	  .n_in = 2, .n_out = 0,
	  .iv = { {0x2f013978, 64, 72368, 64}, {0x2f007479, 260, 72432, 64}, },
	  .ov = { } },
	{ .seq = 939, .handle = 0x40000100, .type = 0, .expected_st = 0,
	  .n_in = 2, .n_out = 1,
	  .iv = { {0x2f013900, 64, 72496, 64}, {0x2f01395c, 4, 72560, 4}, },
	  .ov = { {0x2f01395c, 4}, } },
	{ .seq = 940, .handle = 0x40000100, .type = 0, .expected_st = 0,
	  .n_in = 1, .n_out = 2,
	  .iv = { {0x2f0138f8, 64, 72564, 64}, },
	  .ov = { {0x2f01395c, 4}, {0x2f013990, 48}, } },
	{ .seq = 941, .handle = 0x40000100, .type = 0, .expected_st = 0,
	  .n_in = 1, .n_out = 1,
	  .iv = { {0x2f0137e8, 64, 72628, 64}, },
	  .ov = { {0x2f01385c, 4}, } },
	{ .seq = 942, .handle = 0x40000100, .type = 0, .expected_st = 0,
	  .n_in = 2, .n_out = 0,
	  .iv = { {0x2f0137e0, 64, 72692, 64}, {0x2f013860, 32, 72756, 32}, },
	  .ov = { } },
	{ .seq = 943, .handle = 0x40000100, .type = 0, .expected_st = 0,
	  .n_in = 2, .n_out = 0,
	  .iv = { {0x2f0137e0, 64, 72788, 64}, {0x2f006abc, 16, 72852, 16}, },
	  .ov = { } },
	{ .seq = 944, .handle = 0x40000100, .type = 0, .expected_st = 0,
	  .n_in = 1, .n_out = 1,
	  .iv = { {0x2f0137e8, 64, 72868, 64}, },
	  .ov = { {0x2f013930, 32}, } },
	{ .seq = 945, .handle = 0x40000100, .type = 0, .expected_st = 0,
	  .n_in = 1, .n_out = 1,
	  .iv = { {0x2f0137f0, 64, 72932, 64}, },
	  .ov = { {0x2f01385c, 4}, } },
	{ .seq = 946, .handle = 0x40000100, .type = 0, .expected_st = 0,
	  .n_in = 2, .n_out = 1,
	  .iv = { {0x2f013818, 64, 72996, 64}, {0x0, 0, 73060, 0}, },
	  .ov = { {0x2f013890, 32}, } },
	{ .seq = 947, .handle = 0x40000100, .type = 0, .expected_st = 0,
	  .n_in = 1, .n_out = 1,
	  .iv = { {0x2f0136c0, 64, 73060, 64}, },
	  .ov = { {0x2f013718, 4}, } },
	{ .seq = 948, .handle = 0x40000100, .type = 0, .expected_st = 0,
	  .n_in = 2, .n_out = 0,
	  .iv = { {0x2f0136b8, 64, 73124, 64}, {0x2f013930, 32, 73188, 32}, },
	  .ov = { } },
	{ .seq = 949, .handle = 0x40000100, .type = 0, .expected_st = 0,
	  .n_in = 2, .n_out = 0,
	  .iv = { {0x2f0136b8, 64, 73220, 64}, {0x2f01371c, 52, 73284, 52}, },
	  .ov = { } },
	{ .seq = 950, .handle = 0x40000100, .type = 0, .expected_st = 0,
	  .n_in = 1, .n_out = 1,
	  .iv = { {0x2f0136c0, 64, 73336, 64}, },
	  .ov = { {0x2f013900, 32}, } },
	{ .seq = 951, .handle = 0x40000100, .type = 0, .expected_st = 0,
	  .n_in = 1, .n_out = 1,
	  .iv = { {0x2f0136c8, 64, 73400, 64}, },
	  .ov = { {0x2f013718, 4}, } },
	{ .seq = 952, .handle = 0x40000100, .type = 0, .expected_st = 0,
	  .n_in = 1, .n_out = 1,
	  .iv = { {0x2f0136a0, 64, 73464, 64}, },
	  .ov = { {0x2f0136f8, 4}, } },
	{ .seq = 953, .handle = 0x40000100, .type = 0, .expected_st = 0,
	  .n_in = 2, .n_out = 0,
	  .iv = { {0x2f013698, 64, 73528, 64}, {0x2f013900, 32, 73592, 32}, },
	  .ov = { } },
	{ .seq = 954, .handle = 0x40000100, .type = 0, .expected_st = 0,
	  .n_in = 2, .n_out = 0,
	  .iv = { {0x2f013698, 64, 73624, 64}, {0x2f0136fc, 18, 73688, 18}, },
	  .ov = { } },
	{ .seq = 955, .handle = 0x40000100, .type = 0, .expected_st = 0,
	  .n_in = 1, .n_out = 1,
	  .iv = { {0x2f0136a0, 64, 73706, 64}, },
	  .ov = { {0x2f013890, 32}, } },
	{ .seq = 956, .handle = 0x40000100, .type = 0, .expected_st = 0,
	  .n_in = 1, .n_out = 1,
	  .iv = { {0x2f0136a8, 64, 73770, 64}, },
	  .ov = { {0x2f0136f8, 4}, } },
	{ .seq = 957, .handle = 0x40000100, .type = 0, .expected_st = 0,
	  .n_in = 3, .n_out = 1,
	  .iv = { {0x2f0137f8, 64, 73834, 64}, {0x2f013874, 28, 73898, 28}, {0x2f013890, 32, 73926, 32}, },
	  .ov = { {0x2f013870, 4}, } },
	{ .seq = 958, .handle = 0x40000100, .type = 0, .expected_st = 0,
	  .n_in = 2, .n_out = 1,
	  .iv = { {0x2f013800, 64, 73958, 64}, {0x2f013990, 32, 74022, 32}, },
	  .ov = { {0x2f007580, 32}, } },
	{ .seq = 959, .handle = 0x40000100, .type = 0, .expected_st = 0,
	  .n_in = 1, .n_out = 0,
	  .iv = { {0x2f013808, 64, 74054, 64}, },
	  .ov = { } },
	{ .seq = 960, .handle = 0x40000100, .type = 0, .expected_st = 0,
	  .n_in = 2, .n_out = 0,
	  .iv = { {0x2f013978, 64, 74118, 64}, {0x2f00757d, 35, 74182, 35}, },
	  .ov = { } },
	{ .seq = 961, .handle = 0x40000100, .type = 0, .expected_st = 0,
	  .n_in = 2, .n_out = 0,
	  .iv = { {0x2f013978, 64, 74217, 64}, {0x2f00757d, 35, 74281, 35}, },
	  .ov = { } },
	{ .seq = 962, .handle = 0x40000100, .type = 0, .expected_st = 0,
	  .n_in = 2, .n_out = 0,
	  .iv = { {0x2f013970, 64, 74316, 64}, {0x2f0139d4, 4, 74380, 4}, },
	  .ov = { } },
	{ .seq = 963, .handle = 0x40000100, .type = 0, .expected_st = 0,
	  .n_in = 2, .n_out = 0,
	  .iv = { {0x2f013990, 64, 74384, 64}, {0x2f006b29, 151, 74448, 64}, },
	  .ov = { } },
	{ .seq = 964, .handle = 0x40000100, .type = 0, .expected_st = 0,
	  .n_in = 1, .n_out = 1,
	  .iv = { {0x2f0138d0, 64, 74512, 64}, },
	  .ov = { {0x2f013944, 4}, } },
	{ .seq = 965, .handle = 0x40000100, .type = 0, .expected_st = 0,
	  .n_in = 2, .n_out = 0,
	  .iv = { {0x2f0138c8, 64, 74576, 64}, {0x2f013948, 48, 74640, 48}, },
	  .ov = { } },
	{ .seq = 966, .handle = 0x40000100, .type = 0, .expected_st = 0,
	  .n_in = 2, .n_out = 0,
	  .iv = { {0x2f0138c8, 64, 74688, 64}, {0x2f013978, 48, 74752, 48}, },
	  .ov = { } },
	{ .seq = 967, .handle = 0x40000100, .type = 0, .expected_st = 0,
	  .n_in = 1, .n_out = 1,
	  .iv = { {0x2f0138d0, 64, 74800, 64}, },
	  .ov = { {0x2f008140, 48}, } },
	{ .seq = 968, .handle = 0x40000100, .type = 0, .expected_st = 0,
	  .n_in = 1, .n_out = 1,
	  .iv = { {0x2f0138d8, 64, 74864, 64}, },
	  .ov = { {0x2f013944, 4}, } },
	{ .seq = 969, .handle = 0x40000100, .type = 0, .expected_st = 0,
	  .n_in = 1, .n_out = 1,
	  .iv = { {0x2f0138b8, 64, 74928, 64}, },
	  .ov = { {0x2f013960, 28}, } },
	{ .seq = 970, .handle = 0x40000100, .type = 0, .expected_st = 0,
	  .n_in = 2, .n_out = 1,
	  .iv = { {0x2f0138b0, 64, 74992, 64}, {0x2f007fbd, 65, 75056, 64}, },
	  .ov = { {0x2f0081f0, 32}, } },
	{ .seq = 971, .handle = 0x40000100, .type = 0, .expected_st = 0,
	  .n_in = 1, .n_out = 0,
	  .iv = { {0x2f0138b8, 64, 75120, 64}, },
	  .ov = { } },
	{ .seq = 972, .handle = 0x40000100, .type = 0, .expected_st = 0,
	  .n_in = 2, .n_out = 1,
	  .iv = { {0x2f0137a0, 64, 75184, 64}, {0x0, 0, 75248, 0}, },
	  .ov = { {0x2f013818, 48}, } },
	{ .seq = 973, .handle = 0x40000100, .type = 0, .expected_st = 0,
	  .n_in = 1, .n_out = 1,
	  .iv = { {0x2f013648, 64, 75248, 64}, },
	  .ov = { {0x2f0136a0, 4}, } },
	{ .seq = 974, .handle = 0x40000100, .type = 0, .expected_st = 0,
	  .n_in = 2, .n_out = 0,
	  .iv = { {0x2f013640, 64, 75312, 64}, {0x2f008140, 48, 75376, 48}, },
	  .ov = { } },
	{ .seq = 975, .handle = 0x40000100, .type = 0, .expected_st = 0,
	  .n_in = 2, .n_out = 0,
	  .iv = { {0x2f013640, 64, 75424, 64}, {0x2f0136a4, 65, 75488, 64}, },
	  .ov = { } },
	{ .seq = 976, .handle = 0x40000100, .type = 0, .expected_st = 0,
	  .n_in = 1, .n_out = 1,
	  .iv = { {0x2f013648, 64, 75552, 64}, },
	  .ov = { {0x2f013888, 48}, } },
	{ .seq = 977, .handle = 0x40000100, .type = 0, .expected_st = 0,
	  .n_in = 1, .n_out = 1,
	  .iv = { {0x2f013650, 64, 75616, 64}, },
	  .ov = { {0x2f0136a0, 4}, } },
	{ .seq = 978, .handle = 0x40000100, .type = 0, .expected_st = 0,
	  .n_in = 1, .n_out = 1,
	  .iv = { {0x2f013810, 64, 75680, 64}, },
	  .ov = { {0x2f013884, 4}, } },
	{ .seq = 979, .handle = 0x40000100, .type = 0, .expected_st = 0,
	  .n_in = 2, .n_out = 0,
	  .iv = { {0x2f013808, 64, 75744, 64}, {0x2f013888, 48, 75808, 48}, },
	  .ov = { } },
	{ .seq = 980, .handle = 0x40000100, .type = 0, .expected_st = 0,
	  .n_in = 2, .n_out = 0,
	  .iv = { {0x2f013808, 64, 75856, 64}, {0x2f0081f0, 32, 75920, 32}, },
	  .ov = { } },
	{ .seq = 981, .handle = 0x40000100, .type = 0, .expected_st = 0,
	  .n_in = 1, .n_out = 1,
	  .iv = { {0x2f013810, 64, 75952, 64}, },
	  .ov = { {0x2f008140, 48}, } },
	{ .seq = 982, .handle = 0x40000100, .type = 0, .expected_st = 0,
	  .n_in = 1, .n_out = 1,
	  .iv = { {0x2f013818, 64, 76016, 64}, },
	  .ov = { {0x2f013884, 4}, } },
	{ .seq = 983, .handle = 0x40000100, .type = 0, .expected_st = 0,
	  .n_in = 2, .n_out = 1,
	  .iv = { {0x2f013890, 64, 76080, 64}, {0x2f0138ec, 4, 76144, 4}, },
	  .ov = { {0x2f0138ec, 4}, } },
	{ .seq = 984, .handle = 0x40000100, .type = 0, .expected_st = 0,
	  .n_in = 1, .n_out = 2,
	  .iv = { {0x2f013888, 64, 76148, 64}, },
	  .ov = { {0x2f0138ec, 4}, {0x2f013930, 48}, } },
	{ .seq = 985, .handle = 0x40000100, .type = 0, .expected_st = 0,
	  .n_in = 1, .n_out = 1,
	  .iv = { {0x2f0136e0, 64, 76212, 64}, },
	  .ov = { {0x2f013738, 4}, } },
	{ .seq = 986, .handle = 0x40000100, .type = 0, .expected_st = 0,
	  .n_in = 2, .n_out = 0,
	  .iv = { {0x2f0136d8, 64, 76276, 64}, {0x2f008140, 48, 76340, 48}, },
	  .ov = { } },
	{ .seq = 987, .handle = 0x40000100, .type = 0, .expected_st = 0,
	  .n_in = 2, .n_out = 0,
	  .iv = { {0x2f0136d8, 64, 76388, 64}, {0x2f01373c, 70, 76452, 64}, },
	  .ov = { } },
	{ .seq = 988, .handle = 0x40000100, .type = 0, .expected_st = 0,
	  .n_in = 1, .n_out = 1,
	  .iv = { {0x2f0136e0, 64, 76516, 64}, },
	  .ov = { {0x2f008170, 48}, } },
	{ .seq = 989, .handle = 0x40000100, .type = 0, .expected_st = 0,
	  .n_in = 1, .n_out = 1,
	  .iv = { {0x2f0136e8, 64, 76580, 64}, },
	  .ov = { {0x2f013738, 4}, } },
	{ .seq = 990, .handle = 0x40000100, .type = 0, .expected_st = 0,
	  .n_in = 1, .n_out = 1,
	  .iv = { {0x2f0136e0, 64, 76644, 64}, },
	  .ov = { {0x2f013738, 4}, } },
	{ .seq = 991, .handle = 0x40000100, .type = 0, .expected_st = 0,
	  .n_in = 2, .n_out = 0,
	  .iv = { {0x2f0136d8, 64, 76708, 64}, {0x2f008140, 48, 76772, 48}, },
	  .ov = { } },
	{ .seq = 992, .handle = 0x40000100, .type = 0, .expected_st = 0,
	  .n_in = 2, .n_out = 0,
	  .iv = { {0x2f0136d8, 64, 76820, 64}, {0x2f01373c, 70, 76884, 64}, },
	  .ov = { } },
	{ .seq = 993, .handle = 0x40000100, .type = 0, .expected_st = 0,
	  .n_in = 1, .n_out = 1,
	  .iv = { {0x2f0136e0, 64, 76948, 64}, },
	  .ov = { {0x2f0081a0, 48}, } },
	{ .seq = 994, .handle = 0x40000100, .type = 0, .expected_st = 0,
	  .n_in = 1, .n_out = 1,
	  .iv = { {0x2f0136e8, 64, 77012, 64}, },
	  .ov = { {0x2f013738, 4}, } },
	{ .seq = 995, .handle = 0x40000100, .type = 0, .expected_st = 0,
	  .n_in = 1, .n_out = 1,
	  .iv = { {0x2f013710, 64, 77076, 64}, },
	  .ov = { {0x2f013768, 4}, } },
	{ .seq = 996, .handle = 0x40000100, .type = 0, .expected_st = 0,
	  .n_in = 2, .n_out = 0,
	  .iv = { {0x2f013708, 64, 77140, 64}, {0x2f008170, 48, 77204, 48}, },
	  .ov = { } },
	{ .seq = 997, .handle = 0x40000100, .type = 0, .expected_st = 0,
	  .n_in = 2, .n_out = 0,
	  .iv = { {0x2f013708, 64, 77252, 64}, {0x2f01376c, 13, 77316, 13}, },
	  .ov = { } },
	{ .seq = 998, .handle = 0x40000100, .type = 0, .expected_st = 0,
	  .n_in = 1, .n_out = 1,
	  .iv = { {0x2f013710, 64, 77329, 64}, },
	  .ov = { {0x2f013960, 32}, } },
	{ .seq = 999, .handle = 0x40000100, .type = 0, .expected_st = 0,
	  .n_in = 1, .n_out = 1,
	  .iv = { {0x2f013718, 64, 77393, 64}, },
	  .ov = { {0x2f013768, 4}, } },
	{ .seq = 1000, .handle = 0x40000100, .type = 0, .expected_st = 0,
	  .n_in = 1, .n_out = 1,
	  .iv = { {0x2f013710, 64, 77457, 64}, },
	  .ov = { {0x2f013768, 4}, } },
	{ .seq = 1001, .handle = 0x40000100, .type = 0, .expected_st = 0,
	  .n_in = 2, .n_out = 0,
	  .iv = { {0x2f013708, 64, 77521, 64}, {0x2f008170, 48, 77585, 48}, },
	  .ov = { } },
	{ .seq = 1002, .handle = 0x40000100, .type = 0, .expected_st = 0,
	  .n_in = 2, .n_out = 0,
	  .iv = { {0x2f013708, 64, 77633, 64}, {0x2f01376c, 12, 77697, 12}, },
	  .ov = { } },
	{ .seq = 1003, .handle = 0x40000100, .type = 0, .expected_st = 0,
	  .n_in = 1, .n_out = 1,
	  .iv = { {0x2f013710, 64, 77709, 64}, },
	  .ov = { {0x2f0139a0, 12}, } },
	{ .seq = 1004, .handle = 0x40000100, .type = 0, .expected_st = 0,
	  .n_in = 1, .n_out = 1,
	  .iv = { {0x2f013718, 64, 77773, 64}, },
	  .ov = { {0x2f013768, 4}, } },
	{ .seq = 1005, .handle = 0x40000100, .type = 0, .expected_st = 0,
	  .n_in = 1, .n_out = 1,
	  .iv = { {0x2f013710, 64, 77837, 64}, },
	  .ov = { {0x2f013768, 4}, } },
	{ .seq = 1006, .handle = 0x40000100, .type = 0, .expected_st = 0,
	  .n_in = 2, .n_out = 0,
	  .iv = { {0x2f013708, 64, 77901, 64}, {0x2f0081a0, 48, 77965, 48}, },
	  .ov = { } },
	{ .seq = 1007, .handle = 0x40000100, .type = 0, .expected_st = 0,
	  .n_in = 2, .n_out = 0,
	  .iv = { {0x2f013708, 64, 78013, 64}, {0x2f01376c, 13, 78077, 13}, },
	  .ov = { } },
	{ .seq = 1008, .handle = 0x40000100, .type = 0, .expected_st = 0,
	  .n_in = 1, .n_out = 1,
	  .iv = { {0x2f013710, 64, 78090, 64}, },
	  .ov = { {0x2f013980, 32}, } },
	{ .seq = 1009, .handle = 0x40000100, .type = 0, .expected_st = 0,
	  .n_in = 1, .n_out = 1,
	  .iv = { {0x2f013718, 64, 78154, 64}, },
	  .ov = { {0x2f013768, 4}, } },
	{ .seq = 1010, .handle = 0x40000100, .type = 0, .expected_st = 0,
	  .n_in = 1, .n_out = 1,
	  .iv = { {0x2f013710, 64, 78218, 64}, },
	  .ov = { {0x2f013768, 4}, } },
	{ .seq = 1011, .handle = 0x40000100, .type = 0, .expected_st = 0,
	  .n_in = 2, .n_out = 0,
	  .iv = { {0x2f013708, 64, 78282, 64}, {0x2f0081a0, 48, 78346, 48}, },
	  .ov = { } },
	{ .seq = 1012, .handle = 0x40000100, .type = 0, .expected_st = 0,
	  .n_in = 2, .n_out = 0,
	  .iv = { {0x2f013708, 64, 78394, 64}, {0x2f01376c, 12, 78458, 12}, },
	  .ov = { } },
	{ .seq = 1013, .handle = 0x40000100, .type = 0, .expected_st = 0,
	  .n_in = 1, .n_out = 1,
	  .iv = { {0x2f013710, 64, 78470, 64}, },
	  .ov = { {0x2f0139b0, 12}, } },
	{ .seq = 1014, .handle = 0x40000100, .type = 0, .expected_st = 0,
	  .n_in = 1, .n_out = 1,
	  .iv = { {0x2f013718, 64, 78534, 64}, },
	  .ov = { {0x2f013768, 4}, } },
	{ .seq = 1015, .handle = 0x40000100, .type = 0, .expected_st = 0,
	  .n_in = 3, .n_out = 1,
	  .iv = { {0x2f013858, 64, 78598, 64}, {0x2f0138cc, 28, 78662, 28}, {0x2f013960, 32, 78690, 32}, },
	  .ov = { {0x2f008228, 4}, } },
	{ .seq = 1016, .handle = 0x40000100, .type = 0, .expected_st = 0,
	  .n_in = 3, .n_out = 1,
	  .iv = { {0x2f013858, 64, 78722, 64}, {0x2f0138cc, 28, 78786, 28}, {0x2f013980, 32, 78814, 32}, },
	  .ov = { {0x2f00822c, 4}, } },
	{ .seq = 1017, .handle = 0x40000100, .type = 0, .expected_st = 0,
	  .n_in = 3, .n_out = 1,
	  .iv = { {0x2f0138f0, 64, 78846, 64}, {0x2f006b25, 45, 78910, 45}, {0x2f013978, 5, 78955, 5}, },
	  .ov = { {0x2f006b25, 45}, } },
	{ .seq = 1018, .handle = 0x40000100, .type = 0, .expected_st = 0,
	  .n_in = 2, .n_out = 0,
	  .iv = { {0x2f013970, 64, 78960, 64}, {0x2f0139d4, 4, 79024, 4}, },
	  .ov = { } },
	{ .seq = 1019, .handle = 0x40000100, .type = 0, .expected_st = 0,
	  .n_in = 2, .n_out = 0,
	  .iv = { {0x2f013990, 64, 79028, 64}, {0x2f006b29, 24, 79092, 24}, },
	  .ov = { } },
	{ .seq = 1020, .handle = 0x40000100, .type = 0, .expected_st = 0,
	  .n_in = 3, .n_out = 1,
	  .iv = { {0x2f013908, 64, 79116, 64}, {0x2f006b25, 455, 79180, 64}, {0x2f013990, 5, 79244, 5}, },
	  .ov = { {0x2f006b25, 455}, } },
	{ .seq = 1021, .handle = 0x40000100, .type = 0, .expected_st = 0,
	  .n_in = 3, .n_out = 1,
	  .iv = { {0x2f013838, 64, 79249, 64}, {0x2f01389c, 28, 79313, 28}, {0x2f00832c, 65, 79341, 64}, },
	  .ov = { {0x2f013898, 4}, } },
	{ .seq = 1022, .handle = 0x40000100, .type = 0, .expected_st = 0,
	  .n_in = 1, .n_out = 0,
	  .iv = { {0x2f013848, 64, 79405, 64}, },
	  .ov = { } },
	{ .seq = 1023, .handle = 0x40000100, .type = 0, .expected_st = 0,
	  .n_in = 2, .n_out = 1,
	  .iv = { {0x2f013838, 64, 79469, 64}, {0x2f008460, 336, 79533, 64}, },
	  .ov = { {0x2f0138d0, 48}, } },
	{ .seq = 1024, .handle = 0x40000100, .type = 0, .expected_st = 0,
	  .n_in = 3, .n_out = 1,
	  .iv = { {0x2f013798, 64, 79597, 64}, {0x2f013808, 28, 79661, 28}, {0x2f00117c, 65, 79689, 64}, },
	  .ov = { {0x2f013800, 4}, } },
	{ .seq = 1025, .handle = 0x40000100, .type = 0, .expected_st = 0,
	  .n_in = 3, .n_out = 0,
	  .iv = { {0x2f0137a0, 64, 79753, 64}, {0x2f0138d0, 32, 79817, 32}, {0x2f013828, 64, 79849, 64}, },
	  .ov = { } },
	{ .seq = 1026, .handle = 0x40000100, .type = 0, .expected_st = 0,
	  .n_in = 1, .n_out = 0,
	  .iv = { {0x2f0137a8, 64, 79913, 64}, },
	  .ov = { } },
	{ .seq = 1027, .handle = 0x40000100, .type = 0, .expected_st = 0,
	  .n_in = 2, .n_out = 0,
	  .iv = { {0x2f013970, 64, 79977, 64}, {0x2f0139d4, 4, 80041, 4}, },
	  .ov = { } },
	{ .seq = 1028, .handle = 0x40000100, .type = 0, .expected_st = 0,
	  .n_in = 2, .n_out = 0,
	  .iv = { {0x2f013990, 64, 80045, 64}, {0x2f006b29, 434, 80109, 64}, },
	  .ov = { } },
	{ .seq = 1029, .handle = 0x40000100, .type = 0, .expected_st = 0,
	  .n_in = 3, .n_out = 1,
	  .iv = { {0x2f0137c8, 64, 80173, 64}, {0x2f006b25, 95, 80237, 64}, {0x2f013850, 5, 80301, 5}, },
	  .ov = { {0x2f006b25, 95}, } },
	{ .seq = 1030, .handle = 0x40000100, .type = 0, .expected_st = 0,
	  .n_in = 2, .n_out = 1,
	  .iv = { {0x2f013838, 64, 80306, 64}, {0x2f013894, 4, 80370, 4}, },
	  .ov = { {0x2f013894, 4}, } },
	{ .seq = 1031, .handle = 0x40000100, .type = 0, .expected_st = 0,
	  .n_in = 1, .n_out = 2,
	  .iv = { {0x2f013830, 64, 80374, 64}, },
	  .ov = { {0x2f013894, 4}, {0x2f0138d4, 48}, } },
	{ .seq = 1032, .handle = 0x40000100, .type = 0, .expected_st = 0,
	  .n_in = 2, .n_out = 1,
	  .iv = { {0x2f013850, 64, 80438, 64}, {0x2f013934, 146, 80502, 64}, },
	  .ov = { {0x2f013904, 48}, } },
	{ .seq = 1033, .handle = 0x40000100, .type = 0, .expected_st = 0,
	  .n_in = 3, .n_out = 1,
	  .iv = { {0x2f0137b0, 64, 80566, 64}, {0x2f013820, 28, 80630, 28}, {0x2f00832c, 65, 80658, 64}, },
	  .ov = { {0x2f013818, 4}, } },
	{ .seq = 1034, .handle = 0x40000100, .type = 0, .expected_st = 0,
	  .n_in = 3, .n_out = 0,
	  .iv = { {0x2f0137b8, 64, 80722, 64}, {0x2f013904, 32, 80786, 32}, {0x2f013840, 64, 80818, 64}, },
	  .ov = { } },
	{ .seq = 1035, .handle = 0x40000100, .type = 0, .expected_st = 0,
	  .n_in = 1, .n_out = 0,
	  .iv = { {0x2f0137c0, 64, 80882, 64}, },
	  .ov = { } },
	{ .seq = 1036, .handle = 0x40000100, .type = 0, .expected_st = 0,
	  .n_in = 2, .n_out = 0,
	  .iv = { {0x2f013830, 64, 80946, 64}, {0x2f013894, 4, 81010, 4}, },
	  .ov = { } },
	{ .seq = 1037, .handle = 0x40000100, .type = 0, .expected_st = 0,
	  .n_in = 2, .n_out = 0,
	  .iv = { {0x2f013850, 64, 81014, 64}, {0x2f006b29, 74, 81078, 64}, },
	  .ov = { } },
	{ .seq = 1038, .handle = 0x40000100, .type = 0, .expected_st = 0,
	  .n_in = 3, .n_out = 1,
	  .iv = { {0x2f0138e8, 64, 81142, 64}, {0x2f006b25, 69, 81206, 64}, {0x2f013970, 5, 81270, 5}, },
	  .ov = { {0x2f006b25, 69}, } },
	{ .seq = 1039, .handle = 0x40000100, .type = 0, .expected_st = 0,
	  .n_in = 2, .n_out = 1,
	  .iv = { {0x2f0138f8, 64, 81275, 64}, {0x2f013954, 4, 81339, 4}, },
	  .ov = { {0x2f013954, 4}, } },
	{ .seq = 1040, .handle = 0x40000100, .type = 0, .expected_st = 0,
	  .n_in = 1, .n_out = 2,
	  .iv = { {0x2f0138f0, 64, 81343, 64}, },
	  .ov = { {0x2f013954, 4}, {0x2f013980, 48}, } },
	{ .seq = 1041, .handle = 0x40000100, .type = 0, .expected_st = 0,
	  .n_in = 1, .n_out = 1,
	  .iv = { {0x2f013730, 64, 81407, 64}, },
	  .ov = { {0x2f013788, 4}, } },
	{ .seq = 1042, .handle = 0x40000100, .type = 0, .expected_st = 0,
	  .n_in = 2, .n_out = 0,
	  .iv = { {0x2f013728, 64, 81471, 64}, {0x2f0081a0, 48, 81535, 48}, },
	  .ov = { } },
	{ .seq = 1043, .handle = 0x40000100, .type = 0, .expected_st = 0,
	  .n_in = 2, .n_out = 0,
	  .iv = { {0x2f013728, 64, 81583, 64}, {0x2f01378c, 18, 81647, 18}, },
	  .ov = { } },
	{ .seq = 1044, .handle = 0x40000100, .type = 0, .expected_st = 0,
	  .n_in = 1, .n_out = 1,
	  .iv = { {0x2f013730, 64, 81665, 64}, },
	  .ov = { {0x2f013920, 48}, } },
	{ .seq = 1045, .handle = 0x40000100, .type = 0, .expected_st = 0,
	  .n_in = 1, .n_out = 1,
	  .iv = { {0x2f013738, 64, 81729, 64}, },
	  .ov = { {0x2f013788, 4}, } },
	{ .seq = 1046, .handle = 0x40000100, .type = 0, .expected_st = 0,
	  .n_in = 3, .n_out = 1,
	  .iv = { {0x2f013888, 64, 81793, 64}, {0x2f013904, 28, 81857, 28}, {0x2f013920, 48, 81885, 48}, },
	  .ov = { {0x2f013900, 4}, } },
	{ .seq = 1047, .handle = 0x40000100, .type = 0, .expected_st = 0,
	  .n_in = 2, .n_out = 1,
	  .iv = { {0x2f013890, 64, 81933, 64}, {0x2f013980, 48, 81997, 48}, },
	  .ov = { {0x2f00806d, 48}, } },
	{ .seq = 1048, .handle = 0x40000100, .type = 0, .expected_st = 0,
	  .n_in = 1, .n_out = 0,
	  .iv = { {0x2f013898, 64, 82045, 64}, },
	  .ov = { } },
	{ .seq = 1049, .handle = 0x40000100, .type = 0, .expected_st = 0,
	  .n_in = 2, .n_out = 0,
	  .iv = { {0x2f013970, 64, 82109, 64}, {0x2f0139d4, 4, 82173, 4}, },
	  .ov = { } },
	{ .seq = 1050, .handle = 0x40000100, .type = 0, .expected_st = 0,
	  .n_in = 2, .n_out = 0,
	  .iv = { {0x2f013990, 64, 82177, 64}, {0x2f006b29, 48, 82241, 48}, },
	  .ov = { } },
	{ .seq = 1051, .handle = 0x40000100, .type = 0, .expected_st = 0,
	  .n_in = 2, .n_out = 1,
	  .iv = { {0x2f0137a8, 64, 82289, 64}, {0x0, 0, 82353, 0}, },
	  .ov = { {0x2f013820, 48}, } },
	{ .seq = 1052, .handle = 0x40000100, .type = 0, .expected_st = 0,
	  .n_in = 1, .n_out = 1,
	  .iv = { {0x2f013650, 64, 82353, 64}, },
	  .ov = { {0x2f0136a8, 4}, } },
	{ .seq = 1053, .handle = 0x40000100, .type = 0, .expected_st = 0,
	  .n_in = 2, .n_out = 0,
	  .iv = { {0x2f013648, 64, 82417, 64}, {0x2f008140, 48, 82481, 48}, },
	  .ov = { } },
	{ .seq = 1054, .handle = 0x40000100, .type = 0, .expected_st = 0,
	  .n_in = 2, .n_out = 0,
	  .iv = { {0x2f013648, 64, 82529, 64}, {0x2f0136ac, 65, 82593, 64}, },
	  .ov = { } },
	{ .seq = 1055, .handle = 0x40000100, .type = 0, .expected_st = 0,
	  .n_in = 1, .n_out = 1,
	  .iv = { {0x2f013650, 64, 82657, 64}, },
	  .ov = { {0x2f013890, 48}, } },
	{ .seq = 1056, .handle = 0x40000100, .type = 0, .expected_st = 0,
	  .n_in = 1, .n_out = 1,
	  .iv = { {0x2f013658, 64, 82721, 64}, },
	  .ov = { {0x2f0136a8, 4}, } },
	{ .seq = 1057, .handle = 0x40000100, .type = 0, .expected_st = 0,
	  .n_in = 1, .n_out = 1,
	  .iv = { {0x2f013818, 64, 82785, 64}, },
	  .ov = { {0x2f01388c, 4}, } },
	{ .seq = 1058, .handle = 0x40000100, .type = 0, .expected_st = 0,
	  .n_in = 2, .n_out = 0,
	  .iv = { {0x2f013810, 64, 82849, 64}, {0x2f013890, 48, 82913, 48}, },
	  .ov = { } },
	{ .seq = 1059, .handle = 0x40000100, .type = 0, .expected_st = 0,
	  .n_in = 2, .n_out = 0,
	  .iv = { {0x2f013810, 64, 82961, 64}, {0x2f0138c0, 48, 83025, 48}, },
	  .ov = { } },
	{ .seq = 1060, .handle = 0x40000100, .type = 0, .expected_st = 0,
	  .n_in = 1, .n_out = 1,
	  .iv = { {0x2f013818, 64, 83073, 64}, },
	  .ov = { {0x2f008140, 48}, } },
	{ .seq = 1061, .handle = 0x40000100, .type = 0, .expected_st = 0,
	  .n_in = 1, .n_out = 1,
	  .iv = { {0x2f013820, 64, 83137, 64}, },
	  .ov = { {0x2f01388c, 4}, } },
	{ .seq = 1062, .handle = 0x40000100, .type = 0, .expected_st = 0,
	  .n_in = 2, .n_out = 1,
	  .iv = { {0x2f013898, 64, 83201, 64}, {0x2f0138f4, 4, 83265, 4}, },
	  .ov = { {0x2f0138f4, 4}, } },
	{ .seq = 1063, .handle = 0x40000100, .type = 0, .expected_st = 0,
	  .n_in = 1, .n_out = 2,
	  .iv = { {0x2f013890, 64, 83269, 64}, },
	  .ov = { {0x2f0138f4, 4}, {0x2f013930, 48}, } },
	{ .seq = 1064, .handle = 0x40000100, .type = 0, .expected_st = 0,
	  .n_in = 1, .n_out = 1,
	  .iv = { {0x2f0136e8, 64, 83333, 64}, },
	  .ov = { {0x2f013740, 4}, } },
	{ .seq = 1065, .handle = 0x40000100, .type = 0, .expected_st = 0,
	  .n_in = 2, .n_out = 0,
	  .iv = { {0x2f0136e0, 64, 83397, 64}, {0x2f008140, 48, 83461, 48}, },
	  .ov = { } },
	{ .seq = 1066, .handle = 0x40000100, .type = 0, .expected_st = 0,
	  .n_in = 2, .n_out = 0,
	  .iv = { {0x2f0136e0, 64, 83509, 64}, {0x2f013744, 70, 83573, 64}, },
	  .ov = { } },
	{ .seq = 1067, .handle = 0x40000100, .type = 0, .expected_st = 0,
	  .n_in = 1, .n_out = 1,
	  .iv = { {0x2f0136e8, 64, 83637, 64}, },
	  .ov = { {0x2f007e84, 48}, } },
	{ .seq = 1068, .handle = 0x40000100, .type = 0, .expected_st = 0,
	  .n_in = 1, .n_out = 1,
	  .iv = { {0x2f0136f0, 64, 83701, 64}, },
	  .ov = { {0x2f013740, 4}, } },
	{ .seq = 1069, .handle = 0x40000100, .type = 0, .expected_st = 0,
	  .n_in = 1, .n_out = 1,
	  .iv = { {0x2f0136e8, 64, 83765, 64}, },
	  .ov = { {0x2f013740, 4}, } },
	{ .seq = 1070, .handle = 0x40000100, .type = 0, .expected_st = 0,
	  .n_in = 2, .n_out = 0,
	  .iv = { {0x2f0136e0, 64, 83829, 64}, {0x2f008140, 48, 83893, 48}, },
	  .ov = { } },
	{ .seq = 1071, .handle = 0x40000100, .type = 0, .expected_st = 0,
	  .n_in = 2, .n_out = 0,
	  .iv = { {0x2f0136e0, 64, 83941, 64}, {0x2f013744, 70, 84005, 64}, },
	  .ov = { } },
	{ .seq = 1072, .handle = 0x40000100, .type = 0, .expected_st = 0,
	  .n_in = 1, .n_out = 1,
	  .iv = { {0x2f0136e8, 64, 84069, 64}, },
	  .ov = { {0x2f007eb4, 48}, } },
	{ .seq = 1073, .handle = 0x40000100, .type = 0, .expected_st = 0,
	  .n_in = 1, .n_out = 1,
	  .iv = { {0x2f0136f0, 64, 84133, 64}, },
	  .ov = { {0x2f013740, 4}, } },
	{ .seq = 1074, .handle = 0x40000100, .type = 0, .expected_st = 0,
	  .n_in = 1, .n_out = 1,
	  .iv = { {0x2f0136e8, 64, 84197, 64}, },
	  .ov = { {0x2f013740, 4}, } },
	{ .seq = 1075, .handle = 0x40000100, .type = 0, .expected_st = 0,
	  .n_in = 2, .n_out = 0,
	  .iv = { {0x2f0136e0, 64, 84261, 64}, {0x2f008140, 48, 84325, 48}, },
	  .ov = { } },
	{ .seq = 1076, .handle = 0x40000100, .type = 0, .expected_st = 0,
	  .n_in = 2, .n_out = 0,
	  .iv = { {0x2f0136e0, 64, 84373, 64}, {0x2f013744, 68, 84437, 64}, },
	  .ov = { } },
	{ .seq = 1077, .handle = 0x40000100, .type = 0, .expected_st = 0,
	  .n_in = 1, .n_out = 1,
	  .iv = { {0x2f0136e8, 64, 84501, 64}, },
	  .ov = { {0x2f007ee4, 48}, } },
	{ .seq = 1078, .handle = 0x40000100, .type = 0, .expected_st = 0,
	  .n_in = 1, .n_out = 1,
	  .iv = { {0x2f0136f0, 64, 84565, 64}, },
	  .ov = { {0x2f013740, 4}, } },
	{ .seq = 1079, .handle = 0x40000100, .type = 0, .expected_st = 0,
	  .n_in = 1, .n_out = 1,
	  .iv = { {0x2f013718, 64, 84629, 64}, },
	  .ov = { {0x2f013770, 4}, } },
	{ .seq = 1080, .handle = 0x40000100, .type = 0, .expected_st = 0,
	  .n_in = 2, .n_out = 0,
	  .iv = { {0x2f013710, 64, 84693, 64}, {0x2f007e84, 48, 84757, 48}, },
	  .ov = { } },
	{ .seq = 1081, .handle = 0x40000100, .type = 0, .expected_st = 0,
	  .n_in = 2, .n_out = 0,
	  .iv = { {0x2f013710, 64, 84805, 64}, {0x2f013774, 13, 84869, 13}, },
	  .ov = { } },
	{ .seq = 1082, .handle = 0x40000100, .type = 0, .expected_st = 0,
	  .n_in = 1, .n_out = 1,
	  .iv = { {0x2f013718, 64, 84882, 64}, },
	  .ov = { {0x2f013960, 32}, } },
	{ .seq = 1083, .handle = 0x40000100, .type = 0, .expected_st = 0,
	  .n_in = 1, .n_out = 1,
	  .iv = { {0x2f013720, 64, 84946, 64}, },
	  .ov = { {0x2f013770, 4}, } },
	{ .seq = 1084, .handle = 0x40000100, .type = 0, .expected_st = 0,
	  .n_in = 1, .n_out = 1,
	  .iv = { {0x2f013718, 64, 85010, 64}, },
	  .ov = { {0x2f013770, 4}, } },
	{ .seq = 1085, .handle = 0x40000100, .type = 0, .expected_st = 0,
	  .n_in = 2, .n_out = 0,
	  .iv = { {0x2f013710, 64, 85074, 64}, {0x2f007e84, 48, 85138, 48}, },
	  .ov = { } },
	{ .seq = 1086, .handle = 0x40000100, .type = 0, .expected_st = 0,
	  .n_in = 2, .n_out = 0,
	  .iv = { {0x2f013710, 64, 85186, 64}, {0x2f013774, 12, 85250, 12}, },
	  .ov = { } },
	{ .seq = 1087, .handle = 0x40000100, .type = 0, .expected_st = 0,
	  .n_in = 1, .n_out = 1,
	  .iv = { {0x2f013718, 64, 85262, 64}, },
	  .ov = { {0x2f0139a0, 12}, } },
	{ .seq = 1088, .handle = 0x40000100, .type = 0, .expected_st = 0,
	  .n_in = 1, .n_out = 1,
	  .iv = { {0x2f013720, 64, 85326, 64}, },
	  .ov = { {0x2f013770, 4}, } },
	{ .seq = 1089, .handle = 0x40000100, .type = 0, .expected_st = 0,
	  .n_in = 1, .n_out = 1,
	  .iv = { {0x2f013718, 64, 85390, 64}, },
	  .ov = { {0x2f013770, 4}, } },
	{ .seq = 1090, .handle = 0x40000100, .type = 0, .expected_st = 0,
	  .n_in = 2, .n_out = 0,
	  .iv = { {0x2f013710, 64, 85454, 64}, {0x2f007eb4, 48, 85518, 48}, },
	  .ov = { } },
	{ .seq = 1091, .handle = 0x40000100, .type = 0, .expected_st = 0,
	  .n_in = 2, .n_out = 0,
	  .iv = { {0x2f013710, 64, 85566, 64}, {0x2f013774, 13, 85630, 13}, },
	  .ov = { } },
	{ .seq = 1092, .handle = 0x40000100, .type = 0, .expected_st = 0,
	  .n_in = 1, .n_out = 1,
	  .iv = { {0x2f013718, 64, 85643, 64}, },
	  .ov = { {0x2f013980, 32}, } },
	{ .seq = 1093, .handle = 0x40000100, .type = 0, .expected_st = 0,
	  .n_in = 1, .n_out = 1,
	  .iv = { {0x2f013720, 64, 85707, 64}, },
	  .ov = { {0x2f013770, 4}, } },
	{ .seq = 1094, .handle = 0x40000100, .type = 0, .expected_st = 0,
	  .n_in = 1, .n_out = 1,
	  .iv = { {0x2f013718, 64, 85771, 64}, },
	  .ov = { {0x2f013770, 4}, } },
	{ .seq = 1095, .handle = 0x40000100, .type = 0, .expected_st = 0,
	  .n_in = 2, .n_out = 0,
	  .iv = { {0x2f013710, 64, 85835, 64}, {0x2f007eb4, 48, 85899, 48}, },
	  .ov = { } },
	{ .seq = 1096, .handle = 0x40000100, .type = 0, .expected_st = 0,
	  .n_in = 2, .n_out = 0,
	  .iv = { {0x2f013710, 64, 85947, 64}, {0x2f013774, 12, 86011, 12}, },
	  .ov = { } },
	{ .seq = 1097, .handle = 0x40000100, .type = 0, .expected_st = 0,
	  .n_in = 1, .n_out = 1,
	  .iv = { {0x2f013718, 64, 86023, 64}, },
	  .ov = { {0x2f0139b0, 12}, } },
	{ .seq = 1098, .handle = 0x40000100, .type = 0, .expected_st = 0,
	  .n_in = 1, .n_out = 1,
	  .iv = { {0x2f013720, 64, 86087, 64}, },
	  .ov = { {0x2f013770, 4}, } },
	{ .seq = 1099, .handle = 0x40000100, .type = 0, .expected_st = 0,
	  .n_in = 3, .n_out = 1,
	  .iv = { {0x2f013860, 64, 86151, 64}, {0x2f0138d4, 28, 86215, 28}, {0x2f013960, 32, 86243, 32}, },
	  .ov = { {0x2f0087e0, 4}, } },
	{ .seq = 1100, .handle = 0x40000100, .type = 0, .expected_st = 0,
	  .n_in = 3, .n_out = 1,
	  .iv = { {0x2f013860, 64, 86275, 64}, {0x2f0138d4, 28, 86339, 28}, {0x2f013980, 32, 86367, 32}, },
	  .ov = { {0x2f0087e4, 4}, } },
	{ .seq = 1101, .handle = 0x40000100, .type = 0, .expected_st = 0,
	  .n_in = 2, .n_out = 1,
	  .iv = { {0x2f0138f8, 64, 86399, 64}, {0x2f013954, 4, 86463, 4}, },
	  .ov = { {0x2f013954, 4}, } },
	{ .seq = 1102, .handle = 0x40000100, .type = 0, .expected_st = 0,
	  .n_in = 1, .n_out = 2,
	  .iv = { {0x2f0138f0, 64, 86467, 64}, },
	  .ov = { {0x2f013954, 4}, {0x2f013980, 48}, } },
	{ .seq = 1103, .handle = 0x40000100, .type = 0, .expected_st = 0,
	  .n_in = 1, .n_out = 1,
	  .iv = { {0x2f013730, 64, 86531, 64}, },
	  .ov = { {0x2f013788, 4}, } },
	{ .seq = 1104, .handle = 0x40000100, .type = 0, .expected_st = 0,
	  .n_in = 2, .n_out = 0,
	  .iv = { {0x2f013728, 64, 86595, 64}, {0x2f008170, 48, 86659, 48}, },
	  .ov = { } },
	{ .seq = 1105, .handle = 0x40000100, .type = 0, .expected_st = 0,
	  .n_in = 2, .n_out = 0,
	  .iv = { {0x2f013728, 64, 86707, 64}, {0x2f01378c, 18, 86771, 18}, },
	  .ov = { } },
	{ .seq = 1106, .handle = 0x40000100, .type = 0, .expected_st = 0,
	  .n_in = 1, .n_out = 1,
	  .iv = { {0x2f013730, 64, 86789, 64}, },
	  .ov = { {0x2f013920, 48}, } },
	{ .seq = 1107, .handle = 0x40000100, .type = 0, .expected_st = 0,
	  .n_in = 1, .n_out = 1,
	  .iv = { {0x2f013738, 64, 86853, 64}, },
	  .ov = { {0x2f013788, 4}, } },
	{ .seq = 1108, .handle = 0x40000100, .type = 0, .expected_st = 0,
	  .n_in = 3, .n_out = 1,
	  .iv = { {0x2f013888, 64, 86917, 64}, {0x2f013904, 28, 86981, 28}, {0x2f013920, 48, 87009, 48}, },
	  .ov = { {0x2f013900, 4}, } },
	{ .seq = 1109, .handle = 0x40000100, .type = 0, .expected_st = 0,
	  .n_in = 2, .n_out = 1,
	  .iv = { {0x2f013890, 64, 87057, 64}, {0x2f013980, 48, 87121, 48}, },
	  .ov = { {0x2f00806d, 48}, } },
	{ .seq = 1110, .handle = 0x40000100, .type = 0, .expected_st = 0,
	  .n_in = 1, .n_out = 0,
	  .iv = { {0x2f013898, 64, 87169, 64}, },
	  .ov = { } },
	{ .seq = 1111, .handle = 0x40000100, .type = 0, .expected_st = 0,
	  .n_in = 2, .n_out = 0,
	  .iv = { {0x2f013950, 64, 87233, 64}, {0x2f0139b4, 4, 87297, 4}, },
	  .ov = { } },
	{ .seq = 1112, .handle = 0x40000100, .type = 0, .expected_st = 0,
	  .n_in = 2, .n_out = 0,
	  .iv = { {0x2f013970, 64, 87301, 64}, {0x2f007479, 48, 87365, 48}, },
	  .ov = { } },
	{ .seq = 1113, .handle = 0x40000100, .type = 0, .expected_st = 0,
	  .n_in = 3, .n_out = 1,
	  .iv = { {0x2f0138e0, 64, 87413, 64}, {0x2f007475, 64, 87477, 64}, {0x2f013968, 5, 87541, 5}, },
	  .ov = { {0x2f007475, 2336}, } },
	{ .seq = 1114, .handle = 0x40000100, .type = 0, .expected_st = 0,
	  .n_in = 2, .n_out = 1,
	  .iv = { {0x2f013920, 64, 87546, 64}, {0x2f01397c, 4, 87610, 4}, },
	  .ov = { {0x2f01397c, 4}, } },
	{ .seq = 1115, .handle = 0x40000100, .type = 0, .expected_st = 0,
	  .n_in = 1, .n_out = 2,
	  .iv = { {0x2f013918, 64, 87614, 64}, },
	  .ov = { {0x2f01397c, 4}, {0x2f0139a8, 48}, } },
	{ .seq = 1116, .handle = 0x40000100, .type = 0, .expected_st = 0,
	  .n_in = 1, .n_out = 1,
	  .iv = { {0x2f013780, 64, 87678, 64}, },
	  .ov = { {0x2f0137d8, 4}, } },
	{ .seq = 1117, .handle = 0x40000100, .type = 0, .expected_st = 0,
	  .n_in = 2, .n_out = 0,
	  .iv = { {0x2f013778, 64, 87742, 64}, {0x2f008140, 48, 87806, 48}, },
	  .ov = { } },
	{ .seq = 1118, .handle = 0x40000100, .type = 0, .expected_st = 0,
	  .n_in = 2, .n_out = 0,
	  .iv = { {0x2f013778, 64, 87854, 64}, {0x2f0137dc, 68, 87918, 64}, },
	  .ov = { } },
	{ .seq = 1119, .handle = 0x40000100, .type = 0, .expected_st = 0,
	  .n_in = 1, .n_out = 1,
	  .iv = { {0x2f013780, 64, 87982, 64}, },
	  .ov = { {0x2f007f14, 48}, } },
	{ .seq = 1120, .handle = 0x40000100, .type = 0, .expected_st = 0,
	  .n_in = 1, .n_out = 1,
	  .iv = { {0x2f013788, 64, 88046, 64}, },
	  .ov = { {0x2f0137d8, 4}, } },
	{ .seq = 1121, .handle = 0x40000100, .type = 0, .expected_st = 0,
	  .n_in = 3, .n_out = 1,
	  .iv = { {0x2f013788, 64, 88110, 64}, {0x2f0137ec, 28, 88174, 28}, {0x2f0088e4, 65, 88202, 64}, },
	  .ov = { {0x2f0137e8, 4}, } },
	{ .seq = 1122, .handle = 0x40000100, .type = 0, .expected_st = 0,
	  .n_in = 1, .n_out = 0,
	  .iv = { {0x2f013798, 64, 88266, 64}, },
	  .ov = { } },
	{ .seq = 1123, .handle = 0x40000100, .type = 0, .expected_st = 0,
	  .n_in = 1, .n_out = 0,
	  .iv = { {0x2f0138b0, 64, 88330, 64}, },
	  .ov = { } },
	{ .seq = 1124, .handle = 0x40000100, .type = 0, .expected_st = 0,
	  .n_in = 3, .n_out = 1,
	  .iv = { {0x2f013938, 64, 88394, 64}, {0x2f006b25, 250, 88458, 64}, {0x2f0139c0, 5, 88522, 5}, },
	  .ov = { {0x2f006b25, 250}, } },
	{ .seq = 1125, .handle = 0x40000100, .type = 0, .expected_st = 0,
	  .n_in = 3, .n_out = 1,
	  .iv = { {0x2f013938, 64, 88527, 64}, {0x2f006b25, 250, 88591, 64}, {0x2f0139c0, 5, 88655, 5}, },
	  .ov = { {0x2f006b25, 250}, } },
};

const uint32_t replay_num_calls = 1126;
const uint32_t replay_min_addr = 0x2f00117c;
const uint32_t replay_max_addr = 0x2f013aa0;
const uint32_t replay_remap_below = 0x2f006000;
const uint32_t replay_low_base = 0x2f00117c;
const uint32_t replay_low_size = 0x41;
const uint32_t replay_guard_addr = 0x2f006abc;
